[05Dec2025 00:58:47.182] [main/INFO] [cpw.mods.modlauncher.Launcher/MODLAUNCHER]: ModLauncher running: args [--launchTarget, forgeserver, --fml.forgeVersion, 47.4.3, --fml.mcVersion, 1.20.1, --fml.forgeGroup, net.minecraftforge, --fml.mcpVersion, 20230612.114412, nogui]
[05Dec2025 00:58:47.186] [main/INFO] [cpw.mods.modlauncher.Launcher/MODLAUNCHER]: ModLauncher 10.0.9+10.0.9+main.dcd20f30 starting: java version 17.0.17 by Ubuntu; OS Linux arch amd64 version 6.8.0-1030-azure
[05Dec2025 00:58:47.212] [main/DEBUG] [cpw.mods.modlauncher.LaunchServiceHandler/MODLAUNCHER]: Found launch services [fmlclientdev,forgeclient,minecraft,forgegametestserverdev,fmlserveruserdev,fmlclient,fmldatauserdev,forgeserverdev,forgeserveruserdev,forgeclientdev,forgeclientuserdev,forgeserver,forgedatadev,fmlserver,fmlclientuserdev,fmlserverdev,forgedatauserdev,testharness,forgegametestserveruserdev]
[05Dec2025 00:58:47.227] [main/DEBUG] [cpw.mods.modlauncher.NameMappingServiceHandler/MODLAUNCHER]: Found naming services : [srgtomcp]
[05Dec2025 00:58:47.247] [main/DEBUG] [cpw.mods.modlauncher.LaunchPluginHandler/MODLAUNCHER]: Found launch plugins: [mixin,eventbus,slf4jfixer,object_holder_definalize,runtime_enum_extender,capability_token_subclass,accesstransformer,runtimedistcleaner]
[05Dec2025 00:58:47.256] [main/DEBUG] [cpw.mods.modlauncher.TransformationServicesHandler/MODLAUNCHER]: Discovering transformation services
[05Dec2025 00:58:47.265] [main/DEBUG] [net.minecraftforge.fml.loading.FMLPaths/CORE]: Path GAMEDIR is /workspaces/server-de-minecraft/servidor_minecraft
[05Dec2025 00:58:47.266] [main/DEBUG] [net.minecraftforge.fml.loading.FMLPaths/CORE]: Path MODSDIR is /workspaces/server-de-minecraft/servidor_minecraft/mods
[05Dec2025 00:58:47.266] [main/DEBUG] [net.minecraftforge.fml.loading.FMLPaths/CORE]: Path CONFIGDIR is /workspaces/server-de-minecraft/servidor_minecraft/config
[05Dec2025 00:58:47.266] [main/DEBUG] [net.minecraftforge.fml.loading.FMLPaths/CORE]: Path FMLCONFIG is /workspaces/server-de-minecraft/servidor_minecraft/config/fml.toml
[05Dec2025 00:58:48.694] [main/DEBUG] [cpw.mods.modlauncher.TransformationServicesHandler/MODLAUNCHER]: Found additional transformation services from discovery services: [/workspaces/server-de-minecraft/servidor_minecraft/mods/Essential_1-3-10-1_forge_1-20-1.jar]
[05Dec2025 00:58:48.705] [main/INFO] [net.minecraftforge.fml.loading.ImmediateWindowHandler/]: ImmediateWindowProvider not loading because launch target is forgeserver
[05Dec2025 00:58:48.720] [main/DEBUG] [gg.essential.container.loader.stage0.EssentialLoader/]: Found stage1 version 10: file:/workspaces/server-de-minecraft/servidor_minecraft/./essential/loader/stage0/modlauncher/stage1.jar
[05Dec2025 00:58:48.721] [main/DEBUG] [gg.essential.container.loader.stage0.EssentialLoader/]: Found stage1 version 10: union:/workspaces/server-de-minecraft/servidor_minecraft/mods/Essential_1-3-10-1_forge_1-20-1.jar%23169!/gg/essential/loader/stage0/stage1.jar
[05Dec2025 00:58:48.729] [main/INFO] [gg.essential.loader.stage1.EssentialLoaderBase/]: Updating Essential Loader (stage2) version 1.6.6 (0e5a0c2dc3815b0a4d4626f551309cf5) from union:/workspaces/server-de-minecraft/servidor_minecraft/mods/Essential_1-3-10-1_forge_1-20-1.jar%23169!/essential-loader-stage2-modlauncher9-1.6.6.jar
[05Dec2025 00:58:48.733] [main/FATAL] [cpw.mods.modlauncher.TransformationServicesHandler/MODLAUNCHER]: Encountered serious error loading transformation service, expect problems
java.util.ServiceConfigurationError: cpw.mods.modlauncher.api.ITransformationService: Provider gg.essential.container.loader.stage0.EssentialTransformationService could not be instantiated
	at java.util.ServiceLoader.fail(ServiceLoader.java:586) ~[?:?]
	at java.util.ServiceLoader$ProviderImpl.newInstance(ServiceLoader.java:813) ~[?:?]
	at java.util.ServiceLoader$ProviderImpl.get(ServiceLoader.java:729) ~[?:?]
	at cpw.mods.modlauncher.util.ServiceLoaderUtils.lambda$streamWithErrorHandling$0(ServiceLoaderUtils.java:39) ~[modlauncher-10.0.9.jar%2355!/:?]
	at java.util.stream.ReferencePipeline$3$1.accept(ReferencePipeline.java:197) ~[?:?]
	at java.util.ServiceLoader$ProviderSpliterator.tryAdvance(ServiceLoader.java:1499) ~[?:?]
	at java.util.Spliterator.forEachRemaining(Spliterator.java:332) ~[?:?]
	at java.util.stream.AbstractPipeline.copyInto(AbstractPipeline.java:509) ~[?:?]
	at java.util.stream.AbstractPipeline.wrapAndCopyInto(AbstractPipeline.java:499) ~[?:?]
	at java.util.stream.ReduceOps$ReduceOp.evaluateSequential(ReduceOps.java:921) ~[?:?]
	at java.util.stream.AbstractPipeline.evaluate(AbstractPipeline.java:234) ~[?:?]
	at java.util.stream.ReferencePipeline.collect(ReferencePipeline.java:682) ~[?:?]
	at cpw.mods.modlauncher.TransformationServicesHandler.discoverServices(TransformationServicesHandler.java:133) ~[modlauncher-10.0.9.jar%2355!/:?]
	at cpw.mods.modlauncher.Launcher.run(Launcher.java:87) ~[modlauncher-10.0.9.jar%2355!/:?]
	at cpw.mods.modlauncher.Launcher.main(Launcher.java:78) ~[modlauncher-10.0.9.jar%2355!/:?]
	at cpw.mods.modlauncher.BootstrapLaunchConsumer.accept(BootstrapLaunchConsumer.java:26) ~[modlauncher-10.0.9.jar%2355!/:?]
	at cpw.mods.modlauncher.BootstrapLaunchConsumer.accept(BootstrapLaunchConsumer.java:23) ~[modlauncher-10.0.9.jar%2355!/:?]
	at cpw.mods.bootstraplauncher.BootstrapLauncher.main(BootstrapLauncher.java:141) ~[bootstraplauncher-1.1.2.jar:?]
Caused by: java.lang.RuntimeException: java.lang.reflect.InvocationTargetException
	at gg.essential.container.loader.stage0.EssentialTransformationServiceBase.loadStage1OrThrow(EssentialTransformationServiceBase.java:27) ~[?:?]
	at gg.essential.container.loader.stage0.EssentialTransformationServiceBase.lambda$new$0(EssentialTransformationServiceBase.java:20) ~[?:?]
	at gg.essential.container.loader.stage0.util.DelegatingTransformationServiceBase.<init>(DelegatingTransformationServiceBase.java:13) ~[?:?]
	at gg.essential.container.loader.stage0.EssentialTransformationServiceBase.<init>(EssentialTransformationServiceBase.java:20) ~[?:?]
	at gg.essential.container.loader.stage0.EssentialTransformationService.<init>(EssentialTransformationService.java:7) ~[?:?]
	at jdk.internal.reflect.NativeConstructorAccessorImpl.newInstance0(Native Method) ~[?:?]
	at jdk.internal.reflect.NativeConstructorAccessorImpl.newInstance(NativeConstructorAccessorImpl.java:77) ~[?:?]
	at jdk.internal.reflect.DelegatingConstructorAccessorImpl.newInstance(DelegatingConstructorAccessorImpl.java:45) ~[?:?]
	at java.lang.reflect.Constructor.newInstanceWithCaller(Constructor.java:500) ~[?:?]
	at java.lang.reflect.Constructor.newInstance(Constructor.java:481) ~[?:?]
	at java.util.ServiceLoader$ProviderImpl.newInstance(ServiceLoader.java:789) ~[?:?]
	... 16 more
Caused by: java.lang.reflect.InvocationTargetException
	at jdk.internal.reflect.NativeConstructorAccessorImpl.newInstance0(Native Method) ~[?:?]
	at jdk.internal.reflect.NativeConstructorAccessorImpl.newInstance(NativeConstructorAccessorImpl.java:77) ~[?:?]
	at jdk.internal.reflect.DelegatingConstructorAccessorImpl.newInstance(DelegatingConstructorAccessorImpl.java:45) ~[?:?]
	at java.lang.reflect.Constructor.newInstanceWithCaller(Constructor.java:500) ~[?:?]
	at java.lang.reflect.Constructor.newInstance(Constructor.java:481) ~[?:?]
	at gg.essential.container.loader.stage0.EssentialTransformationServiceBase.loadStage1(EssentialTransformationServiceBase.java:47) ~[?:?]
	at gg.essential.container.loader.stage0.EssentialTransformationServiceBase.loadStage1OrThrow(EssentialTransformationServiceBase.java:25) ~[?:?]
	at gg.essential.container.loader.stage0.EssentialTransformationServiceBase.lambda$new$0(EssentialTransformationServiceBase.java:20) ~[?:?]
	at gg.essential.container.loader.stage0.util.DelegatingTransformationServiceBase.<init>(DelegatingTransformationServiceBase.java:13) ~[?:?]
	at gg.essential.container.loader.stage0.EssentialTransformationServiceBase.<init>(EssentialTransformationServiceBase.java:20) ~[?:?]
	at gg.essential.container.loader.stage0.EssentialTransformationService.<init>(EssentialTransformationService.java:7) ~[?:?]
	at jdk.internal.reflect.NativeConstructorAccessorImpl.newInstance0(Native Method) ~[?:?]
	at jdk.internal.reflect.NativeConstructorAccessorImpl.newInstance(NativeConstructorAccessorImpl.java:77) ~[?:?]
	at jdk.internal.reflect.DelegatingConstructorAccessorImpl.newInstance(DelegatingConstructorAccessorImpl.java:45) ~[?:?]
	at java.lang.reflect.Constructor.newInstanceWithCaller(Constructor.java:500) ~[?:?]
	at java.lang.reflect.Constructor.newInstance(Constructor.java:481) ~[?:?]
	at java.util.ServiceLoader$ProviderImpl.newInstance(ServiceLoader.java:789) ~[?:?]
	... 16 more
Caused by: java.lang.NoClassDefFoundError: org/apache/commons/codec/digest/DigestUtils
	at gg.essential.loader.stage1.EssentialLoaderBase.getChecksum(EssentialLoaderBase.java:356) ~[?:?]
	at gg.essential.loader.stage1.EssentialLoaderBase.downloadFile(EssentialLoaderBase.java:473) ~[?:?]
	at gg.essential.loader.stage1.EssentialLoaderBase.doDownload(EssentialLoaderBase.java:326) ~[?:?]
	at gg.essential.loader.stage1.EssentialLoaderBase.load(EssentialLoaderBase.java:176) ~[?:?]
	at gg.essential.loader.stage1.EssentialTransformationServiceBase.<init>(EssentialTransformationServiceBase.java:46) ~[?:?]
	at gg.essential.loader.stage1.EssentialTransformationService.<init>(EssentialTransformationService.java:28) ~[?:?]
	at jdk.internal.reflect.NativeConstructorAccessorImpl.newInstance0(Native Method) ~[?:?]
	at jdk.internal.reflect.NativeConstructorAccessorImpl.newInstance(NativeConstructorAccessorImpl.java:77) ~[?:?]
	at jdk.internal.reflect.DelegatingConstructorAccessorImpl.newInstance(DelegatingConstructorAccessorImpl.java:45) ~[?:?]
	at java.lang.reflect.Constructor.newInstanceWithCaller(Constructor.java:500) ~[?:?]
	at java.lang.reflect.Constructor.newInstance(Constructor.java:481) ~[?:?]
	at gg.essential.container.loader.stage0.EssentialTransformationServiceBase.loadStage1(EssentialTransformationServiceBase.java:47) ~[?:?]
	at gg.essential.container.loader.stage0.EssentialTransformationServiceBase.loadStage1OrThrow(EssentialTransformationServiceBase.java:25) ~[?:?]
	at gg.essential.container.loader.stage0.EssentialTransformationServiceBase.lambda$new$0(EssentialTransformationServiceBase.java:20) ~[?:?]
	at gg.essential.container.loader.stage0.util.DelegatingTransformationServiceBase.<init>(DelegatingTransformationServiceBase.java:13) ~[?:?]
	at gg.essential.container.loader.stage0.EssentialTransformationServiceBase.<init>(EssentialTransformationServiceBase.java:20) ~[?:?]
	at gg.essential.container.loader.stage0.EssentialTransformationService.<init>(EssentialTransformationService.java:7) ~[?:?]
	at jdk.internal.reflect.NativeConstructorAccessorImpl.newInstance0(Native Method) ~[?:?]
	at jdk.internal.reflect.NativeConstructorAccessorImpl.newInstance(NativeConstructorAccessorImpl.java:77) ~[?:?]
	at jdk.internal.reflect.DelegatingConstructorAccessorImpl.newInstance(DelegatingConstructorAccessorImpl.java:45) ~[?:?]
	at java.lang.reflect.Constructor.newInstanceWithCaller(Constructor.java:500) ~[?:?]
	at java.lang.reflect.Constructor.newInstance(Constructor.java:481) ~[?:?]
	at java.util.ServiceLoader$ProviderImpl.newInstance(ServiceLoader.java:789) ~[?:?]
	... 16 more
Caused by: java.lang.ClassNotFoundException: org.apache.commons.codec.digest.DigestUtils
	at java.net.URLClassLoader.findClass(URLClassLoader.java:445) ~[?:?]
	at java.lang.ClassLoader.loadClass(ClassLoader.java:592) ~[?:?]
	at java.lang.ClassLoader.loadClass(ClassLoader.java:525) ~[?:?]
	at gg.essential.loader.stage1.EssentialLoaderBase.getChecksum(EssentialLoaderBase.java:356) ~[?:?]
	at gg.essential.loader.stage1.EssentialLoaderBase.downloadFile(EssentialLoaderBase.java:473) ~[?:?]
	at gg.essential.loader.stage1.EssentialLoaderBase.doDownload(EssentialLoaderBase.java:326) ~[?:?]
	at gg.essential.loader.stage1.EssentialLoaderBase.load(EssentialLoaderBase.java:176) ~[?:?]
	at gg.essential.loader.stage1.EssentialTransformationServiceBase.<init>(EssentialTransformationServiceBase.java:46) ~[?:?]
	at gg.essential.loader.stage1.EssentialTransformationService.<init>(EssentialTransformationService.java:28) ~[?:?]
	at jdk.internal.reflect.NativeConstructorAccessorImpl.newInstance0(Native Method) ~[?:?]
	at jdk.internal.reflect.NativeConstructorAccessorImpl.newInstance(NativeConstructorAccessorImpl.java:77) ~[?:?]
	at jdk.internal.reflect.DelegatingConstructorAccessorImpl.newInstance(DelegatingConstructorAccessorImpl.java:45) ~[?:?]
	at java.lang.reflect.Constructor.newInstanceWithCaller(Constructor.java:500) ~[?:?]
	at java.lang.reflect.Constructor.newInstance(Constructor.java:481) ~[?:?]
	at gg.essential.container.loader.stage0.EssentialTransformationServiceBase.loadStage1(EssentialTransformationServiceBase.java:47) ~[?:?]
	at gg.essential.container.loader.stage0.EssentialTransformationServiceBase.loadStage1OrThrow(EssentialTransformationServiceBase.java:25) ~[?:?]
	at gg.essential.container.loader.stage0.EssentialTransformationServiceBase.lambda$new$0(EssentialTransformationServiceBase.java:20) ~[?:?]
	at gg.essential.container.loader.stage0.util.DelegatingTransformationServiceBase.<init>(DelegatingTransformationServiceBase.java:13) ~[?:?]
	at gg.essential.container.loader.stage0.EssentialTransformationServiceBase.<init>(EssentialTransformationServiceBase.java:20) ~[?:?]
	at gg.essential.container.loader.stage0.EssentialTransformationService.<init>(EssentialTransformationService.java:7) ~[?:?]
	at jdk.internal.reflect.NativeConstructorAccessorImpl.newInstance0(Native Method) ~[?:?]
	at jdk.internal.reflect.NativeConstructorAccessorImpl.newInstance(NativeConstructorAccessorImpl.java:77) ~[?:?]
	at jdk.internal.reflect.DelegatingConstructorAccessorImpl.newInstance(DelegatingConstructorAccessorImpl.java:45) ~[?:?]
	at java.lang.reflect.Constructor.newInstanceWithCaller(Constructor.java:500) ~[?:?]
	at java.lang.reflect.Constructor.newInstance(Constructor.java:481) ~[?:?]
	at java.util.ServiceLoader$ProviderImpl.newInstance(ServiceLoader.java:789) ~[?:?]
	... 16 more
[05Dec2025 00:58:48.752] [main/DEBUG] [cpw.mods.modlauncher.TransformationServicesHandler/MODLAUNCHER]: Found transformer services : [mixin,fml]
[05Dec2025 00:58:48.752] [main/DEBUG] [cpw.mods.modlauncher.TransformationServicesHandler/MODLAUNCHER]: Transformation services loading
[05Dec2025 00:58:48.752] [main/DEBUG] [cpw.mods.modlauncher.TransformationServiceDecorator/MODLAUNCHER]: Loading service mixin
[05Dec2025 00:58:48.753] [main/DEBUG] [cpw.mods.modlauncher.TransformationServiceDecorator/MODLAUNCHER]: Loaded service mixin
[05Dec2025 00:58:48.753] [main/DEBUG] [cpw.mods.modlauncher.TransformationServiceDecorator/MODLAUNCHER]: Loading service fml
[05Dec2025 00:58:48.755] [main/DEBUG] [net.minecraftforge.fml.loading.LauncherVersion/CORE]: Found FMLLauncher version 1.0
[05Dec2025 00:58:48.756] [main/DEBUG] [net.minecraftforge.fml.loading.FMLLoader/CORE]: FML 1.0 loading
[05Dec2025 00:58:48.756] [main/DEBUG] [net.minecraftforge.fml.loading.FMLLoader/CORE]: FML found ModLauncher version : 10.0.9+10.0.9+main.dcd20f30
[05Dec2025 00:58:48.756] [main/DEBUG] [net.minecraftforge.fml.loading.FMLLoader/CORE]: Requesting CoreMods to not apply the fix for ASMAPI.findFirstInstructionBefore by default
[05Dec2025 00:58:48.756] [main/DEBUG] [net.minecraftforge.fml.loading.FMLLoader/CORE]: FML found AccessTransformer version : 8.0.4+66+master.c09db6d7
[05Dec2025 00:58:48.757] [main/DEBUG] [net.minecraftforge.fml.loading.FMLLoader/CORE]: FML found EventBus version : 6.0.5+6.0.5+master.eb8e549b
[05Dec2025 00:58:48.757] [main/DEBUG] [net.minecraftforge.fml.loading.FMLLoader/CORE]: Found Runtime Dist Cleaner
[05Dec2025 00:58:48.760] [main/DEBUG] [net.minecraftforge.coremod.CoreModEngine/]: CoreMods will preserve legacy behavior of ASMAPI.findFirstInstructionBefore for backwards-compatibility
[05Dec2025 00:58:48.761] [main/DEBUG] [net.minecraftforge.fml.loading.FMLLoader/CORE]: FML found CoreMod version : 5.2.4
[05Dec2025 00:58:48.761] [main/DEBUG] [net.minecraftforge.fml.loading.FMLLoader/CORE]: Found ForgeSPI package implementation version 7.0.1+7.0.1+master.d2b38bf6
[05Dec2025 00:58:48.761] [main/DEBUG] [net.minecraftforge.fml.loading.FMLLoader/CORE]: Found ForgeSPI package specification 5
[05Dec2025 00:58:48.761] [main/DEBUG] [cpw.mods.modlauncher.TransformationServiceDecorator/MODLAUNCHER]: Loaded service fml
[05Dec2025 00:58:48.762] [main/DEBUG] [cpw.mods.modlauncher.TransformationServicesHandler/MODLAUNCHER]: Configuring option handling for services
[05Dec2025 00:58:48.770] [main/DEBUG] [cpw.mods.modlauncher.TransformationServicesHandler/MODLAUNCHER]: Transformation services initializing
[05Dec2025 00:58:48.771] [main/DEBUG] [cpw.mods.modlauncher.TransformationServiceDecorator/MODLAUNCHER]: Initializing transformation service mixin
[05Dec2025 00:58:48.786] [main/DEBUG] [mixin/]: MixinService [ModLauncher] was successfully booted in cpw.mods.cl.ModuleClassLoader@7a3d45bd
[05Dec2025 00:58:48.805] [main/INFO] [mixin/]: SpongePowered MIXIN Subsystem Version=0.8.5 Source=union:/workspaces/server-de-minecraft/servidor_minecraft/libraries/org/spongepowered/mixin/0.8.5/mixin-0.8.5.jar%2365!/ Service=ModLauncher Env=SERVER
[05Dec2025 00:58:48.808] [main/DEBUG] [mixin/]: Initialising Mixin Platform Manager
[05Dec2025 00:58:48.808] [main/DEBUG] [mixin/]: Adding mixin platform agents for container ModLauncher Root Container(ModLauncher:4f56a0a2)
[05Dec2025 00:58:48.809] [main/DEBUG] [mixin/]: Instancing new MixinPlatformAgentMinecraftForge for ModLauncher Root Container(ModLauncher:4f56a0a2)
[05Dec2025 00:58:48.809] [main/DEBUG] [mixin/]: MixinPlatformAgentMinecraftForge rejected container ModLauncher Root Container(ModLauncher:4f56a0a2)
[05Dec2025 00:58:48.810] [main/DEBUG] [mixin/]: Instancing new MixinPlatformAgentDefault for ModLauncher Root Container(ModLauncher:4f56a0a2)
[05Dec2025 00:58:48.810] [main/DEBUG] [mixin/]: MixinPlatformAgentDefault accepted container ModLauncher Root Container(ModLauncher:4f56a0a2)
[05Dec2025 00:58:48.814] [main/DEBUG] [cpw.mods.modlauncher.TransformationServiceDecorator/MODLAUNCHER]: Initialized transformation service mixin
[05Dec2025 00:58:48.814] [main/DEBUG] [cpw.mods.modlauncher.TransformationServiceDecorator/MODLAUNCHER]: Initializing transformation service fml
[05Dec2025 00:58:48.814] [main/DEBUG] [net.minecraftforge.fml.loading.FMLServiceProvider/CORE]: Setting up basic FML game directories
[05Dec2025 00:58:48.815] [main/DEBUG] [net.minecraftforge.fml.loading.FMLPaths/CORE]: Path GAMEDIR is /workspaces/server-de-minecraft/servidor_minecraft
[05Dec2025 00:58:48.815] [main/DEBUG] [net.minecraftforge.fml.loading.FMLPaths/CORE]: Path MODSDIR is /workspaces/server-de-minecraft/servidor_minecraft/mods
[05Dec2025 00:58:48.815] [main/DEBUG] [net.minecraftforge.fml.loading.FMLPaths/CORE]: Path CONFIGDIR is /workspaces/server-de-minecraft/servidor_minecraft/config
[05Dec2025 00:58:48.815] [main/DEBUG] [net.minecraftforge.fml.loading.FMLPaths/CORE]: Path FMLCONFIG is /workspaces/server-de-minecraft/servidor_minecraft/config/fml.toml
[05Dec2025 00:58:48.815] [main/DEBUG] [net.minecraftforge.fml.loading.FMLServiceProvider/CORE]: Loading configuration
[05Dec2025 00:58:48.818] [main/DEBUG] [net.minecraftforge.fml.loading.FMLServiceProvider/CORE]: Preparing ModFile
[05Dec2025 00:58:48.822] [main/DEBUG] [net.minecraftforge.fml.loading.FMLServiceProvider/CORE]: Preparing launch handler
[05Dec2025 00:58:48.823] [main/DEBUG] [net.minecraftforge.fml.loading.FMLLoader/CORE]: Using forgeserver as launch service
[05Dec2025 00:58:48.840] [main/DEBUG] [net.minecraftforge.fml.loading.FMLLoader/CORE]: Received command line version data  : VersionInfo[forgeVersion=47.4.3, mcVersion=1.20.1, mcpVersion=20230612.114412, forgeGroup=net.minecraftforge]
[05Dec2025 00:58:48.842] [main/DEBUG] [cpw.mods.modlauncher.TransformationServiceDecorator/MODLAUNCHER]: Initialized transformation service fml
[05Dec2025 00:58:48.843] [main/DEBUG] [cpw.mods.modlauncher.NameMappingServiceHandler/MODLAUNCHER]: Current naming domain is 'srg'
[05Dec2025 00:58:48.843] [main/DEBUG] [cpw.mods.modlauncher.NameMappingServiceHandler/MODLAUNCHER]: Identified name mapping providers {}
[05Dec2025 00:58:48.844] [main/DEBUG] [cpw.mods.modlauncher.TransformationServicesHandler/MODLAUNCHER]: Transformation services begin scanning
[05Dec2025 00:58:48.844] [main/DEBUG] [cpw.mods.modlauncher.TransformationServiceDecorator/MODLAUNCHER]: Beginning scan trigger - transformation service mixin
[05Dec2025 00:58:48.845] [main/DEBUG] [cpw.mods.modlauncher.TransformationServiceDecorator/MODLAUNCHER]: End scan trigger - transformation service mixin
[05Dec2025 00:58:48.845] [main/DEBUG] [cpw.mods.modlauncher.TransformationServiceDecorator/MODLAUNCHER]: Beginning scan trigger - transformation service fml
[05Dec2025 00:58:48.845] [main/DEBUG] [net.minecraftforge.fml.loading.FMLServiceProvider/CORE]: Initiating mod scan
[05Dec2025 00:58:48.855] [main/DEBUG] [net.minecraftforge.fml.loading.moddiscovery.ModListHandler/CORE]: Found mod coordinates from lists: []
[05Dec2025 00:58:48.858] [main/DEBUG] [net.minecraftforge.fml.loading.moddiscovery.ModDiscoverer/CORE]: Found Mod Locators : (mods folder:null),(maven libs:null),(exploded directory:null),(minecraft:null),(userdev classpath:null)
[05Dec2025 00:58:48.859] [main/DEBUG] [net.minecraftforge.fml.loading.moddiscovery.ModDiscoverer/CORE]: Found Dependency Locators : (JarInJar:null)
[05Dec2025 00:58:48.867] [main/DEBUG] [net.minecraftforge.fml.loading.moddiscovery.ModFileParser/LOADING]: Considering mod file candidate /workspaces/server-de-minecraft/servidor_minecraft/mods/AdvancementPlaques-1.20.1-forge-1.6.9.jar
[05Dec2025 00:58:48.914] [main/DEBUG] [net.minecraftforge.fml.loading.moddiscovery.ModFileInfo/LOADING]: Found valid mod file AdvancementPlaques-1.20.1-forge-1.6.9.jar with {advancementplaques} mods - versions {1.6.9}
[05Dec2025 00:58:48.915] [main/DEBUG] [net.minecraftforge.fml.loading.moddiscovery.ModFileParser/LOADING]: Considering mod file candidate /workspaces/server-de-minecraft/servidor_minecraft/mods/AI-Improvements-1.20-0.5.2.jar
[05Dec2025 00:58:48.917] [main/DEBUG] [net.minecraftforge.fml.loading.moddiscovery.ModFileInfo/LOADING]: Found valid mod file AI-Improvements-1.20-0.5.2.jar with {aiimprovements} mods - versions {0.5.2}
[05Dec2025 00:58:48.917] [main/DEBUG] [net.minecraftforge.fml.loading.moddiscovery.ModFileParser/LOADING]: Considering mod file candidate /workspaces/server-de-minecraft/servidor_minecraft/mods/ApothicAttributes-1.20.1-1.3.7.jar
[05Dec2025 00:58:48.918] [main/DEBUG] [net.minecraftforge.fml.loading.moddiscovery.ModFileInfo/LOADING]: Found valid mod file ApothicAttributes-1.20.1-1.3.7.jar with {attributeslib} mods - versions {1.3.7}
[05Dec2025 00:58:48.919] [main/DEBUG] [net.minecraftforge.fml.loading.moddiscovery.ModFileParser/LOADING]: Considering mod file candidate /workspaces/server-de-minecraft/servidor_minecraft/mods/architectury-9.2.14-forge.jar
[05Dec2025 00:58:48.920] [main/DEBUG] [net.minecraftforge.fml.loading.moddiscovery.ModFileInfo/LOADING]: Found valid mod file architectury-9.2.14-forge.jar with {architectury} mods - versions {9.2.14}
[05Dec2025 00:58:48.923] [main/DEBUG] [net.minecraftforge.fml.loading.moddiscovery.ModFileParser/LOADING]: Considering mod file candidate /workspaces/server-de-minecraft/servidor_minecraft/mods/AttributeFix-Forge-1.20.1-21.0.4.jar
[05Dec2025 00:58:48.924] [main/DEBUG] [net.minecraftforge.fml.loading.moddiscovery.ModFileInfo/LOADING]: Found valid mod file AttributeFix-Forge-1.20.1-21.0.4.jar with {attributefix} mods - versions {21.0.4}
[05Dec2025 00:58:48.925] [main/DEBUG] [net.minecraftforge.fml.loading.moddiscovery.ModFileParser/LOADING]: Considering mod file candidate /workspaces/server-de-minecraft/servidor_minecraft/mods/balm-forge-1.20.1-7.3.37-all.jar
[05Dec2025 00:58:48.927] [main/DEBUG] [net.minecraftforge.fml.loading.moddiscovery.ModFileInfo/LOADING]: Found valid mod file balm-forge-1.20.1-7.3.37-all.jar with {balm} mods - versions {7.3.37}
[05Dec2025 00:58:48.928] [main/DEBUG] [net.minecraftforge.fml.loading.moddiscovery.ModFileParser/LOADING]: Considering mod file candidate /workspaces/server-de-minecraft/servidor_minecraft/mods/bettervillage-forge-1.20.1-3.3.1-all.jar
[05Dec2025 00:58:48.929] [main/DEBUG] [net.minecraftforge.fml.loading.moddiscovery.ModFileInfo/LOADING]: Found valid mod file bettervillage-forge-1.20.1-3.3.1-all.jar with {bettervillage} mods - versions {3.3.1}
[05Dec2025 00:58:48.934] [main/DEBUG] [net.minecraftforge.fml.loading.moddiscovery.ModFileParser/LOADING]: Considering mod file candidate /workspaces/server-de-minecraft/servidor_minecraft/mods/Bookshelf-Forge-1.20.1-20.2.13.jar
[05Dec2025 00:58:48.936] [main/DEBUG] [net.minecraftforge.fml.loading.moddiscovery.ModFileInfo/LOADING]: Found valid mod file Bookshelf-Forge-1.20.1-20.2.13.jar with {bookshelf} mods - versions {20.2.13}
[05Dec2025 00:58:48.936] [main/DEBUG] [net.minecraftforge.fml.loading.moddiscovery.ModFileParser/LOADING]: Considering mod file candidate /workspaces/server-de-minecraft/servidor_minecraft/mods/carryon-forge-1.20.1-2.1.2.7.jar
[05Dec2025 00:58:48.938] [main/DEBUG] [net.minecraftforge.fml.loading.moddiscovery.ModFileInfo/LOADING]: Found valid mod file carryon-forge-1.20.1-2.1.2.7.jar with {carryon} mods - versions {2.1.2.7}
[05Dec2025 00:58:48.939] [main/DEBUG] [net.minecraftforge.fml.loading.moddiscovery.ModFileParser/LOADING]: Considering mod file candidate /workspaces/server-de-minecraft/servidor_minecraft/mods/chisels-and-bits-forge-1.4.148.jar
[05Dec2025 00:58:48.940] [main/DEBUG] [net.minecraftforge.fml.loading.moddiscovery.ModFileInfo/LOADING]: Found valid mod file chisels-and-bits-forge-1.4.148.jar with {chiselsandbits} mods - versions {1.4.148}
[05Dec2025 00:58:48.941] [main/DEBUG] [net.minecraftforge.fml.loading.moddiscovery.ModFileParser/LOADING]: Considering mod file candidate /workspaces/server-de-minecraft/servidor_minecraft/mods/cleanswing-1.20-1.8.jar
[05Dec2025 00:58:48.942] [main/DEBUG] [net.minecraftforge.fml.loading.moddiscovery.ModFileInfo/LOADING]: Found valid mod file cleanswing-1.20-1.8.jar with {cleanswing} mods - versions {1.8}
[05Dec2025 00:58:48.943] [main/DEBUG] [net.minecraftforge.fml.loading.moddiscovery.ModFileParser/LOADING]: Considering mod file candidate /workspaces/server-de-minecraft/servidor_minecraft/mods/cloth-config-11.1.136-forge.jar
[05Dec2025 00:58:48.944] [main/DEBUG] [net.minecraftforge.fml.loading.moddiscovery.ModFileInfo/LOADING]: Found valid mod file cloth-config-11.1.136-forge.jar with {cloth_config} mods - versions {11.1.136}
[05Dec2025 00:58:48.945] [main/DEBUG] [net.minecraftforge.fml.loading.moddiscovery.ModFileParser/LOADING]: Considering mod file candidate /workspaces/server-de-minecraft/servidor_minecraft/mods/Clumps-forge-1.20.1-12.0.0.4.jar
[05Dec2025 00:58:48.946] [main/DEBUG] [net.minecraftforge.fml.loading.moddiscovery.ModFileInfo/LOADING]: Found valid mod file Clumps-forge-1.20.1-12.0.0.4.jar with {clumps} mods - versions {12.0.0.4}
[05Dec2025 00:58:48.948] [main/DEBUG] [net.minecraftforge.fml.loading.moddiscovery.ModFileParser/LOADING]: Considering mod file candidate /workspaces/server-de-minecraft/servidor_minecraft/mods/configured-forge-1.20.1-2.2.3.jar
[05Dec2025 00:58:48.950] [main/DEBUG] [net.minecraftforge.fml.loading.moddiscovery.ModFileInfo/LOADING]: Found valid mod file configured-forge-1.20.1-2.2.3.jar with {configured} mods - versions {2.2.3}
[05Dec2025 00:58:48.952] [main/DEBUG] [net.minecraftforge.fml.loading.moddiscovery.ModFileParser/LOADING]: Considering mod file candidate /workspaces/server-de-minecraft/servidor_minecraft/mods/cosmeticarmorreworked-1.20.1-v1a.jar
[05Dec2025 00:58:48.953] [main/DEBUG] [net.minecraftforge.fml.loading.moddiscovery.ModFileInfo/LOADING]: Found valid mod file cosmeticarmorreworked-1.20.1-v1a.jar with {cosmeticarmorreworked} mods - versions {1.20.1-v1a}
[05Dec2025 00:58:48.954] [main/DEBUG] [net.minecraftforge.fml.loading.moddiscovery.ModFileParser/LOADING]: Considering mod file candidate /workspaces/server-de-minecraft/servidor_minecraft/mods/craftingtweaks-forge-1.20.1-18.2.6.jar
[05Dec2025 00:58:48.955] [main/DEBUG] [net.minecraftforge.fml.loading.moddiscovery.ModFileInfo/LOADING]: Found valid mod file craftingtweaks-forge-1.20.1-18.2.6.jar with {craftingtweaks} mods - versions {18.2.6}
[05Dec2025 00:58:48.956] [main/DEBUG] [net.minecraftforge.fml.loading.moddiscovery.ModFileParser/LOADING]: Considering mod file candidate /workspaces/server-de-minecraft/servidor_minecraft/mods/CreativeCore_FORGE_v2.12.32_mc1.20.1.jar
[05Dec2025 00:58:48.956] [main/DEBUG] [net.minecraftforge.fml.loading.moddiscovery.ModFileInfo/LOADING]: Found valid mod file CreativeCore_FORGE_v2.12.32_mc1.20.1.jar with {creativecore} mods - versions {2.12.32}
[05Dec2025 00:58:48.957] [main/DEBUG] [net.minecraftforge.fml.loading.moddiscovery.ModFileParser/LOADING]: Considering mod file candidate /workspaces/server-de-minecraft/servidor_minecraft/mods/curios-forge-5.14.1+1.20.1.jar
[05Dec2025 00:58:48.958] [main/DEBUG] [net.minecraftforge.fml.loading.moddiscovery.ModFileInfo/LOADING]: Found valid mod file curios-forge-5.14.1+1.20.1.jar with {curios} mods - versions {5.14.1+1.20.1}
[05Dec2025 00:58:48.959] [main/DEBUG] [net.minecraftforge.fml.loading.moddiscovery.ModFileParser/LOADING]: Considering mod file candidate /workspaces/server-de-minecraft/servidor_minecraft/mods/dummmmmmy-1.20-2.0.9.jar
[05Dec2025 00:58:48.960] [main/DEBUG] [net.minecraftforge.fml.loading.moddiscovery.ModFileInfo/LOADING]: Found valid mod file dummmmmmy-1.20-2.0.9.jar with {dummmmmmy} mods - versions {1.20-2.0.9}
[05Dec2025 00:58:48.961] [main/DEBUG] [net.minecraftforge.fml.loading.moddiscovery.ModFileParser/LOADING]: Considering mod file candidate /workspaces/server-de-minecraft/servidor_minecraft/mods/FastFurnace-1.20.1-8.0.2.jar
[05Dec2025 00:58:48.962] [main/DEBUG] [net.minecraftforge.fml.loading.moddiscovery.ModFileInfo/LOADING]: Found valid mod file FastFurnace-1.20.1-8.0.2.jar with {fastfurnace} mods - versions {8.0.2}
[05Dec2025 00:58:48.962] [main/DEBUG] [net.minecraftforge.fml.loading.moddiscovery.ModFileParser/LOADING]: Considering mod file candidate /workspaces/server-de-minecraft/servidor_minecraft/mods/FastLeafDecay-32.jar
[05Dec2025 00:58:48.963] [main/DEBUG] [net.minecraftforge.fml.loading.moddiscovery.ModFileInfo/LOADING]: Found valid mod file FastLeafDecay-32.jar with {fastleafdecay} mods - versions {32}
[05Dec2025 00:58:48.964] [main/DEBUG] [net.minecraftforge.fml.loading.moddiscovery.ModFileParser/LOADING]: Considering mod file candidate /workspaces/server-de-minecraft/servidor_minecraft/mods/Fastload-Reforged-mc1.20.1-3.4.0.jar
[05Dec2025 00:58:48.965] [main/DEBUG] [net.minecraftforge.fml.loading.moddiscovery.ModFileInfo/LOADING]: Found valid mod file Fastload-Reforged-mc1.20.1-3.4.0.jar with {fastload} mods - versions {3.4.0}
[05Dec2025 00:58:48.965] [main/DEBUG] [net.minecraftforge.fml.loading.moddiscovery.ModFileParser/LOADING]: Considering mod file candidate /workspaces/server-de-minecraft/servidor_minecraft/mods/FastWorkbench-1.20.1-8.0.4.jar
[05Dec2025 00:58:48.966] [main/DEBUG] [net.minecraftforge.fml.loading.moddiscovery.ModFileInfo/LOADING]: Found valid mod file FastWorkbench-1.20.1-8.0.4.jar with {fastbench} mods - versions {8.0.4}
[05Dec2025 00:58:48.969] [main/DEBUG] [net.minecraftforge.fml.loading.moddiscovery.ModFileParser/LOADING]: Considering mod file candidate /workspaces/server-de-minecraft/servidor_minecraft/mods/ferritecore-6.0.1-forge.jar
[05Dec2025 00:58:48.970] [main/DEBUG] [net.minecraftforge.fml.loading.moddiscovery.ModFileInfo/LOADING]: Found valid mod file ferritecore-6.0.1-forge.jar with {ferritecore} mods - versions {6.0.1}
[05Dec2025 00:58:48.973] [main/DEBUG] [net.minecraftforge.fml.loading.moddiscovery.ModFileParser/LOADING]: Considering mod file candidate /workspaces/server-de-minecraft/servidor_minecraft/mods/framework-forge-1.20.1-0.7.15.jar
[05Dec2025 00:58:48.973] [main/DEBUG] [net.minecraftforge.fml.loading.moddiscovery.ModFileInfo/LOADING]: Found valid mod file framework-forge-1.20.1-0.7.15.jar with {framework} mods - versions {0.7.15}
[05Dec2025 00:58:48.974] [main/DEBUG] [net.minecraftforge.fml.loading.moddiscovery.ModFileParser/LOADING]: Considering mod file candidate /workspaces/server-de-minecraft/servidor_minecraft/mods/GatewaysToEternity-1.20.1-4.2.6.jar
[05Dec2025 00:58:48.974] [main/DEBUG] [net.minecraftforge.fml.loading.moddiscovery.ModFileInfo/LOADING]: Found valid mod file GatewaysToEternity-1.20.1-4.2.6.jar with {gateways} mods - versions {4.2.6}
[05Dec2025 00:58:48.975] [main/DEBUG] [net.minecraftforge.fml.loading.moddiscovery.ModFileParser/LOADING]: Considering mod file candidate /workspaces/server-de-minecraft/servidor_minecraft/mods/geckolib-forge-1.20.1-4.7.2.jar
[05Dec2025 00:58:48.976] [main/DEBUG] [net.minecraftforge.fml.loading.moddiscovery.ModFileInfo/LOADING]: Found valid mod file geckolib-forge-1.20.1-4.7.2.jar with {geckolib} mods - versions {4.7.2}
[05Dec2025 00:58:48.976] [main/DEBUG] [net.minecraftforge.fml.loading.moddiscovery.ModFileParser/LOADING]: Considering mod file candidate /workspaces/server-de-minecraft/servidor_minecraft/mods/gravestone-forge-1.20.1-1.0.35.jar
[05Dec2025 00:58:48.977] [main/DEBUG] [net.minecraftforge.fml.loading.moddiscovery.ModFileInfo/LOADING]: Found valid mod file gravestone-forge-1.20.1-1.0.35.jar with {gravestone} mods - versions {1.20.1-1.0.35}
[05Dec2025 00:58:48.978] [main/DEBUG] [net.minecraftforge.fml.loading.moddiscovery.ModFileParser/LOADING]: Considering mod file candidate /workspaces/server-de-minecraft/servidor_minecraft/mods/Highlighter-1.20.1-forge-1.1.9.jar
[05Dec2025 00:58:48.978] [main/DEBUG] [net.minecraftforge.fml.loading.moddiscovery.ModFileInfo/LOADING]: Found valid mod file Highlighter-1.20.1-forge-1.1.9.jar with {highlighter} mods - versions {1.1.9}
[05Dec2025 00:58:48.979] [main/DEBUG] [net.minecraftforge.fml.loading.moddiscovery.ModFileParser/LOADING]: Considering mod file candidate /workspaces/server-de-minecraft/servidor_minecraft/mods/Iceberg-1.20.1-forge-1.1.25.jar
[05Dec2025 00:58:48.980] [main/DEBUG] [net.minecraftforge.fml.loading.moddiscovery.ModFileInfo/LOADING]: Found valid mod file Iceberg-1.20.1-forge-1.1.25.jar with {iceberg} mods - versions {1.1.25}
[05Dec2025 00:58:48.980] [main/DEBUG] [net.minecraftforge.fml.loading.moddiscovery.ModFileParser/LOADING]: Considering mod file candidate /workspaces/server-de-minecraft/servidor_minecraft/mods/incontrol-1.20-9.4.1.jar
[05Dec2025 00:58:48.981] [main/DEBUG] [net.minecraftforge.fml.loading.moddiscovery.ModFileInfo/LOADING]: Found valid mod file incontrol-1.20-9.4.1.jar with {incontrol} mods - versions {1.20-9.4.1}
[05Dec2025 00:58:48.982] [main/DEBUG] [net.minecraftforge.fml.loading.moddiscovery.ModFileParser/LOADING]: Considering mod file candidate /workspaces/server-de-minecraft/servidor_minecraft/mods/inventorysorter-1.20.1-23.0.11.jar
[05Dec2025 00:58:48.982] [main/DEBUG] [net.minecraftforge.fml.loading.moddiscovery.ModFileInfo/LOADING]: Found valid mod file inventorysorter-1.20.1-23.0.11.jar with {inventorysorter} mods - versions {23.0.11}
[05Dec2025 00:58:48.983] [main/DEBUG] [net.minecraftforge.fml.loading.moddiscovery.ModFileParser/LOADING]: Considering mod file candidate /workspaces/server-de-minecraft/servidor_minecraft/mods/ironchest-1.20.1-14.4.4.jar
[05Dec2025 00:58:48.984] [main/DEBUG] [net.minecraftforge.fml.loading.moddiscovery.ModFileInfo/LOADING]: Found valid mod file ironchest-1.20.1-14.4.4.jar with {ironchest} mods - versions {1.20.1-14.4.4}
[05Dec2025 00:58:48.985] [main/DEBUG] [net.minecraftforge.fml.loading.moddiscovery.ModFileParser/LOADING]: Considering mod file candidate /workspaces/server-de-minecraft/servidor_minecraft/mods/ironfurnaces-1.20.1-4.1.6.jar
[05Dec2025 00:58:48.986] [main/DEBUG] [net.minecraftforge.fml.loading.moddiscovery.ModFileInfo/LOADING]: Found valid mod file ironfurnaces-1.20.1-4.1.6.jar with {ironfurnaces} mods - versions {4.1.6}
[05Dec2025 00:58:48.987] [main/DEBUG] [net.minecraftforge.fml.loading.moddiscovery.ModFileParser/LOADING]: Considering mod file candidate /workspaces/server-de-minecraft/servidor_minecraft/mods/Jade-1.20.1-Forge-11.13.2.jar
[05Dec2025 00:58:48.988] [main/DEBUG] [net.minecraftforge.fml.loading.moddiscovery.ModFileInfo/LOADING]: Found valid mod file Jade-1.20.1-Forge-11.13.2.jar with {jade} mods - versions {11.13.2+forge}
[05Dec2025 00:58:48.989] [main/DEBUG] [net.minecraftforge.fml.loading.moddiscovery.ModFileParser/LOADING]: Considering mod file candidate /workspaces/server-de-minecraft/servidor_minecraft/mods/jei-1.20.1-forge-15.20.0.106.jar
[05Dec2025 00:58:48.990] [main/DEBUG] [net.minecraftforge.fml.loading.moddiscovery.ModFileInfo/LOADING]: Found valid mod file jei-1.20.1-forge-15.20.0.106.jar with {jei} mods - versions {15.20.0.106}
[05Dec2025 00:58:48.991] [main/DEBUG] [net.minecraftforge.fml.loading.moddiscovery.ModFileParser/LOADING]: Considering mod file candidate /workspaces/server-de-minecraft/servidor_minecraft/mods/jeiintegration_1.20.1-10.0.0.jar
[05Dec2025 00:58:48.992] [main/DEBUG] [net.minecraftforge.fml.loading.moddiscovery.ModFileInfo/LOADING]: Found valid mod file jeiintegration_1.20.1-10.0.0.jar with {jeiintegration} mods - versions {10.0.0}
[05Dec2025 00:58:48.996] [main/DEBUG] [net.minecraftforge.fml.loading.moddiscovery.ModFileParser/LOADING]: Considering mod file candidate /workspaces/server-de-minecraft/servidor_minecraft/mods/JujutsuCraft-ver44.3-forge-1.20.1.jar
[05Dec2025 00:58:48.997] [main/DEBUG] [net.minecraftforge.fml.loading.moddiscovery.ModFileInfo/LOADING]: Found valid mod file JujutsuCraft-ver44.3-forge-1.20.1.jar with {jujutsucraft} mods - versions {44.2}
[05Dec2025 00:58:48.997] [main/DEBUG] [net.minecraftforge.fml.loading.moddiscovery.ModFileParser/LOADING]: Considering mod file candidate /workspaces/server-de-minecraft/servidor_minecraft/mods/JustEnoughResources-1.20.1-1.4.0.247.jar
[05Dec2025 00:58:48.998] [main/DEBUG] [net.minecraftforge.fml.loading.moddiscovery.ModFileInfo/LOADING]: Found valid mod file JustEnoughResources-1.20.1-1.4.0.247.jar with {jeresources} mods - versions {1.4.0.247}
[05Dec2025 00:58:48.999] [main/DEBUG] [net.minecraftforge.fml.loading.moddiscovery.ModFileParser/LOADING]: Considering mod file candidate /workspaces/server-de-minecraft/servidor_minecraft/mods/libraryferret-forge-1.20.1-4.0.0.jar
[05Dec2025 00:58:48.999] [main/DEBUG] [net.minecraftforge.fml.loading.moddiscovery.ModFileInfo/LOADING]: Found valid mod file libraryferret-forge-1.20.1-4.0.0.jar with {libraryferret} mods - versions {4.0.0}
[05Dec2025 00:58:49.000] [main/DEBUG] [net.minecraftforge.fml.loading.moddiscovery.ModFileParser/LOADING]: Considering mod file candidate /workspaces/server-de-minecraft/servidor_minecraft/mods/lootr-forge-1.20-0.7.35.93.jar
[05Dec2025 00:58:49.002] [main/DEBUG] [net.minecraftforge.fml.loading.moddiscovery.ModFileInfo/LOADING]: Found valid mod file lootr-forge-1.20-0.7.35.93.jar with {lootr} mods - versions {0.7.35.92}
[05Dec2025 00:58:49.003] [main/DEBUG] [net.minecraftforge.fml.loading.moddiscovery.ModFileParser/LOADING]: Considering mod file candidate /workspaces/server-de-minecraft/servidor_minecraft/mods/lostcities-1.20-7.4.5.jar
[05Dec2025 00:58:49.004] [main/DEBUG] [net.minecraftforge.fml.loading.moddiscovery.ModFileInfo/LOADING]: Found valid mod file lostcities-1.20-7.4.5.jar with {lostcities} mods - versions {1.20-7.4.5}
[05Dec2025 00:58:49.007] [main/DEBUG] [net.minecraftforge.fml.loading.moddiscovery.ModFileParser/LOADING]: Considering mod file candidate /workspaces/server-de-minecraft/servidor_minecraft/mods/MaxHealthFix-Forge-1.20.1-12.0.3.jar
[05Dec2025 00:58:49.008] [main/DEBUG] [net.minecraftforge.fml.loading.moddiscovery.ModFileInfo/LOADING]: Found valid mod file MaxHealthFix-Forge-1.20.1-12.0.3.jar with {maxhealthfix} mods - versions {12.0.3}
[05Dec2025 00:58:49.008] [main/DEBUG] [net.minecraftforge.fml.loading.moddiscovery.ModFileParser/LOADING]: Considering mod file candidate /workspaces/server-de-minecraft/servidor_minecraft/mods/modernfix-forge-5.25.1+mc1.20.1.jar
[05Dec2025 00:58:49.010] [main/DEBUG] [net.minecraftforge.fml.loading.moddiscovery.ModFileInfo/LOADING]: Found valid mod file modernfix-forge-5.25.1+mc1.20.1.jar with {modernfix} mods - versions {5.25.1+mc1.20.1}
[05Dec2025 00:58:49.011] [main/DEBUG] [net.minecraftforge.fml.loading.moddiscovery.ModFileParser/LOADING]: Considering mod file candidate /workspaces/server-de-minecraft/servidor_minecraft/mods/moonlight-1.20-2.16.16-forge.jar
[05Dec2025 00:58:49.013] [main/DEBUG] [net.minecraftforge.fml.loading.moddiscovery.ModFileInfo/LOADING]: Found valid mod file moonlight-1.20-2.16.16-forge.jar with {moonlight} mods - versions {1.20-2.16.16}
[05Dec2025 00:58:49.014] [main/DEBUG] [net.minecraftforge.fml.loading.moddiscovery.ModFileParser/LOADING]: Considering mod file candidate /workspaces/server-de-minecraft/servidor_minecraft/mods/mutil-1.20.1-6.2.0.jar
[05Dec2025 00:58:49.014] [main/DEBUG] [net.minecraftforge.fml.loading.moddiscovery.ModFileInfo/LOADING]: Found valid mod file mutil-1.20.1-6.2.0.jar with {mutil} mods - versions {6.2.0}
[05Dec2025 00:58:49.015] [main/DEBUG] [net.minecraftforge.fml.loading.moddiscovery.ModFileParser/LOADING]: Considering mod file candidate /workspaces/server-de-minecraft/servidor_minecraft/mods/NaturesCompass-1.20.1-1.11.2-forge.jar
[05Dec2025 00:58:49.015] [main/DEBUG] [net.minecraftforge.fml.loading.moddiscovery.ModFileInfo/LOADING]: Found valid mod file NaturesCompass-1.20.1-1.11.2-forge.jar with {naturescompass} mods - versions {1.20.1-1.11.2-forge}
[05Dec2025 00:58:49.016] [main/DEBUG] [net.minecraftforge.fml.loading.moddiscovery.ModFileParser/LOADING]: Considering mod file candidate /workspaces/server-de-minecraft/servidor_minecraft/mods/netherportalfix-forge-1.20-13.0.1.jar
[05Dec2025 00:58:49.016] [main/DEBUG] [net.minecraftforge.fml.loading.moddiscovery.ModFileInfo/LOADING]: Found valid mod file netherportalfix-forge-1.20-13.0.1.jar with {netherportalfix} mods - versions {13.0.1}
[05Dec2025 00:58:49.017] [main/DEBUG] [net.minecraftforge.fml.loading.moddiscovery.ModFileParser/LOADING]: Considering mod file candidate /workspaces/server-de-minecraft/servidor_minecraft/mods/ParCool-1.20.1-3.4.1.5.jar
[05Dec2025 00:58:49.018] [main/DEBUG] [net.minecraftforge.fml.loading.moddiscovery.ModFileInfo/LOADING]: Found valid mod file ParCool-1.20.1-3.4.1.5.jar with {parcool} mods - versions {3.4.1.5}
[05Dec2025 00:58:49.019] [main/DEBUG] [net.minecraftforge.fml.loading.moddiscovery.ModFileParser/LOADING]: Considering mod file candidate /workspaces/server-de-minecraft/servidor_minecraft/mods/Placebo-1.20.1-8.6.3.jar
[05Dec2025 00:58:49.019] [main/DEBUG] [net.minecraftforge.fml.loading.moddiscovery.ModFileInfo/LOADING]: Found valid mod file Placebo-1.20.1-8.6.3.jar with {placebo} mods - versions {8.6.3}
[05Dec2025 00:58:49.020] [main/DEBUG] [net.minecraftforge.fml.loading.moddiscovery.ModFileParser/LOADING]: Considering mod file candidate /workspaces/server-de-minecraft/servidor_minecraft/mods/player-animation-lib-forge-1.0.2-rc1+1.20.jar
[05Dec2025 00:58:49.020] [main/DEBUG] [net.minecraftforge.fml.loading.moddiscovery.ModFileInfo/LOADING]: Found valid mod file player-animation-lib-forge-1.0.2-rc1+1.20.jar with {playeranimator} mods - versions {1.0.2-rc1+1.20}
[05Dec2025 00:58:49.021] [main/DEBUG] [net.minecraftforge.fml.loading.moddiscovery.ModFileParser/LOADING]: Considering mod file candidate /workspaces/server-de-minecraft/servidor_minecraft/mods/polymorph-forge-0.49.10+1.20.1.jar
[05Dec2025 00:58:49.022] [main/DEBUG] [net.minecraftforge.fml.loading.moddiscovery.ModFileInfo/LOADING]: Found valid mod file polymorph-forge-0.49.10+1.20.1.jar with {polymorph} mods - versions {0.49.10+1.20.1}
[05Dec2025 00:58:49.022] [main/DEBUG] [net.minecraftforge.fml.loading.moddiscovery.ModFileParser/LOADING]: Considering mod file candidate /workspaces/server-de-minecraft/servidor_minecraft/mods/Prism-1.20.1-forge-1.0.5.jar
[05Dec2025 00:58:49.023] [main/DEBUG] [net.minecraftforge.fml.loading.moddiscovery.ModFileInfo/LOADING]: Found valid mod file Prism-1.20.1-forge-1.0.5.jar with {prism} mods - versions {1.0.5}
[05Dec2025 00:58:49.024] [main/DEBUG] [net.minecraftforge.fml.loading.moddiscovery.ModFileParser/LOADING]: Considering mod file candidate /workspaces/server-de-minecraft/servidor_minecraft/mods/reap-1.20.1-1.0.2.jar
[05Dec2025 00:58:49.024] [main/DEBUG] [net.minecraftforge.fml.loading.moddiscovery.ModFileInfo/LOADING]: Found valid mod file reap-1.20.1-1.0.2.jar with {reap} mods - versions {1.20.1-1.0.2}
[05Dec2025 00:58:49.025] [main/DEBUG] [net.minecraftforge.fml.loading.moddiscovery.ModFileParser/LOADING]: Considering mod file candidate /workspaces/server-de-minecraft/servidor_minecraft/mods/Searchables-forge-1.20.1-1.0.3.jar
[05Dec2025 00:58:49.026] [main/DEBUG] [net.minecraftforge.fml.loading.moddiscovery.ModFileInfo/LOADING]: Found valid mod file Searchables-forge-1.20.1-1.0.3.jar with {searchables} mods - versions {1.0.3}
[05Dec2025 00:58:49.026] [main/DEBUG] [net.minecraftforge.fml.loading.moddiscovery.ModFileParser/LOADING]: Considering mod file candidate /workspaces/server-de-minecraft/servidor_minecraft/mods/Shrines-1.20.1-6.0.2.jar
[05Dec2025 00:58:49.027] [main/DEBUG] [net.minecraftforge.fml.loading.moddiscovery.ModFileInfo/LOADING]: Found valid mod file Shrines-1.20.1-6.0.2.jar with {shrines} mods - versions {1.20.1-6.0.2}
[05Dec2025 00:58:49.027] [main/DEBUG] [net.minecraftforge.fml.loading.moddiscovery.ModFileParser/LOADING]: Considering mod file candidate /workspaces/server-de-minecraft/servidor_minecraft/mods/sit-1.20.1-1.3.5.jar
[05Dec2025 00:58:49.028] [main/DEBUG] [net.minecraftforge.fml.loading.moddiscovery.ModFileInfo/LOADING]: Found valid mod file sit-1.20.1-1.3.5.jar with {sit} mods - versions {1.3.5}
[05Dec2025 00:58:49.034] [main/DEBUG] [net.minecraftforge.fml.loading.moddiscovery.ModFileParser/LOADING]: Considering mod file candidate /workspaces/server-de-minecraft/servidor_minecraft/mods/smoothboot(reloaded)-mc1.20.1-0.0.4.jar
[05Dec2025 00:58:49.035] [main/DEBUG] [net.minecraftforge.fml.loading.moddiscovery.ModFileInfo/LOADING]: Found valid mod file smoothboot(reloaded)-mc1.20.1-0.0.4.jar with {smoothboot} mods - versions {0.0.4}
[05Dec2025 00:58:49.036] [main/DEBUG] [net.minecraftforge.fml.loading.moddiscovery.ModFileParser/LOADING]: Considering mod file candidate /workspaces/server-de-minecraft/servidor_minecraft/mods/sodiumdynamiclights-forge-1.0.10-1.20.1.jar
[05Dec2025 00:58:49.036] [main/DEBUG] [net.minecraftforge.fml.loading.moddiscovery.ModFileInfo/LOADING]: Found valid mod file sodiumdynamiclights-forge-1.0.10-1.20.1.jar with {sodiumdynamiclights} mods - versions {1.0.9}
[05Dec2025 00:58:49.037] [main/DEBUG] [net.minecraftforge.fml.loading.moddiscovery.ModFileParser/LOADING]: Considering mod file candidate /workspaces/server-de-minecraft/servidor_minecraft/mods/sodiumoptionsapi-forge-1.0.10-1.20.1.jar
[05Dec2025 00:58:49.039] [main/DEBUG] [net.minecraftforge.fml.loading.moddiscovery.ModFileInfo/LOADING]: Found valid mod file sodiumoptionsapi-forge-1.0.10-1.20.1.jar with {sodiumoptionsapi} mods - versions {1.0.10}
[05Dec2025 00:58:49.041] [main/DEBUG] [net.minecraftforge.fml.loading.moddiscovery.ModFileParser/LOADING]: Considering mod file candidate /workspaces/server-de-minecraft/servidor_minecraft/mods/tetra-1.20.1-6.11.0.jar
[05Dec2025 00:58:49.042] [main/DEBUG] [net.minecraftforge.fml.loading.moddiscovery.ModFileInfo/LOADING]: Found valid mod file tetra-1.20.1-6.11.0.jar with {tetra} mods - versions {6.11.0}
[05Dec2025 00:58:49.042] [main/DEBUG] [net.minecraftforge.fml.loading.moddiscovery.ModFileParser/LOADING]: Considering mod file candidate /workspaces/server-de-minecraft/servidor_minecraft/mods/trashslot-forge-1.20-15.1.2.jar
[05Dec2025 00:58:49.043] [main/DEBUG] [net.minecraftforge.fml.loading.moddiscovery.ModFileInfo/LOADING]: Found valid mod file trashslot-forge-1.20-15.1.2.jar with {trashslot} mods - versions {15.1.2}
[05Dec2025 00:58:49.044] [main/DEBUG] [net.minecraftforge.fml.loading.moddiscovery.ModFileParser/LOADING]: Considering mod file candidate /workspaces/server-de-minecraft/servidor_minecraft/mods/travelersbackpack-forge-1.20.1-9.1.46.jar
[05Dec2025 00:58:49.045] [main/DEBUG] [net.minecraftforge.fml.loading.moddiscovery.ModFileInfo/LOADING]: Found valid mod file travelersbackpack-forge-1.20.1-9.1.46.jar with {travelersbackpack} mods - versions {9.1.46}
[05Dec2025 00:58:49.045] [main/DEBUG] [net.minecraftforge.fml.loading.moddiscovery.ModFileParser/LOADING]: Considering mod file candidate /workspaces/server-de-minecraft/servidor_minecraft/mods/waystones-forge-1.20.1-14.1.17.jar
[05Dec2025 00:58:49.046] [main/DEBUG] [net.minecraftforge.fml.loading.moddiscovery.ModFileInfo/LOADING]: Found valid mod file waystones-forge-1.20.1-14.1.17.jar with {waystones} mods - versions {14.1.17}
[05Dec2025 00:58:49.047] [main/DEBUG] [net.minecraftforge.fml.loading.moddiscovery.ModFileParser/LOADING]: Considering mod file candidate /workspaces/server-de-minecraft/servidor_minecraft/mods/Xaeros_Minimap_25.2.10_Forge_1.20.jar
[05Dec2025 00:58:49.048] [main/DEBUG] [net.minecraftforge.fml.loading.moddiscovery.ModFileInfo/LOADING]: Found valid mod file Xaeros_Minimap_25.2.10_Forge_1.20.jar with {xaerominimap} mods - versions {25.2.10}
[05Dec2025 00:58:49.048] [main/DEBUG] [net.minecraftforge.fml.loading.moddiscovery.ModFileParser/LOADING]: Considering mod file candidate /workspaces/server-de-minecraft/servidor_minecraft/mods/xaeros_waystones_compability-1.0.jar
[05Dec2025 00:58:49.050] [main/DEBUG] [net.minecraftforge.fml.loading.moddiscovery.ModFileInfo/LOADING]: Found valid mod file xaeros_waystones_compability-1.0.jar with {w2w2} mods - versions {1.0}
[05Dec2025 00:58:49.050] [main/DEBUG] [net.minecraftforge.fml.loading.moddiscovery.ModFileParser/LOADING]: Considering mod file candidate /workspaces/server-de-minecraft/servidor_minecraft/mods/XaerosWorldMap_1.39.12_Forge_1.20.jar
[05Dec2025 00:58:49.051] [main/DEBUG] [net.minecraftforge.fml.loading.moddiscovery.ModFileInfo/LOADING]: Found valid mod file XaerosWorldMap_1.39.12_Forge_1.20.jar with {xaeroworldmap} mods - versions {1.39.12}
[05Dec2025 00:58:49.051] [main/DEBUG] [net.minecraftforge.fml.loading.moddiscovery.ModFileParser/LOADING]: Considering mod file candidate /workspaces/server-de-minecraft/servidor_minecraft/mods/xptome-1.20.1-2.2.1.jar
[05Dec2025 00:58:49.052] [main/DEBUG] [net.minecraftforge.fml.loading.moddiscovery.ModFileInfo/LOADING]: Found valid mod file xptome-1.20.1-2.2.1.jar with {xpbook} mods - versions {2.2.1}
[05Dec2025 00:58:49.161] [main/DEBUG] [net.minecraftforge.fml.loading.moddiscovery.ModFileInfo/LOADING]: Found valid mod file server-1.20.1-20230612.114412-srg.jar with {minecraft} mods - versions {1.20.1}
[05Dec2025 00:58:49.166] [main/DEBUG] [net.minecraftforge.fml.loading.moddiscovery.ModFileParser/LOADING]: Considering mod file candidate /workspaces/server-de-minecraft/servidor_minecraft/libraries/net/minecraftforge/fmlcore/1.20.1-47.4.3/fmlcore-1.20.1-47.4.3.jar
[05Dec2025 00:58:49.166] [main/WARN] [net.minecraftforge.fml.loading.moddiscovery.ModFileParser/LOADING]: Mod file /workspaces/server-de-minecraft/servidor_minecraft/libraries/net/minecraftforge/fmlcore/1.20.1-47.4.3/fmlcore-1.20.1-47.4.3.jar is missing mods.toml file
[05Dec2025 00:58:49.167] [main/DEBUG] [net.minecraftforge.fml.loading.moddiscovery.ModFileParser/LOADING]: Considering mod file candidate /workspaces/server-de-minecraft/servidor_minecraft/libraries/net/minecraftforge/javafmllanguage/1.20.1-47.4.3/javafmllanguage-1.20.1-47.4.3.jar
[05Dec2025 00:58:49.167] [main/WARN] [net.minecraftforge.fml.loading.moddiscovery.ModFileParser/LOADING]: Mod file /workspaces/server-de-minecraft/servidor_minecraft/libraries/net/minecraftforge/javafmllanguage/1.20.1-47.4.3/javafmllanguage-1.20.1-47.4.3.jar is missing mods.toml file
[05Dec2025 00:58:49.168] [main/DEBUG] [net.minecraftforge.fml.loading.moddiscovery.ModFileParser/LOADING]: Considering mod file candidate /workspaces/server-de-minecraft/servidor_minecraft/libraries/net/minecraftforge/lowcodelanguage/1.20.1-47.4.3/lowcodelanguage-1.20.1-47.4.3.jar
[05Dec2025 00:58:49.168] [main/WARN] [net.minecraftforge.fml.loading.moddiscovery.ModFileParser/LOADING]: Mod file /workspaces/server-de-minecraft/servidor_minecraft/libraries/net/minecraftforge/lowcodelanguage/1.20.1-47.4.3/lowcodelanguage-1.20.1-47.4.3.jar is missing mods.toml file
[05Dec2025 00:58:49.169] [main/DEBUG] [net.minecraftforge.fml.loading.moddiscovery.ModFileParser/LOADING]: Considering mod file candidate /workspaces/server-de-minecraft/servidor_minecraft/libraries/net/minecraftforge/mclanguage/1.20.1-47.4.3/mclanguage-1.20.1-47.4.3.jar
[05Dec2025 00:58:49.169] [main/WARN] [net.minecraftforge.fml.loading.moddiscovery.ModFileParser/LOADING]: Mod file /workspaces/server-de-minecraft/servidor_minecraft/libraries/net/minecraftforge/mclanguage/1.20.1-47.4.3/mclanguage-1.20.1-47.4.3.jar is missing mods.toml file
[05Dec2025 00:58:49.209] [main/DEBUG] [net.minecraftforge.fml.loading.moddiscovery.ModFileParser/LOADING]: Considering mod file candidate /workspaces/server-de-minecraft/servidor_minecraft/libraries/net/minecraftforge/forge/1.20.1-47.4.3/forge-1.20.1-47.4.3-universal.jar
[05Dec2025 00:58:49.210] [main/DEBUG] [net.minecraftforge.fml.loading.moddiscovery.ModFileInfo/LOADING]: Found valid mod file forge-1.20.1-47.4.3-universal.jar with {forge} mods - versions {47.4.3}
[05Dec2025 00:58:49.225] [main/DEBUG] [net.minecraftforge.fml.loading.moddiscovery.AbstractJarFileDependencyLocator/]: Failed to load resource META-INF/jarjar/metadata.json from tetra-1.20.1-6.11.0.jar, it does not contain dependency information.
[05Dec2025 00:58:49.225] [main/DEBUG] [net.minecraftforge.fml.loading.moddiscovery.AbstractJarFileDependencyLocator/]: Failed to load resource META-INF/jarjar/metadata.json from inventorysorter-1.20.1-23.0.11.jar, it does not contain dependency information.
[05Dec2025 00:58:49.226] [main/DEBUG] [net.minecraftforge.fml.loading.moddiscovery.AbstractJarFileDependencyLocator/]: Failed to load resource META-INF/jarjar/metadata.json from Fastload-Reforged-mc1.20.1-3.4.0.jar, it does not contain dependency information.
[05Dec2025 00:58:49.226] [main/DEBUG] [net.minecraftforge.fml.loading.moddiscovery.AbstractJarFileDependencyLocator/]: Failed to load resource META-INF/jarjar/metadata.json from trashslot-forge-1.20-15.1.2.jar, it does not contain dependency information.
[05Dec2025 00:58:49.226] [main/DEBUG] [net.minecraftforge.fml.loading.moddiscovery.AbstractJarFileDependencyLocator/]: Failed to load resource META-INF/jarjar/metadata.json from netherportalfix-forge-1.20-13.0.1.jar, it does not contain dependency information.
[05Dec2025 00:58:49.226] [main/DEBUG] [net.minecraftforge.fml.loading.moddiscovery.AbstractJarFileDependencyLocator/]: Failed to load resource META-INF/jarjar/metadata.json from Shrines-1.20.1-6.0.2.jar, it does not contain dependency information.
[05Dec2025 00:58:49.226] [main/DEBUG] [net.minecraftforge.fml.loading.moddiscovery.AbstractJarFileDependencyLocator/]: Failed to load resource META-INF/jarjar/metadata.json from player-animation-lib-forge-1.0.2-rc1+1.20.jar, it does not contain dependency information.
[05Dec2025 00:58:49.226] [main/DEBUG] [net.minecraftforge.fml.loading.moddiscovery.AbstractJarFileDependencyLocator/]: Failed to load resource META-INF/jarjar/metadata.json from jei-1.20.1-forge-15.20.0.106.jar, it does not contain dependency information.
[05Dec2025 00:58:49.226] [main/DEBUG] [net.minecraftforge.fml.loading.moddiscovery.AbstractJarFileDependencyLocator/]: Failed to load resource META-INF/jarjar/metadata.json from AttributeFix-Forge-1.20.1-21.0.4.jar, it does not contain dependency information.
[05Dec2025 00:58:49.227] [main/DEBUG] [net.minecraftforge.fml.loading.moddiscovery.AbstractJarFileDependencyLocator/]: Failed to load resource META-INF/jarjar/metadata.json from incontrol-1.20-9.4.1.jar, it does not contain dependency information.
[05Dec2025 00:58:49.227] [main/DEBUG] [net.minecraftforge.fml.loading.moddiscovery.AbstractJarFileDependencyLocator/]: Failed to load resource META-INF/jarjar/metadata.json from libraryferret-forge-1.20.1-4.0.0.jar, it does not contain dependency information.
[05Dec2025 00:58:49.227] [main/DEBUG] [net.minecraftforge.fml.loading.moddiscovery.AbstractJarFileDependencyLocator/]: Failed to load resource META-INF/jarjar/metadata.json from reap-1.20.1-1.0.2.jar, it does not contain dependency information.
[05Dec2025 00:58:49.227] [main/DEBUG] [net.minecraftforge.fml.loading.moddiscovery.AbstractJarFileDependencyLocator/]: Failed to load resource META-INF/jarjar/metadata.json from waystones-forge-1.20.1-14.1.17.jar, it does not contain dependency information.
[05Dec2025 00:58:49.227] [main/DEBUG] [net.minecraftforge.fml.loading.moddiscovery.AbstractJarFileDependencyLocator/]: Failed to load resource META-INF/jarjar/metadata.json from Clumps-forge-1.20.1-12.0.0.4.jar, it does not contain dependency information.
[05Dec2025 00:58:49.227] [main/DEBUG] [net.minecraftforge.fml.loading.moddiscovery.AbstractJarFileDependencyLocator/]: Failed to load resource META-INF/jarjar/metadata.json from XaerosWorldMap_1.39.12_Forge_1.20.jar, it does not contain dependency information.
[05Dec2025 00:58:49.227] [main/DEBUG] [net.minecraftforge.fml.loading.moddiscovery.AbstractJarFileDependencyLocator/]: Failed to load resource META-INF/jarjar/metadata.json from Prism-1.20.1-forge-1.0.5.jar, it does not contain dependency information.
[05Dec2025 00:58:49.227] [main/DEBUG] [net.minecraftforge.fml.loading.moddiscovery.AbstractJarFileDependencyLocator/]: Failed to load resource META-INF/jarjar/metadata.json from Placebo-1.20.1-8.6.3.jar, it does not contain dependency information.
[05Dec2025 00:58:49.228] [main/DEBUG] [net.minecraftforge.fml.loading.moddiscovery.AbstractJarFileDependencyLocator/]: Failed to load resource META-INF/jarjar/metadata.json from travelersbackpack-forge-1.20.1-9.1.46.jar, it does not contain dependency information.
[05Dec2025 00:58:49.228] [main/DEBUG] [net.minecraftforge.fml.loading.moddiscovery.AbstractJarFileDependencyLocator/]: Failed to load resource META-INF/jarjar/metadata.json from NaturesCompass-1.20.1-1.11.2-forge.jar, it does not contain dependency information.
[05Dec2025 00:58:49.228] [main/DEBUG] [net.minecraftforge.fml.loading.moddiscovery.AbstractJarFileDependencyLocator/]: Failed to load resource META-INF/jarjar/metadata.json from configured-forge-1.20.1-2.2.3.jar, it does not contain dependency information.
[05Dec2025 00:58:49.228] [main/DEBUG] [net.minecraftforge.fml.loading.moddiscovery.AbstractJarFileDependencyLocator/]: Failed to load resource META-INF/jarjar/metadata.json from GatewaysToEternity-1.20.1-4.2.6.jar, it does not contain dependency information.
[05Dec2025 00:58:49.228] [main/DEBUG] [net.minecraftforge.fml.loading.moddiscovery.AbstractJarFileDependencyLocator/]: Failed to load resource META-INF/jarjar/metadata.json from MaxHealthFix-Forge-1.20.1-12.0.3.jar, it does not contain dependency information.
[05Dec2025 00:58:49.228] [main/DEBUG] [net.minecraftforge.fml.loading.moddiscovery.AbstractJarFileDependencyLocator/]: Failed to load resource META-INF/jarjar/metadata.json from Bookshelf-Forge-1.20.1-20.2.13.jar, it does not contain dependency information.
[05Dec2025 00:58:49.228] [main/DEBUG] [net.minecraftforge.fml.loading.moddiscovery.AbstractJarFileDependencyLocator/]: Failed to load resource META-INF/jarjar/metadata.json from JustEnoughResources-1.20.1-1.4.0.247.jar, it does not contain dependency information.
[05Dec2025 00:58:49.229] [main/DEBUG] [net.minecraftforge.fml.loading.moddiscovery.AbstractJarFileDependencyLocator/]: Failed to load resource META-INF/jarjar/metadata.json from cloth-config-11.1.136-forge.jar, it does not contain dependency information.
[05Dec2025 00:58:49.229] [main/DEBUG] [net.minecraftforge.fml.loading.moddiscovery.AbstractJarFileDependencyLocator/]: Failed to load resource META-INF/jarjar/metadata.json from forge-1.20.1-47.4.3-universal.jar, it does not contain dependency information.
[05Dec2025 00:58:49.229] [main/DEBUG] [net.minecraftforge.fml.loading.moddiscovery.AbstractJarFileDependencyLocator/]: Failed to load resource META-INF/jarjar/metadata.json from ironchest-1.20.1-14.4.4.jar, it does not contain dependency information.
[05Dec2025 00:58:49.229] [main/DEBUG] [net.minecraftforge.fml.loading.moddiscovery.AbstractJarFileDependencyLocator/]: Failed to load resource META-INF/jarjar/metadata.json from AdvancementPlaques-1.20.1-forge-1.6.9.jar, it does not contain dependency information.
[05Dec2025 00:58:49.229] [main/DEBUG] [net.minecraftforge.fml.loading.moddiscovery.AbstractJarFileDependencyLocator/]: Failed to load resource META-INF/jarjar/metadata.json from craftingtweaks-forge-1.20.1-18.2.6.jar, it does not contain dependency information.
[05Dec2025 00:58:49.230] [main/DEBUG] [net.minecraftforge.fml.loading.moddiscovery.AbstractJarFileDependencyLocator/]: Failed to load resource META-INF/jarjar/metadata.json from server-1.20.1-20230612.114412-srg.jar, it does not contain dependency information.
[05Dec2025 00:58:49.230] [main/DEBUG] [net.minecraftforge.fml.loading.moddiscovery.AbstractJarFileDependencyLocator/]: Failed to load resource META-INF/jarjar/metadata.json from xaeros_waystones_compability-1.0.jar, it does not contain dependency information.
[05Dec2025 00:58:49.230] [main/DEBUG] [net.minecraftforge.fml.loading.moddiscovery.AbstractJarFileDependencyLocator/]: Failed to load resource META-INF/jarjar/metadata.json from Jade-1.20.1-Forge-11.13.2.jar, it does not contain dependency information.
[05Dec2025 00:58:49.230] [main/DEBUG] [net.minecraftforge.fml.loading.moddiscovery.AbstractJarFileDependencyLocator/]: Failed to load resource META-INF/jarjar/metadata.json from ironfurnaces-1.20.1-4.1.6.jar, it does not contain dependency information.
[05Dec2025 00:58:49.230] [main/DEBUG] [net.minecraftforge.fml.loading.moddiscovery.AbstractJarFileDependencyLocator/]: Failed to load resource META-INF/jarjar/metadata.json from CreativeCore_FORGE_v2.12.32_mc1.20.1.jar, it does not contain dependency information.
[05Dec2025 00:58:49.230] [main/DEBUG] [net.minecraftforge.fml.loading.moddiscovery.AbstractJarFileDependencyLocator/]: Failed to load resource META-INF/jarjar/metadata.json from cleanswing-1.20-1.8.jar, it does not contain dependency information.
[05Dec2025 00:58:49.230] [main/DEBUG] [net.minecraftforge.fml.loading.moddiscovery.AbstractJarFileDependencyLocator/]: Failed to load resource META-INF/jarjar/metadata.json from smoothboot(reloaded)-mc1.20.1-0.0.4.jar, it does not contain dependency information.
[05Dec2025 00:58:49.231] [main/DEBUG] [net.minecraftforge.fml.loading.moddiscovery.AbstractJarFileDependencyLocator/]: Failed to load resource META-INF/jarjar/metadata.json from Highlighter-1.20.1-forge-1.1.9.jar, it does not contain dependency information.
[05Dec2025 00:58:49.231] [main/DEBUG] [net.minecraftforge.fml.loading.moddiscovery.AbstractJarFileDependencyLocator/]: Failed to load resource META-INF/jarjar/metadata.json from jeiintegration_1.20.1-10.0.0.jar, it does not contain dependency information.
[05Dec2025 00:58:49.231] [main/DEBUG] [net.minecraftforge.fml.loading.moddiscovery.AbstractJarFileDependencyLocator/]: Failed to load resource META-INF/jarjar/metadata.json from Iceberg-1.20.1-forge-1.1.25.jar, it does not contain dependency information.
[05Dec2025 00:58:49.231] [main/DEBUG] [net.minecraftforge.fml.loading.moddiscovery.AbstractJarFileDependencyLocator/]: Failed to load resource META-INF/jarjar/metadata.json from curios-forge-5.14.1+1.20.1.jar, it does not contain dependency information.
[05Dec2025 00:58:49.231] [main/DEBUG] [net.minecraftforge.fml.loading.moddiscovery.AbstractJarFileDependencyLocator/]: Failed to load resource META-INF/jarjar/metadata.json from mutil-1.20.1-6.2.0.jar, it does not contain dependency information.
[05Dec2025 00:58:49.231] [main/DEBUG] [net.minecraftforge.fml.loading.moddiscovery.AbstractJarFileDependencyLocator/]: Failed to load resource META-INF/jarjar/metadata.json from Xaeros_Minimap_25.2.10_Forge_1.20.jar, it does not contain dependency information.
[05Dec2025 00:58:49.231] [main/DEBUG] [net.minecraftforge.fml.loading.moddiscovery.AbstractJarFileDependencyLocator/]: Failed to load resource META-INF/jarjar/metadata.json from gravestone-forge-1.20.1-1.0.35.jar, it does not contain dependency information.
[05Dec2025 00:58:49.232] [main/DEBUG] [net.minecraftforge.fml.loading.moddiscovery.AbstractJarFileDependencyLocator/]: Failed to load resource META-INF/jarjar/metadata.json from FastWorkbench-1.20.1-8.0.4.jar, it does not contain dependency information.
[05Dec2025 00:58:49.232] [main/DEBUG] [net.minecraftforge.fml.loading.moddiscovery.AbstractJarFileDependencyLocator/]: Failed to load resource META-INF/jarjar/metadata.json from Searchables-forge-1.20.1-1.0.3.jar, it does not contain dependency information.
[05Dec2025 00:58:49.232] [main/DEBUG] [net.minecraftforge.fml.loading.moddiscovery.AbstractJarFileDependencyLocator/]: Failed to load resource META-INF/jarjar/metadata.json from sit-1.20.1-1.3.5.jar, it does not contain dependency information.
[05Dec2025 00:58:49.232] [main/DEBUG] [net.minecraftforge.fml.loading.moddiscovery.AbstractJarFileDependencyLocator/]: Failed to load resource META-INF/jarjar/metadata.json from ParCool-1.20.1-3.4.1.5.jar, it does not contain dependency information.
[05Dec2025 00:58:49.232] [main/DEBUG] [net.minecraftforge.fml.loading.moddiscovery.AbstractJarFileDependencyLocator/]: Failed to load resource META-INF/jarjar/metadata.json from ApothicAttributes-1.20.1-1.3.7.jar, it does not contain dependency information.
[05Dec2025 00:58:49.232] [main/DEBUG] [net.minecraftforge.fml.loading.moddiscovery.AbstractJarFileDependencyLocator/]: Failed to load resource META-INF/jarjar/metadata.json from lostcities-1.20-7.4.5.jar, it does not contain dependency information.
[05Dec2025 00:58:49.232] [main/DEBUG] [net.minecraftforge.fml.loading.moddiscovery.AbstractJarFileDependencyLocator/]: Failed to load resource META-INF/jarjar/metadata.json from JujutsuCraft-ver44.3-forge-1.20.1.jar, it does not contain dependency information.
[05Dec2025 00:58:49.232] [main/DEBUG] [net.minecraftforge.fml.loading.moddiscovery.AbstractJarFileDependencyLocator/]: Failed to load resource META-INF/jarjar/metadata.json from FastFurnace-1.20.1-8.0.2.jar, it does not contain dependency information.
[05Dec2025 00:58:49.232] [main/DEBUG] [net.minecraftforge.fml.loading.moddiscovery.AbstractJarFileDependencyLocator/]: Failed to load resource META-INF/jarjar/metadata.json from architectury-9.2.14-forge.jar, it does not contain dependency information.
[05Dec2025 00:58:49.233] [main/DEBUG] [net.minecraftforge.fml.loading.moddiscovery.AbstractJarFileDependencyLocator/]: Failed to load resource META-INF/jarjar/metadata.json from lootr-forge-1.20-0.7.35.93.jar, it does not contain dependency information.
[05Dec2025 00:58:49.233] [main/DEBUG] [net.minecraftforge.fml.loading.moddiscovery.AbstractJarFileDependencyLocator/]: Failed to load resource META-INF/jarjar/metadata.json from ferritecore-6.0.1-forge.jar, it does not contain dependency information.
[05Dec2025 00:58:49.233] [main/DEBUG] [net.minecraftforge.fml.loading.moddiscovery.AbstractJarFileDependencyLocator/]: Failed to load resource META-INF/jarjar/metadata.json from AI-Improvements-1.20-0.5.2.jar, it does not contain dependency information.
[05Dec2025 00:58:49.233] [main/DEBUG] [net.minecraftforge.fml.loading.moddiscovery.AbstractJarFileDependencyLocator/]: Failed to load resource META-INF/jarjar/metadata.json from framework-forge-1.20.1-0.7.15.jar, it does not contain dependency information.
[05Dec2025 00:58:49.233] [main/DEBUG] [net.minecraftforge.fml.loading.moddiscovery.AbstractJarFileDependencyLocator/]: Failed to load resource META-INF/jarjar/metadata.json from FastLeafDecay-32.jar, it does not contain dependency information.
[05Dec2025 00:58:49.233] [main/DEBUG] [net.minecraftforge.fml.loading.moddiscovery.AbstractJarFileDependencyLocator/]: Failed to load resource META-INF/jarjar/metadata.json from cosmeticarmorreworked-1.20.1-v1a.jar, it does not contain dependency information.
[05Dec2025 00:58:49.234] [main/DEBUG] [net.minecraftforge.fml.loading.moddiscovery.AbstractJarFileDependencyLocator/]: Failed to load resource META-INF/jarjar/metadata.json from xptome-1.20.1-2.2.1.jar, it does not contain dependency information.
[05Dec2025 00:58:49.234] [main/DEBUG] [net.minecraftforge.fml.loading.moddiscovery.AbstractJarFileDependencyLocator/]: Failed to load resource META-INF/jarjar/metadata.json from mclanguage-1.20.1-47.4.3.jar, it does not contain dependency information.
[05Dec2025 00:58:49.234] [main/DEBUG] [net.minecraftforge.fml.loading.moddiscovery.AbstractJarFileDependencyLocator/]: Failed to load resource META-INF/jarjar/metadata.json from javafmllanguage-1.20.1-47.4.3.jar, it does not contain dependency information.
[05Dec2025 00:58:49.234] [main/DEBUG] [net.minecraftforge.fml.loading.moddiscovery.AbstractJarFileDependencyLocator/]: Failed to load resource META-INF/jarjar/metadata.json from fmlcore-1.20.1-47.4.3.jar, it does not contain dependency information.
[05Dec2025 00:58:49.234] [main/DEBUG] [net.minecraftforge.fml.loading.moddiscovery.AbstractJarFileDependencyLocator/]: Failed to load resource META-INF/jarjar/metadata.json from lowcodelanguage-1.20.1-47.4.3.jar, it does not contain dependency information.
[05Dec2025 00:58:49.290] [main/DEBUG] [net.minecraftforge.fml.loading.moddiscovery.ModFileParser/LOADING]: Considering mod file candidate 
[05Dec2025 00:58:49.291] [main/DEBUG] [net.minecraftforge.fml.loading.moddiscovery.ModFileInfo/LOADING]: Found valid mod file mixinextras-forge-0.3.6.jar with {mixinextras} mods - versions {0.3.6}
[05Dec2025 00:58:49.294] [main/DEBUG] [net.minecraftforge.fml.loading.moddiscovery.ModFileParser/LOADING]: Considering mod file candidate 
[05Dec2025 00:58:49.295] [main/DEBUG] [net.minecraftforge.fml.loading.moddiscovery.ModFileInfo/LOADING]: Found valid mod file mixinextras-forge-0.4.1.jar with {mixinextras} mods - versions {0.4.1}
[05Dec2025 00:58:49.307] [main/DEBUG] [net.minecraftforge.fml.loading.moddiscovery.ModFileParser/LOADING]: Considering mod file candidate 
[05Dec2025 00:58:49.309] [main/DEBUG] [net.minecraftforge.fml.loading.moddiscovery.ModFileInfo/LOADING]: Found valid mod file mixinextras-forge-0.2.1-beta.2.jar with {mixinextras} mods - versions {0.2.1-beta.2}
[05Dec2025 00:58:49.315] [main/DEBUG] [net.minecraftforge.fml.loading.moddiscovery.ModFileParser/LOADING]: Considering mod file candidate 
[05Dec2025 00:58:49.316] [main/DEBUG] [net.minecraftforge.fml.loading.moddiscovery.ModFileInfo/LOADING]: Found valid mod file spectrelib-forge-0.13.17+1.20.1.jar with {spectrelib} mods - versions {0.13.17+1.20.1}
[05Dec2025 00:58:49.320] [main/DEBUG] [net.minecraftforge.fml.loading.moddiscovery.ModFileParser/LOADING]: Considering mod file candidate 
[05Dec2025 00:58:49.324] [main/DEBUG] [net.minecraftforge.fml.loading.moddiscovery.ModFileInfo/LOADING]: Found valid mod file mixinextras-forge-0.4.1.jar with {mixinextras} mods - versions {0.4.1}
[05Dec2025 00:58:49.325] [main/DEBUG] [net.minecraftforge.fml.loading.moddiscovery.ModFileParser/LOADING]: Considering mod file candidate 
[05Dec2025 00:58:49.327] [main/DEBUG] [net.minecraftforge.fml.loading.moddiscovery.ModFileInfo/LOADING]: Found valid mod file kuma-api-forge-20.1.12+1.20.1.jar with {kuma_api} mods - versions {20.1.12}
[05Dec2025 00:58:49.337] [main/DEBUG] [net.minecraftforge.fml.loading.moddiscovery.ModFileParser/LOADING]: Considering mod file candidate 
[05Dec2025 00:58:49.338] [main/DEBUG] [net.minecraftforge.fml.loading.moddiscovery.ModFileInfo/LOADING]: Found valid mod file scena-forge-1.0.103.jar with {scena} mods - versions {1.0.103}
[05Dec2025 00:58:49.352] [main/DEBUG] [net.minecraftforge.fml.loading.moddiscovery.ModFileParser/LOADING]: Considering mod file candidate 
[05Dec2025 00:58:49.352] [main/DEBUG] [net.minecraftforge.fml.loading.moddiscovery.ModFileInfo/LOADING]: Found valid mod file mixinextras-forge-0.2.0-beta.6.jar with {mixinextras} mods - versions {0.2.0-beta.6}
[05Dec2025 00:58:49.354] [main/DEBUG] [net.minecraftforge.fml.loading.moddiscovery.ModFileParser/LOADING]: Considering mod file candidate 
[05Dec2025 00:58:49.354] [main/DEBUG] [net.minecraftforge.fml.loading.moddiscovery.ModFileInfo/LOADING]: Found valid mod file fabric-api-base-0.4.31+ef105b4977.jar with {fabric_api_base} mods - versions {0.4.31+ef105b4977}
[05Dec2025 00:58:49.361] [main/DEBUG] [net.minecraftforge.fml.loading.moddiscovery.ModFileParser/LOADING]: Considering mod file candidate 
[05Dec2025 00:58:49.361] [main/DEBUG] [net.minecraftforge.fml.loading.moddiscovery.ModFileInfo/LOADING]: Found valid mod file mixinextras-forge-0.4.1.jar with {mixinextras} mods - versions {0.4.1}
[05Dec2025 00:58:49.363] [main/DEBUG] [net.minecraftforge.fml.loading.moddiscovery.ModFileParser/LOADING]: Considering mod file candidate 
[05Dec2025 00:58:49.364] [main/DEBUG] [net.minecraftforge.fml.loading.moddiscovery.ModFileInfo/LOADING]: Found valid mod file fabric-api-base-0.4.31+ef105b4977.jar with {fabric_api_base} mods - versions {0.4.31+ef105b4977}
[05Dec2025 00:58:49.367] [main/DEBUG] [net.minecraftforge.fml.loading.moddiscovery.ModFileParser/LOADING]: Considering mod file candidate 
[05Dec2025 00:58:49.368] [main/DEBUG] [net.minecraftforge.fml.loading.moddiscovery.ModFileInfo/LOADING]: Found valid mod file mixinextras-forge-0.4.1.jar with {mixinextras} mods - versions {0.4.1}
[05Dec2025 00:58:49.385] [main/DEBUG] [net.minecraftforge.fml.loading.moddiscovery.AbstractJarFileDependencyLocator/]: Failed to load resource META-INF/jarjar/metadata.json from spectrelib-forge-0.13.17+1.20.1.jar, it does not contain dependency information.
[05Dec2025 00:58:49.390] [main/DEBUG] [net.minecraftforge.fml.loading.moddiscovery.AbstractJarFileDependencyLocator/]: Failed to load resource META-INF/jarjar/metadata.json from kuma-api-forge-20.1.12+1.20.1.jar, it does not contain dependency information.
[05Dec2025 00:58:49.392] [main/DEBUG] [net.minecraftforge.fml.loading.moddiscovery.AbstractJarFileDependencyLocator/]: Failed to load resource META-INF/jarjar/metadata.json from lz4-pure-java-1.8.0.jar, it does not contain dependency information.
[05Dec2025 00:58:49.392] [main/DEBUG] [net.minecraftforge.fml.loading.moddiscovery.AbstractJarFileDependencyLocator/]: Failed to load resource META-INF/jarjar/metadata.json from mclib-20.jar, it does not contain dependency information.
[05Dec2025 00:58:49.395] [main/DEBUG] [net.minecraftforge.fml.loading.moddiscovery.AbstractJarFileDependencyLocator/]: Failed to load resource META-INF/jarjar/metadata.json from fabric-api-base-0.4.31+ef105b4977.jar, it does not contain dependency information.
[05Dec2025 00:58:49.400] [main/DEBUG] [net.minecraftforge.fml.loading.moddiscovery.AbstractJarFileDependencyLocator/]: Failed to load resource META-INF/jarjar/metadata.json from fabric-api-base-0.4.31+ef105b4977.jar, it does not contain dependency information.
[05Dec2025 00:58:49.404] [main/DEBUG] [net.minecraftforge.fml.loading.moddiscovery.AbstractJarFileDependencyLocator/]: Failed to load resource META-INF/jarjar/metadata.json from MixinExtras-0.3.6.jar, it does not contain dependency information.
[05Dec2025 00:58:49.405] [main/DEBUG] [net.minecraftforge.fml.loading.moddiscovery.AbstractJarFileDependencyLocator/]: Failed to load resource META-INF/jarjar/metadata.json from MixinExtras-0.4.1.jar, it does not contain dependency information.
[05Dec2025 00:58:49.405] [main/DEBUG] [net.minecraftforge.fml.loading.moddiscovery.AbstractJarFileDependencyLocator/]: Failed to load resource META-INF/jarjar/metadata.json from MixinExtras-0.2.1-beta.2.jar, it does not contain dependency information.
[05Dec2025 00:58:49.405] [main/DEBUG] [net.minecraftforge.fml.loading.moddiscovery.AbstractJarFileDependencyLocator/]: Failed to load resource META-INF/jarjar/metadata.json from MixinExtras-0.4.1.jar, it does not contain dependency information.
[05Dec2025 00:58:49.405] [main/DEBUG] [net.minecraftforge.fml.loading.moddiscovery.AbstractJarFileDependencyLocator/]: Failed to load resource META-INF/jarjar/metadata.json from saecularia-caudices-forge-1.0.23.jar, it does not contain dependency information.
[05Dec2025 00:58:49.405] [main/DEBUG] [net.minecraftforge.fml.loading.moddiscovery.AbstractJarFileDependencyLocator/]: Failed to load resource META-INF/jarjar/metadata.json from MixinExtras-0.2.0-beta.6.jar, it does not contain dependency information.
[05Dec2025 00:58:49.405] [main/DEBUG] [net.minecraftforge.fml.loading.moddiscovery.AbstractJarFileDependencyLocator/]: Failed to load resource META-INF/jarjar/metadata.json from MixinExtras-0.4.1.jar, it does not contain dependency information.
[05Dec2025 00:58:49.405] [main/DEBUG] [net.minecraftforge.fml.loading.moddiscovery.AbstractJarFileDependencyLocator/]: Failed to load resource META-INF/jarjar/metadata.json from MixinExtras-0.4.1.jar, it does not contain dependency information.
[05Dec2025 00:58:49.434] [main/DEBUG] [net.minecraftforge.fml.loading.moddiscovery.ModFileParser/LOADING]: Considering mod file candidate 
[05Dec2025 00:58:49.434] [main/DEBUG] [net.minecraftforge.fml.loading.moddiscovery.ModFileInfo/LOADING]: Found valid mod file mixinextras-forge-0.4.1.jar with {mixinextras} mods - versions {0.4.1}
[05Dec2025 00:58:49.445] [main/DEBUG] [net.minecraftforge.fml.loading.moddiscovery.ModFileParser/LOADING]: Considering mod file candidate 
[05Dec2025 00:58:49.446] [main/DEBUG] [net.minecraftforge.fml.loading.moddiscovery.ModFileInfo/LOADING]: Found valid mod file spectrelib-forge-0.13.17+1.20.1.jar with {spectrelib} mods - versions {0.13.17+1.20.1}
[05Dec2025 00:58:49.450] [main/DEBUG] [net.minecraftforge.fml.loading.moddiscovery.ModFileParser/LOADING]: Considering mod file candidate 
[05Dec2025 00:58:49.451] [main/DEBUG] [net.minecraftforge.fml.loading.moddiscovery.ModFileInfo/LOADING]: Found valid mod file scena-forge-1.0.103.jar with {scena} mods - versions {1.0.103}
[05Dec2025 00:58:49.452] [main/DEBUG] [net.minecraftforge.fml.loading.moddiscovery.ModFileParser/LOADING]: Considering mod file candidate 
[05Dec2025 00:58:49.452] [main/DEBUG] [net.minecraftforge.fml.loading.moddiscovery.ModFileInfo/LOADING]: Found valid mod file fabric-api-base-0.4.31+ef105b4977.jar with {fabric_api_base} mods - versions {0.4.31+ef105b4977}
[05Dec2025 00:58:49.453] [main/DEBUG] [net.minecraftforge.fml.loading.moddiscovery.ModFileParser/LOADING]: Considering mod file candidate 
[05Dec2025 00:58:49.454] [main/DEBUG] [net.minecraftforge.fml.loading.moddiscovery.ModFileInfo/LOADING]: Found valid mod file mixinextras-forge-0.2.0-beta.6.jar with {mixinextras} mods - versions {0.2.0-beta.6}
[05Dec2025 00:58:49.454] [main/DEBUG] [net.minecraftforge.fml.loading.moddiscovery.ModFileParser/LOADING]: Considering mod file candidate 
[05Dec2025 00:58:49.455] [main/DEBUG] [net.minecraftforge.fml.loading.moddiscovery.ModFileInfo/LOADING]: Found valid mod file kuma-api-forge-20.1.12+1.20.1.jar with {kuma_api} mods - versions {20.1.12}
[05Dec2025 00:58:49.457] [main/WARN] [net.minecraftforge.jarjar.selection.JarSelector/]: Attempted to select two dependency jars from JarJar which have the same identification: Mod File:  and Mod File: . Using Mod File: 
[05Dec2025 00:58:49.458] [main/INFO] [net.minecraftforge.fml.loading.moddiscovery.JarInJarDependencyLocator/]: Found 9 dependencies adding them to mods collection
[05Dec2025 00:58:49.460] [main/DEBUG] [net.minecraftforge.fml.loading.moddiscovery.ModFileParser/LOADING]: Considering mod file candidate /workspaces/server-de-minecraft/servidor_minecraft/mods/tetra-1.20.1-6.11.0.jar
[05Dec2025 00:58:49.461] [main/DEBUG] [net.minecraftforge.fml.loading.moddiscovery.ModFileInfo/LOADING]: Found valid mod file tetra-1.20.1-6.11.0.jar with {tetra} mods - versions {6.11.0}
[05Dec2025 00:58:49.465] [main/DEBUG] [net.minecraftforge.fml.loading.moddiscovery.ModFile/LOADING]: Loading mod file /workspaces/server-de-minecraft/servidor_minecraft/mods/tetra-1.20.1-6.11.0.jar with languages [LanguageSpec[languageName=javafml, acceptedVersions=[47,)]]
[05Dec2025 00:58:49.466] [main/DEBUG] [net.minecraftforge.fml.loading.moddiscovery.ModFileParser/LOADING]: Considering mod file candidate /workspaces/server-de-minecraft/servidor_minecraft/mods/inventorysorter-1.20.1-23.0.11.jar
[05Dec2025 00:58:49.466] [main/DEBUG] [net.minecraftforge.fml.loading.moddiscovery.ModFileInfo/LOADING]: Found valid mod file inventorysorter-1.20.1-23.0.11.jar with {inventorysorter} mods - versions {23.0.11}
[05Dec2025 00:58:49.466] [main/DEBUG] [net.minecraftforge.fml.loading.moddiscovery.ModFile/LOADING]: Loading mod file /workspaces/server-de-minecraft/servidor_minecraft/mods/inventorysorter-1.20.1-23.0.11.jar with languages [LanguageSpec[languageName=javafml, acceptedVersions=[38,)]]
[05Dec2025 00:58:49.467] [main/DEBUG] [net.minecraftforge.fml.loading.moddiscovery.ModFileParser/LOADING]: Considering mod file candidate 
[05Dec2025 00:58:49.467] [main/DEBUG] [net.minecraftforge.fml.loading.moddiscovery.ModFileInfo/LOADING]: Found valid mod file kuma-api-forge-20.1.12+1.20.1.jar with {kuma_api} mods - versions {20.1.12}
[05Dec2025 00:58:49.467] [main/DEBUG] [net.minecraftforge.fml.loading.moddiscovery.ModFile/LOADING]: Loading mod file  with languages [LanguageSpec[languageName=javafml, acceptedVersions=[47,)]]
[05Dec2025 00:58:49.467] [main/DEBUG] [net.minecraftforge.fml.loading.moddiscovery.ModFileParser/LOADING]: Considering mod file candidate /workspaces/server-de-minecraft/servidor_minecraft/mods/Fastload-Reforged-mc1.20.1-3.4.0.jar
[05Dec2025 00:58:49.468] [main/DEBUG] [net.minecraftforge.fml.loading.moddiscovery.ModFileInfo/LOADING]: Found valid mod file Fastload-Reforged-mc1.20.1-3.4.0.jar with {fastload} mods - versions {3.4.0}
[05Dec2025 00:58:49.468] [main/DEBUG] [net.minecraftforge.fml.loading.moddiscovery.ModFile/LOADING]: Loading mod file /workspaces/server-de-minecraft/servidor_minecraft/mods/Fastload-Reforged-mc1.20.1-3.4.0.jar with languages [LanguageSpec[languageName=javafml, acceptedVersions=[47,)]]
[05Dec2025 00:58:49.468] [main/DEBUG] [net.minecraftforge.fml.loading.moddiscovery.ModFileParser/LOADING]: Considering mod file candidate /workspaces/server-de-minecraft/servidor_minecraft/mods/netherportalfix-forge-1.20-13.0.1.jar
[05Dec2025 00:58:49.468] [main/DEBUG] [net.minecraftforge.fml.loading.moddiscovery.ModFileInfo/LOADING]: Found valid mod file netherportalfix-forge-1.20-13.0.1.jar with {netherportalfix} mods - versions {13.0.1}
[05Dec2025 00:58:49.469] [main/DEBUG] [net.minecraftforge.fml.loading.moddiscovery.ModFile/LOADING]: Loading mod file /workspaces/server-de-minecraft/servidor_minecraft/mods/netherportalfix-forge-1.20-13.0.1.jar with languages [LanguageSpec[languageName=javafml, acceptedVersions=[46,)]]
[05Dec2025 00:58:49.469] [main/DEBUG] [net.minecraftforge.fml.loading.moddiscovery.ModFileParser/LOADING]: Considering mod file candidate /workspaces/server-de-minecraft/servidor_minecraft/mods/trashslot-forge-1.20-15.1.2.jar
[05Dec2025 00:58:49.469] [main/DEBUG] [net.minecraftforge.fml.loading.moddiscovery.ModFileInfo/LOADING]: Found valid mod file trashslot-forge-1.20-15.1.2.jar with {trashslot} mods - versions {15.1.2}
[05Dec2025 00:58:49.469] [main/DEBUG] [net.minecraftforge.fml.loading.moddiscovery.ModFile/LOADING]: Loading mod file /workspaces/server-de-minecraft/servidor_minecraft/mods/trashslot-forge-1.20-15.1.2.jar with languages [LanguageSpec[languageName=javafml, acceptedVersions=[46,)]]
[05Dec2025 00:58:49.469] [main/DEBUG] [net.minecraftforge.fml.loading.moddiscovery.ModFileParser/LOADING]: Considering mod file candidate /workspaces/server-de-minecraft/servidor_minecraft/mods/geckolib-forge-1.20.1-4.7.2.jar
[05Dec2025 00:58:49.470] [main/DEBUG] [net.minecraftforge.fml.loading.moddiscovery.ModFileInfo/LOADING]: Found valid mod file geckolib-forge-1.20.1-4.7.2.jar with {geckolib} mods - versions {4.7.2}
[05Dec2025 00:58:49.470] [main/DEBUG] [net.minecraftforge.fml.loading.moddiscovery.ModFile/LOADING]: Loading mod file /workspaces/server-de-minecraft/servidor_minecraft/mods/geckolib-forge-1.20.1-4.7.2.jar with languages [LanguageSpec[languageName=javafml, acceptedVersions=[47,)]]
[05Dec2025 00:58:49.470] [main/DEBUG] [net.minecraftforge.fml.loading.moddiscovery.ModFileParser/LOADING]: Considering mod file candidate /workspaces/server-de-minecraft/servidor_minecraft/mods/player-animation-lib-forge-1.0.2-rc1+1.20.jar
[05Dec2025 00:58:49.470] [main/DEBUG] [net.minecraftforge.fml.loading.moddiscovery.ModFileInfo/LOADING]: Found valid mod file player-animation-lib-forge-1.0.2-rc1+1.20.jar with {playeranimator} mods - versions {1.0.2-rc1+1.20}
[05Dec2025 00:58:49.471] [main/DEBUG] [net.minecraftforge.fml.loading.moddiscovery.ModFile/LOADING]: Loading mod file /workspaces/server-de-minecraft/servidor_minecraft/mods/player-animation-lib-forge-1.0.2-rc1+1.20.jar with languages [LanguageSpec[languageName=javafml, acceptedVersions=[46.0.0,)]]
[05Dec2025 00:58:49.471] [main/DEBUG] [net.minecraftforge.fml.loading.moddiscovery.ModFileParser/LOADING]: Considering mod file candidate /workspaces/server-de-minecraft/servidor_minecraft/mods/Shrines-1.20.1-6.0.2.jar
[05Dec2025 00:58:49.471] [main/DEBUG] [net.minecraftforge.fml.loading.moddiscovery.ModFileInfo/LOADING]: Found valid mod file Shrines-1.20.1-6.0.2.jar with {shrines} mods - versions {1.20.1-6.0.2}
[05Dec2025 00:58:49.471] [main/DEBUG] [net.minecraftforge.fml.loading.moddiscovery.ModFile/LOADING]: Loading mod file /workspaces/server-de-minecraft/servidor_minecraft/mods/Shrines-1.20.1-6.0.2.jar with languages [LanguageSpec[languageName=javafml, acceptedVersions=[47,)]]
[05Dec2025 00:58:49.472] [main/DEBUG] [net.minecraftforge.fml.loading.moddiscovery.ModFileParser/LOADING]: Considering mod file candidate /workspaces/server-de-minecraft/servidor_minecraft/mods/jei-1.20.1-forge-15.20.0.106.jar
[05Dec2025 00:58:49.472] [main/DEBUG] [net.minecraftforge.fml.loading.moddiscovery.ModFileInfo/LOADING]: Found valid mod file jei-1.20.1-forge-15.20.0.106.jar with {jei} mods - versions {15.20.0.106}
[05Dec2025 00:58:49.472] [main/DEBUG] [net.minecraftforge.fml.loading.moddiscovery.ModFile/LOADING]: Loading mod file /workspaces/server-de-minecraft/servidor_minecraft/mods/jei-1.20.1-forge-15.20.0.106.jar with languages [LanguageSpec[languageName=javafml, acceptedVersions=[47,)]]
[05Dec2025 00:58:49.472] [main/DEBUG] [net.minecraftforge.fml.loading.moddiscovery.ModFileParser/LOADING]: Considering mod file candidate /workspaces/server-de-minecraft/servidor_minecraft/mods/AttributeFix-Forge-1.20.1-21.0.4.jar
[05Dec2025 00:58:49.473] [main/DEBUG] [net.minecraftforge.fml.loading.moddiscovery.ModFileInfo/LOADING]: Found valid mod file AttributeFix-Forge-1.20.1-21.0.4.jar with {attributefix} mods - versions {21.0.4}
[05Dec2025 00:58:49.473] [main/DEBUG] [net.minecraftforge.fml.loading.moddiscovery.ModFile/LOADING]: Loading mod file /workspaces/server-de-minecraft/servidor_minecraft/mods/AttributeFix-Forge-1.20.1-21.0.4.jar with languages [LanguageSpec[languageName=javafml, acceptedVersions=[47,)]]
[05Dec2025 00:58:49.473] [main/DEBUG] [net.minecraftforge.fml.loading.moddiscovery.ModFileParser/LOADING]: Considering mod file candidate /workspaces/server-de-minecraft/servidor_minecraft/mods/incontrol-1.20-9.4.1.jar
[05Dec2025 00:58:49.473] [main/DEBUG] [net.minecraftforge.fml.loading.moddiscovery.ModFileInfo/LOADING]: Found valid mod file incontrol-1.20-9.4.1.jar with {incontrol} mods - versions {1.20-9.4.1}
[05Dec2025 00:58:49.473] [main/DEBUG] [net.minecraftforge.fml.loading.moddiscovery.ModFile/LOADING]: Loading mod file /workspaces/server-de-minecraft/servidor_minecraft/mods/incontrol-1.20-9.4.1.jar with languages [LanguageSpec[languageName=javafml, acceptedVersions=[47,)]]
[05Dec2025 00:58:49.473] [main/DEBUG] [net.minecraftforge.fml.loading.moddiscovery.ModFileParser/LOADING]: Considering mod file candidate /workspaces/server-de-minecraft/servidor_minecraft/mods/libraryferret-forge-1.20.1-4.0.0.jar
[05Dec2025 00:58:49.474] [main/DEBUG] [net.minecraftforge.fml.loading.moddiscovery.ModFileInfo/LOADING]: Found valid mod file libraryferret-forge-1.20.1-4.0.0.jar with {libraryferret} mods - versions {4.0.0}
[05Dec2025 00:58:49.474] [main/DEBUG] [net.minecraftforge.fml.loading.moddiscovery.ModFile/LOADING]: Loading mod file /workspaces/server-de-minecraft/servidor_minecraft/mods/libraryferret-forge-1.20.1-4.0.0.jar with languages [LanguageSpec[languageName=javafml, acceptedVersions=[47,)]]
[05Dec2025 00:58:49.474] [main/DEBUG] [net.minecraftforge.fml.loading.moddiscovery.ModFileParser/LOADING]: Considering mod file candidate /workspaces/server-de-minecraft/servidor_minecraft/mods/reap-1.20.1-1.0.2.jar
[05Dec2025 00:58:49.474] [main/DEBUG] [net.minecraftforge.fml.loading.moddiscovery.ModFileInfo/LOADING]: Found valid mod file reap-1.20.1-1.0.2.jar with {reap} mods - versions {1.20.1-1.0.2}
[05Dec2025 00:58:49.475] [main/DEBUG] [net.minecraftforge.fml.loading.moddiscovery.ModFile/LOADING]: Loading mod file /workspaces/server-de-minecraft/servidor_minecraft/mods/reap-1.20.1-1.0.2.jar with languages [LanguageSpec[languageName=javafml, acceptedVersions=[47,)]]
[05Dec2025 00:58:49.475] [main/DEBUG] [net.minecraftforge.fml.loading.moddiscovery.ModFileParser/LOADING]: Considering mod file candidate /workspaces/server-de-minecraft/servidor_minecraft/mods/waystones-forge-1.20.1-14.1.17.jar
[05Dec2025 00:58:49.475] [main/DEBUG] [net.minecraftforge.fml.loading.moddiscovery.ModFileInfo/LOADING]: Found valid mod file waystones-forge-1.20.1-14.1.17.jar with {waystones} mods - versions {14.1.17}
[05Dec2025 00:58:49.475] [main/DEBUG] [net.minecraftforge.fml.loading.moddiscovery.ModFile/LOADING]: Loading mod file /workspaces/server-de-minecraft/servidor_minecraft/mods/waystones-forge-1.20.1-14.1.17.jar with languages [LanguageSpec[languageName=javafml, acceptedVersions=[46,)]]
[05Dec2025 00:58:49.475] [main/DEBUG] [net.minecraftforge.fml.loading.moddiscovery.ModFileParser/LOADING]: Considering mod file candidate /workspaces/server-de-minecraft/servidor_minecraft/mods/Clumps-forge-1.20.1-12.0.0.4.jar
[05Dec2025 00:58:49.476] [main/DEBUG] [net.minecraftforge.fml.loading.moddiscovery.ModFileInfo/LOADING]: Found valid mod file Clumps-forge-1.20.1-12.0.0.4.jar with {clumps} mods - versions {12.0.0.4}
[05Dec2025 00:58:49.476] [main/DEBUG] [net.minecraftforge.fml.loading.moddiscovery.ModFile/LOADING]: Loading mod file /workspaces/server-de-minecraft/servidor_minecraft/mods/Clumps-forge-1.20.1-12.0.0.4.jar with languages [LanguageSpec[languageName=javafml, acceptedVersions=[41,)]]
[05Dec2025 00:58:49.476] [main/DEBUG] [net.minecraftforge.fml.loading.moddiscovery.ModFileParser/LOADING]: Considering mod file candidate /workspaces/server-de-minecraft/servidor_minecraft/mods/XaerosWorldMap_1.39.12_Forge_1.20.jar
[05Dec2025 00:58:49.476] [main/DEBUG] [net.minecraftforge.fml.loading.moddiscovery.ModFileInfo/LOADING]: Found valid mod file XaerosWorldMap_1.39.12_Forge_1.20.jar with {xaeroworldmap} mods - versions {1.39.12}
[05Dec2025 00:58:49.477] [main/DEBUG] [net.minecraftforge.fml.loading.moddiscovery.ModFile/LOADING]: Loading mod file /workspaces/server-de-minecraft/servidor_minecraft/mods/XaerosWorldMap_1.39.12_Forge_1.20.jar with languages [LanguageSpec[languageName=javafml, acceptedVersions=[46,48)]]
[05Dec2025 00:58:49.479] [main/DEBUG] [net.minecraftforge.fml.loading.moddiscovery.ModFileParser/LOADING]: Found coremod xaeroworldmap_core with Javascript path META-INF/xaeroworldmap_core.js
[05Dec2025 00:58:49.479] [main/DEBUG] [net.minecraftforge.fml.loading.moddiscovery.ModFile/LOADING]: Found coremod META-INF/xaeroworldmap_core.js
[05Dec2025 00:58:49.479] [main/DEBUG] [net.minecraftforge.fml.loading.moddiscovery.ModFileParser/LOADING]: Considering mod file candidate /workspaces/server-de-minecraft/servidor_minecraft/mods/modernfix-forge-5.25.1+mc1.20.1.jar
[05Dec2025 00:58:49.479] [main/DEBUG] [net.minecraftforge.fml.loading.moddiscovery.ModFileInfo/LOADING]: Found valid mod file modernfix-forge-5.25.1+mc1.20.1.jar with {modernfix} mods - versions {5.25.1+mc1.20.1}
[05Dec2025 00:58:49.480] [main/DEBUG] [net.minecraftforge.fml.loading.moddiscovery.ModFile/LOADING]: Loading mod file /workspaces/server-de-minecraft/servidor_minecraft/mods/modernfix-forge-5.25.1+mc1.20.1.jar with languages [LanguageSpec[languageName=javafml, acceptedVersions=[46,)]]
[05Dec2025 00:58:49.480] [main/DEBUG] [net.minecraftforge.fml.loading.moddiscovery.ModFileParser/LOADING]: Considering mod file candidate /workspaces/server-de-minecraft/servidor_minecraft/mods/Placebo-1.20.1-8.6.3.jar
[05Dec2025 00:58:49.480] [main/DEBUG] [net.minecraftforge.fml.loading.moddiscovery.ModFileInfo/LOADING]: Found valid mod file Placebo-1.20.1-8.6.3.jar with {placebo} mods - versions {8.6.3}
[05Dec2025 00:58:49.480] [main/DEBUG] [net.minecraftforge.fml.loading.moddiscovery.ModFile/LOADING]: Loading mod file /workspaces/server-de-minecraft/servidor_minecraft/mods/Placebo-1.20.1-8.6.3.jar with languages [LanguageSpec[languageName=javafml, acceptedVersions=[32,)]]
[05Dec2025 00:58:49.481] [main/DEBUG] [net.minecraftforge.fml.loading.moddiscovery.ModFileParser/LOADING]: Found coremod placebo_get_ench_level_event with Javascript path coremods/get_ench_level_event.js
[05Dec2025 00:58:49.481] [main/DEBUG] [net.minecraftforge.fml.loading.moddiscovery.ModFileParser/LOADING]: Found coremod placebo_get_ench_level_event_specific with Javascript path coremods/get_ench_level_event_specific.js
[05Dec2025 00:58:49.481] [main/DEBUG] [net.minecraftforge.fml.loading.moddiscovery.ModFile/LOADING]: Found coremod coremods/get_ench_level_event.js
[05Dec2025 00:58:49.481] [main/DEBUG] [net.minecraftforge.fml.loading.moddiscovery.ModFile/LOADING]: Found coremod coremods/get_ench_level_event_specific.js
[05Dec2025 00:58:49.481] [main/DEBUG] [net.minecraftforge.fml.loading.moddiscovery.ModFileParser/LOADING]: Considering mod file candidate /workspaces/server-de-minecraft/servidor_minecraft/mods/Prism-1.20.1-forge-1.0.5.jar
[05Dec2025 00:58:49.481] [main/DEBUG] [net.minecraftforge.fml.loading.moddiscovery.ModFileInfo/LOADING]: Found valid mod file Prism-1.20.1-forge-1.0.5.jar with {prism} mods - versions {1.0.5}
[05Dec2025 00:58:49.481] [main/DEBUG] [net.minecraftforge.fml.loading.moddiscovery.ModFile/LOADING]: Loading mod file /workspaces/server-de-minecraft/servidor_minecraft/mods/Prism-1.20.1-forge-1.0.5.jar with languages [LanguageSpec[languageName=javafml, acceptedVersions=[46,)]]
[05Dec2025 00:58:49.482] [main/DEBUG] [net.minecraftforge.fml.loading.moddiscovery.ModFileParser/LOADING]: Considering mod file candidate /workspaces/server-de-minecraft/servidor_minecraft/mods/NaturesCompass-1.20.1-1.11.2-forge.jar
[05Dec2025 00:58:49.482] [main/DEBUG] [net.minecraftforge.fml.loading.moddiscovery.ModFileInfo/LOADING]: Found valid mod file NaturesCompass-1.20.1-1.11.2-forge.jar with {naturescompass} mods - versions {1.20.1-1.11.2-forge}
[05Dec2025 00:58:49.482] [main/DEBUG] [net.minecraftforge.fml.loading.moddiscovery.ModFile/LOADING]: Loading mod file /workspaces/server-de-minecraft/servidor_minecraft/mods/NaturesCompass-1.20.1-1.11.2-forge.jar with languages [LanguageSpec[languageName=javafml, acceptedVersions=[47,)]]
[05Dec2025 00:58:49.482] [main/DEBUG] [net.minecraftforge.fml.loading.moddiscovery.ModFileParser/LOADING]: Considering mod file candidate /workspaces/server-de-minecraft/servidor_minecraft/mods/travelersbackpack-forge-1.20.1-9.1.46.jar
[05Dec2025 00:58:49.483] [main/DEBUG] [net.minecraftforge.fml.loading.moddiscovery.ModFileInfo/LOADING]: Found valid mod file travelersbackpack-forge-1.20.1-9.1.46.jar with {travelersbackpack} mods - versions {9.1.46}
[05Dec2025 00:58:49.483] [main/DEBUG] [net.minecraftforge.fml.loading.moddiscovery.ModFile/LOADING]: Loading mod file /workspaces/server-de-minecraft/servidor_minecraft/mods/travelersbackpack-forge-1.20.1-9.1.46.jar with languages [LanguageSpec[languageName=javafml, acceptedVersions=[46,)]]
[05Dec2025 00:58:49.483] [main/DEBUG] [net.minecraftforge.fml.loading.moddiscovery.ModFileParser/LOADING]: Considering mod file candidate /workspaces/server-de-minecraft/servidor_minecraft/mods/configured-forge-1.20.1-2.2.3.jar
[05Dec2025 00:58:49.483] [main/DEBUG] [net.minecraftforge.fml.loading.moddiscovery.ModFileInfo/LOADING]: Found valid mod file configured-forge-1.20.1-2.2.3.jar with {configured} mods - versions {2.2.3}
[05Dec2025 00:58:49.484] [main/DEBUG] [net.minecraftforge.fml.loading.moddiscovery.ModFile/LOADING]: Loading mod file /workspaces/server-de-minecraft/servidor_minecraft/mods/configured-forge-1.20.1-2.2.3.jar with languages [LanguageSpec[languageName=javafml, acceptedVersions=[39,)]]
[05Dec2025 00:58:49.484] [main/DEBUG] [net.minecraftforge.fml.loading.moddiscovery.ModFileParser/LOADING]: Considering mod file candidate /workspaces/server-de-minecraft/servidor_minecraft/mods/GatewaysToEternity-1.20.1-4.2.6.jar
[05Dec2025 00:58:49.484] [main/DEBUG] [net.minecraftforge.fml.loading.moddiscovery.ModFileInfo/LOADING]: Found valid mod file GatewaysToEternity-1.20.1-4.2.6.jar with {gateways} mods - versions {4.2.6}
[05Dec2025 00:58:49.484] [main/DEBUG] [net.minecraftforge.fml.loading.moddiscovery.ModFile/LOADING]: Loading mod file /workspaces/server-de-minecraft/servidor_minecraft/mods/GatewaysToEternity-1.20.1-4.2.6.jar with languages [LanguageSpec[languageName=javafml, acceptedVersions=[32,)]]
[05Dec2025 00:58:49.484] [main/DEBUG] [net.minecraftforge.fml.loading.moddiscovery.ModFileParser/LOADING]: Considering mod file candidate /workspaces/server-de-minecraft/servidor_minecraft/mods/MaxHealthFix-Forge-1.20.1-12.0.3.jar
[05Dec2025 00:58:49.485] [main/DEBUG] [net.minecraftforge.fml.loading.moddiscovery.ModFileInfo/LOADING]: Found valid mod file MaxHealthFix-Forge-1.20.1-12.0.3.jar with {maxhealthfix} mods - versions {12.0.3}
[05Dec2025 00:58:49.485] [main/DEBUG] [net.minecraftforge.fml.loading.moddiscovery.ModFile/LOADING]: Loading mod file /workspaces/server-de-minecraft/servidor_minecraft/mods/MaxHealthFix-Forge-1.20.1-12.0.3.jar with languages [LanguageSpec[languageName=javafml, acceptedVersions=[47,)]]
[05Dec2025 00:58:49.485] [main/DEBUG] [net.minecraftforge.fml.loading.moddiscovery.ModFileParser/LOADING]: Considering mod file candidate /workspaces/server-de-minecraft/servidor_minecraft/mods/Bookshelf-Forge-1.20.1-20.2.13.jar
[05Dec2025 00:58:49.486] [main/DEBUG] [net.minecraftforge.fml.loading.moddiscovery.ModFileInfo/LOADING]: Found valid mod file Bookshelf-Forge-1.20.1-20.2.13.jar with {bookshelf} mods - versions {20.2.13}
[05Dec2025 00:58:49.486] [main/DEBUG] [net.minecraftforge.fml.loading.moddiscovery.ModFile/LOADING]: Loading mod file /workspaces/server-de-minecraft/servidor_minecraft/mods/Bookshelf-Forge-1.20.1-20.2.13.jar with languages [LanguageSpec[languageName=javafml, acceptedVersions=[47,)]]
[05Dec2025 00:58:49.486] [main/DEBUG] [net.minecraftforge.fml.loading.moddiscovery.ModFileParser/LOADING]: Considering mod file candidate /workspaces/server-de-minecraft/servidor_minecraft/mods/balm-forge-1.20.1-7.3.37-all.jar
[05Dec2025 00:58:49.486] [main/DEBUG] [net.minecraftforge.fml.loading.moddiscovery.ModFileInfo/LOADING]: Found valid mod file balm-forge-1.20.1-7.3.37-all.jar with {balm} mods - versions {7.3.37}
[05Dec2025 00:58:49.486] [main/DEBUG] [net.minecraftforge.fml.loading.moddiscovery.ModFile/LOADING]: Loading mod file /workspaces/server-de-minecraft/servidor_minecraft/mods/balm-forge-1.20.1-7.3.37-all.jar with languages [LanguageSpec[languageName=javafml, acceptedVersions=[46,)]]
[05Dec2025 00:58:49.487] [main/DEBUG] [net.minecraftforge.fml.loading.moddiscovery.ModFileParser/LOADING]: Considering mod file candidate /workspaces/server-de-minecraft/servidor_minecraft/mods/carryon-forge-1.20.1-2.1.2.7.jar
[05Dec2025 00:58:49.487] [main/DEBUG] [net.minecraftforge.fml.loading.moddiscovery.ModFileInfo/LOADING]: Found valid mod file carryon-forge-1.20.1-2.1.2.7.jar with {carryon} mods - versions {2.1.2.7}
[05Dec2025 00:58:49.487] [main/DEBUG] [net.minecraftforge.fml.loading.moddiscovery.ModFile/LOADING]: Loading mod file /workspaces/server-de-minecraft/servidor_minecraft/mods/carryon-forge-1.20.1-2.1.2.7.jar with languages [LanguageSpec[languageName=javafml, acceptedVersions=[46,)]]
[05Dec2025 00:58:49.487] [main/DEBUG] [net.minecraftforge.fml.loading.moddiscovery.ModFileParser/LOADING]: Considering mod file candidate /workspaces/server-de-minecraft/servidor_minecraft/mods/JustEnoughResources-1.20.1-1.4.0.247.jar
[05Dec2025 00:58:49.488] [main/DEBUG] [net.minecraftforge.fml.loading.moddiscovery.ModFileInfo/LOADING]: Found valid mod file JustEnoughResources-1.20.1-1.4.0.247.jar with {jeresources} mods - versions {1.4.0.247}
[05Dec2025 00:58:49.488] [main/DEBUG] [net.minecraftforge.fml.loading.moddiscovery.ModFile/LOADING]: Loading mod file /workspaces/server-de-minecraft/servidor_minecraft/mods/JustEnoughResources-1.20.1-1.4.0.247.jar with languages [LanguageSpec[languageName=javafml, acceptedVersions=[47,)]]
[05Dec2025 00:58:49.488] [main/DEBUG] [net.minecraftforge.fml.loading.moddiscovery.ModFileParser/LOADING]: Considering mod file candidate /workspaces/server-de-minecraft/servidor_minecraft/mods/sodiumoptionsapi-forge-1.0.10-1.20.1.jar
[05Dec2025 00:58:49.488] [main/DEBUG] [net.minecraftforge.fml.loading.moddiscovery.ModFileInfo/LOADING]: Found valid mod file sodiumoptionsapi-forge-1.0.10-1.20.1.jar with {sodiumoptionsapi} mods - versions {1.0.10}
[05Dec2025 00:58:49.489] [main/DEBUG] [net.minecraftforge.fml.loading.moddiscovery.ModFile/LOADING]: Loading mod file /workspaces/server-de-minecraft/servidor_minecraft/mods/sodiumoptionsapi-forge-1.0.10-1.20.1.jar with languages [LanguageSpec[languageName=javafml, acceptedVersions=[1,)]]
[05Dec2025 00:58:49.489] [main/DEBUG] [net.minecraftforge.fml.loading.moddiscovery.ModFileParser/LOADING]: Considering mod file candidate /workspaces/server-de-minecraft/servidor_minecraft/mods/cloth-config-11.1.136-forge.jar
[05Dec2025 00:58:49.489] [main/DEBUG] [net.minecraftforge.fml.loading.moddiscovery.ModFileInfo/LOADING]: Found valid mod file cloth-config-11.1.136-forge.jar with {cloth_config} mods - versions {11.1.136}
[05Dec2025 00:58:49.489] [main/DEBUG] [net.minecraftforge.fml.loading.moddiscovery.ModFile/LOADING]: Loading mod file /workspaces/server-de-minecraft/servidor_minecraft/mods/cloth-config-11.1.136-forge.jar with languages [LanguageSpec[languageName=javafml, acceptedVersions=[34,)]]
[05Dec2025 00:58:49.489] [main/DEBUG] [net.minecraftforge.fml.loading.moddiscovery.ModFileParser/LOADING]: Considering mod file candidate /workspaces/server-de-minecraft/servidor_minecraft/libraries/net/minecraftforge/forge/1.20.1-47.4.3/forge-1.20.1-47.4.3-universal.jar
[05Dec2025 00:58:49.490] [main/DEBUG] [net.minecraftforge.fml.loading.moddiscovery.ModFileInfo/LOADING]: Found valid mod file forge-1.20.1-47.4.3-universal.jar with {forge} mods - versions {47.4.3}
[05Dec2025 00:58:49.490] [main/DEBUG] [net.minecraftforge.fml.loading.moddiscovery.ModFile/LOADING]: Loading mod file /workspaces/server-de-minecraft/servidor_minecraft/libraries/net/minecraftforge/forge/1.20.1-47.4.3/forge-1.20.1-47.4.3-universal.jar with languages [LanguageSpec[languageName=javafml, acceptedVersions=[24,]]]
[05Dec2025 00:58:49.490] [main/DEBUG] [net.minecraftforge.fml.loading.moddiscovery.ModFileParser/LOADING]: Found coremod field_to_method with Javascript path coremods/field_to_method.js
[05Dec2025 00:58:49.490] [main/DEBUG] [net.minecraftforge.fml.loading.moddiscovery.ModFileParser/LOADING]: Found coremod field_to_instanceof with Javascript path coremods/field_to_instanceof.js
[05Dec2025 00:58:49.490] [main/DEBUG] [net.minecraftforge.fml.loading.moddiscovery.ModFileParser/LOADING]: Found coremod add_bouncer_method with Javascript path coremods/add_bouncer_method.js
[05Dec2025 00:58:49.490] [main/DEBUG] [net.minecraftforge.fml.loading.moddiscovery.ModFileParser/LOADING]: Found coremod method_redirector with Javascript path coremods/method_redirector.js
[05Dec2025 00:58:49.490] [main/DEBUG] [net.minecraftforge.fml.loading.moddiscovery.ModFile/LOADING]: Found coremod coremods/field_to_method.js
[05Dec2025 00:58:49.490] [main/DEBUG] [net.minecraftforge.fml.loading.moddiscovery.ModFile/LOADING]: Found coremod coremods/field_to_instanceof.js
[05Dec2025 00:58:49.490] [main/DEBUG] [net.minecraftforge.fml.loading.moddiscovery.ModFile/LOADING]: Found coremod coremods/add_bouncer_method.js
[05Dec2025 00:58:49.491] [main/DEBUG] [net.minecraftforge.fml.loading.moddiscovery.ModFile/LOADING]: Found coremod coremods/method_redirector.js
[05Dec2025 00:58:49.491] [main/DEBUG] [net.minecraftforge.fml.loading.moddiscovery.ModFileParser/LOADING]: Considering mod file candidate /workspaces/server-de-minecraft/servidor_minecraft/mods/dummmmmmy-1.20-2.0.9.jar
[05Dec2025 00:58:49.491] [main/DEBUG] [net.minecraftforge.fml.loading.moddiscovery.ModFileInfo/LOADING]: Found valid mod file dummmmmmy-1.20-2.0.9.jar with {dummmmmmy} mods - versions {1.20-2.0.9}
[05Dec2025 00:58:49.491] [main/DEBUG] [net.minecraftforge.fml.loading.moddiscovery.ModFile/LOADING]: Loading mod file /workspaces/server-de-minecraft/servidor_minecraft/mods/dummmmmmy-1.20-2.0.9.jar with languages [LanguageSpec[languageName=javafml, acceptedVersions=[40,)]]
[05Dec2025 00:58:49.491] [main/DEBUG] [net.minecraftforge.fml.loading.moddiscovery.ModFileParser/LOADING]: Considering mod file candidate /workspaces/server-de-minecraft/servidor_minecraft/mods/sodiumdynamiclights-forge-1.0.10-1.20.1.jar
[05Dec2025 00:58:49.492] [main/DEBUG] [net.minecraftforge.fml.loading.moddiscovery.ModFileInfo/LOADING]: Found valid mod file sodiumdynamiclights-forge-1.0.10-1.20.1.jar with {sodiumdynamiclights} mods - versions {1.0.9}
[05Dec2025 00:58:49.492] [main/DEBUG] [net.minecraftforge.fml.loading.moddiscovery.ModFile/LOADING]: Loading mod file /workspaces/server-de-minecraft/servidor_minecraft/mods/sodiumdynamiclights-forge-1.0.10-1.20.1.jar with languages [LanguageSpec[languageName=javafml, acceptedVersions=[1,)]]
[05Dec2025 00:58:49.492] [main/DEBUG] [net.minecraftforge.fml.loading.moddiscovery.ModFileParser/LOADING]: Considering mod file candidate /workspaces/server-de-minecraft/servidor_minecraft/mods/AdvancementPlaques-1.20.1-forge-1.6.9.jar
[05Dec2025 00:58:49.492] [main/DEBUG] [net.minecraftforge.fml.loading.moddiscovery.ModFileInfo/LOADING]: Found valid mod file AdvancementPlaques-1.20.1-forge-1.6.9.jar with {advancementplaques} mods - versions {1.6.9}
[05Dec2025 00:58:49.493] [main/DEBUG] [net.minecraftforge.fml.loading.moddiscovery.ModFile/LOADING]: Loading mod file /workspaces/server-de-minecraft/servidor_minecraft/mods/AdvancementPlaques-1.20.1-forge-1.6.9.jar with languages [LanguageSpec[languageName=javafml, acceptedVersions=[47,)]]
[05Dec2025 00:58:49.493] [main/DEBUG] [net.minecraftforge.fml.loading.moddiscovery.ModFileParser/LOADING]: Considering mod file candidate /workspaces/server-de-minecraft/servidor_minecraft/mods/ironchest-1.20.1-14.4.4.jar
[05Dec2025 00:58:49.493] [main/DEBUG] [net.minecraftforge.fml.loading.moddiscovery.ModFileInfo/LOADING]: Found valid mod file ironchest-1.20.1-14.4.4.jar with {ironchest} mods - versions {1.20.1-14.4.4}
[05Dec2025 00:58:49.493] [main/DEBUG] [net.minecraftforge.fml.loading.moddiscovery.ModFile/LOADING]: Loading mod file /workspaces/server-de-minecraft/servidor_minecraft/mods/ironchest-1.20.1-14.4.4.jar with languages [LanguageSpec[languageName=javafml, acceptedVersions=[47,)]]
[05Dec2025 00:58:49.493] [main/DEBUG] [net.minecraftforge.fml.loading.moddiscovery.ModFileParser/LOADING]: Considering mod file candidate /workspaces/server-de-minecraft/servidor_minecraft/mods/craftingtweaks-forge-1.20.1-18.2.6.jar
[05Dec2025 00:58:49.494] [main/DEBUG] [net.minecraftforge.fml.loading.moddiscovery.ModFileInfo/LOADING]: Found valid mod file craftingtweaks-forge-1.20.1-18.2.6.jar with {craftingtweaks} mods - versions {18.2.6}
[05Dec2025 00:58:49.494] [main/DEBUG] [net.minecraftforge.fml.loading.moddiscovery.ModFile/LOADING]: Loading mod file /workspaces/server-de-minecraft/servidor_minecraft/mods/craftingtweaks-forge-1.20.1-18.2.6.jar with languages [LanguageSpec[languageName=javafml, acceptedVersions=[46,)]]
[05Dec2025 00:58:49.494] [main/DEBUG] [net.minecraftforge.fml.loading.moddiscovery.ModFileParser/LOADING]: Considering mod file candidate /workspaces/server-de-minecraft/servidor_minecraft/mods/xaeros_waystones_compability-1.0.jar
[05Dec2025 00:58:49.495] [main/DEBUG] [net.minecraftforge.fml.loading.moddiscovery.ModFileInfo/LOADING]: Found valid mod file xaeros_waystones_compability-1.0.jar with {w2w2} mods - versions {1.0}
[05Dec2025 00:58:49.495] [main/DEBUG] [net.minecraftforge.fml.loading.moddiscovery.ModFile/LOADING]: Loading mod file /workspaces/server-de-minecraft/servidor_minecraft/mods/xaeros_waystones_compability-1.0.jar with languages [LanguageSpec[languageName=javafml, acceptedVersions=[43,)]]
[05Dec2025 00:58:49.495] [main/DEBUG] [net.minecraftforge.fml.loading.moddiscovery.ModFileInfo/LOADING]: Found valid mod file server-1.20.1-20230612.114412-srg.jar with {minecraft} mods - versions {1.20.1}
[05Dec2025 00:58:49.495] [main/DEBUG] [net.minecraftforge.fml.loading.moddiscovery.ModFile/LOADING]: Loading mod file /workspaces/server-de-minecraft/servidor_minecraft/libraries/net/minecraft/server/1.20.1-20230612.114412/server-1.20.1-20230612.114412-srg.jar with languages [LanguageSpec[languageName=minecraft, acceptedVersions=1]]
[05Dec2025 00:58:49.495] [main/DEBUG] [net.minecraftforge.fml.loading.moddiscovery.ModFileParser/LOADING]: Considering mod file candidate 
[05Dec2025 00:58:49.496] [main/DEBUG] [net.minecraftforge.fml.loading.moddiscovery.ModFileInfo/LOADING]: Found valid mod file fabric-api-base-0.4.31+ef105b4977.jar with {fabric_api_base} mods - versions {0.4.31+ef105b4977}
[05Dec2025 00:58:49.496] [main/DEBUG] [net.minecraftforge.fml.loading.moddiscovery.ModFile/LOADING]: Loading mod file  with languages [LanguageSpec[languageName=javafml, acceptedVersions=[47,)]]
[05Dec2025 00:58:49.496] [main/DEBUG] [net.minecraftforge.fml.loading.moddiscovery.ModFileParser/LOADING]: Considering mod file candidate /workspaces/server-de-minecraft/servidor_minecraft/mods/moonlight-1.20-2.16.16-forge.jar
[05Dec2025 00:58:49.497] [main/DEBUG] [net.minecraftforge.fml.loading.moddiscovery.ModFileInfo/LOADING]: Found valid mod file moonlight-1.20-2.16.16-forge.jar with {moonlight} mods - versions {1.20-2.16.16}
[05Dec2025 00:58:49.497] [main/DEBUG] [net.minecraftforge.fml.loading.moddiscovery.ModFile/LOADING]: Loading mod file /workspaces/server-de-minecraft/servidor_minecraft/mods/moonlight-1.20-2.16.16-forge.jar with languages [LanguageSpec[languageName=javafml, acceptedVersions=[40,)]]
[05Dec2025 00:58:49.497] [main/DEBUG] [net.minecraftforge.fml.loading.moddiscovery.ModFileParser/LOADING]: Considering mod file candidate /workspaces/server-de-minecraft/servidor_minecraft/mods/Jade-1.20.1-Forge-11.13.2.jar
[05Dec2025 00:58:49.497] [main/DEBUG] [net.minecraftforge.fml.loading.moddiscovery.ModFileInfo/LOADING]: Found valid mod file Jade-1.20.1-Forge-11.13.2.jar with {jade} mods - versions {11.13.2+forge}
[05Dec2025 00:58:49.498] [main/DEBUG] [net.minecraftforge.fml.loading.moddiscovery.ModFile/LOADING]: Loading mod file /workspaces/server-de-minecraft/servidor_minecraft/mods/Jade-1.20.1-Forge-11.13.2.jar with languages [LanguageSpec[languageName=javafml, acceptedVersions=[46,)]]
[05Dec2025 00:58:49.498] [main/DEBUG] [net.minecraftforge.fml.loading.moddiscovery.ModFileParser/LOADING]: Considering mod file candidate /workspaces/server-de-minecraft/servidor_minecraft/mods/ironfurnaces-1.20.1-4.1.6.jar
[05Dec2025 00:58:49.498] [main/DEBUG] [net.minecraftforge.fml.loading.moddiscovery.ModFileInfo/LOADING]: Found valid mod file ironfurnaces-1.20.1-4.1.6.jar with {ironfurnaces} mods - versions {4.1.6}
[05Dec2025 00:58:49.498] [main/DEBUG] [net.minecraftforge.fml.loading.moddiscovery.ModFile/LOADING]: Loading mod file /workspaces/server-de-minecraft/servidor_minecraft/mods/ironfurnaces-1.20.1-4.1.6.jar with languages [LanguageSpec[languageName=javafml, acceptedVersions=[46,)]]
[05Dec2025 00:58:49.499] [main/DEBUG] [net.minecraftforge.fml.loading.moddiscovery.ModFileParser/LOADING]: Considering mod file candidate /workspaces/server-de-minecraft/servidor_minecraft/mods/CreativeCore_FORGE_v2.12.32_mc1.20.1.jar
[05Dec2025 00:58:49.499] [main/DEBUG] [net.minecraftforge.fml.loading.moddiscovery.ModFileInfo/LOADING]: Found valid mod file CreativeCore_FORGE_v2.12.32_mc1.20.1.jar with {creativecore} mods - versions {2.12.32}
[05Dec2025 00:58:49.499] [main/DEBUG] [net.minecraftforge.fml.loading.moddiscovery.ModFile/LOADING]: Loading mod file /workspaces/server-de-minecraft/servidor_minecraft/mods/CreativeCore_FORGE_v2.12.32_mc1.20.1.jar with languages [LanguageSpec[languageName=javafml, acceptedVersions=[46,)]]
[05Dec2025 00:58:49.499] [main/DEBUG] [net.minecraftforge.fml.loading.moddiscovery.ModFileParser/LOADING]: Considering mod file candidate 
[05Dec2025 00:58:49.500] [main/DEBUG] [net.minecraftforge.fml.loading.moddiscovery.ModFileInfo/LOADING]: Found valid mod file spectrelib-forge-0.13.17+1.20.1.jar with {spectrelib} mods - versions {0.13.17+1.20.1}
[05Dec2025 00:58:49.500] [main/DEBUG] [net.minecraftforge.fml.loading.moddiscovery.ModFile/LOADING]: Loading mod file  with languages [LanguageSpec[languageName=javafml, acceptedVersions=[41,)]]
[05Dec2025 00:58:49.500] [main/DEBUG] [net.minecraftforge.fml.loading.moddiscovery.ModFileParser/LOADING]: Considering mod file candidate /workspaces/server-de-minecraft/servidor_minecraft/mods/cleanswing-1.20-1.8.jar
[05Dec2025 00:58:49.501] [main/DEBUG] [net.minecraftforge.fml.loading.moddiscovery.ModFileInfo/LOADING]: Found valid mod file cleanswing-1.20-1.8.jar with {cleanswing} mods - versions {1.8}
[05Dec2025 00:58:49.501] [main/DEBUG] [net.minecraftforge.fml.loading.moddiscovery.ModFile/LOADING]: Loading mod file /workspaces/server-de-minecraft/servidor_minecraft/mods/cleanswing-1.20-1.8.jar with languages [LanguageSpec[languageName=javafml, acceptedVersions=[36,)]]
[05Dec2025 00:58:49.501] [main/DEBUG] [net.minecraftforge.fml.loading.moddiscovery.ModFileParser/LOADING]: Considering mod file candidate /workspaces/server-de-minecraft/servidor_minecraft/mods/smoothboot(reloaded)-mc1.20.1-0.0.4.jar
[05Dec2025 00:58:49.502] [main/DEBUG] [net.minecraftforge.fml.loading.moddiscovery.ModFileInfo/LOADING]: Found valid mod file smoothboot(reloaded)-mc1.20.1-0.0.4.jar with {smoothboot} mods - versions {0.0.4}
[05Dec2025 00:58:49.502] [main/DEBUG] [net.minecraftforge.fml.loading.moddiscovery.ModFile/LOADING]: Loading mod file /workspaces/server-de-minecraft/servidor_minecraft/mods/smoothboot(reloaded)-mc1.20.1-0.0.4.jar with languages [LanguageSpec[languageName=javafml, acceptedVersions=[47,)]]
[05Dec2025 00:58:49.502] [main/DEBUG] [net.minecraftforge.fml.loading.moddiscovery.ModFileParser/LOADING]: Considering mod file candidate /workspaces/server-de-minecraft/servidor_minecraft/mods/Highlighter-1.20.1-forge-1.1.9.jar
[05Dec2025 00:58:49.503] [main/DEBUG] [net.minecraftforge.fml.loading.moddiscovery.ModFileInfo/LOADING]: Found valid mod file Highlighter-1.20.1-forge-1.1.9.jar with {highlighter} mods - versions {1.1.9}
[05Dec2025 00:58:49.503] [main/DEBUG] [net.minecraftforge.fml.loading.moddiscovery.ModFile/LOADING]: Loading mod file /workspaces/server-de-minecraft/servidor_minecraft/mods/Highlighter-1.20.1-forge-1.1.9.jar with languages [LanguageSpec[languageName=javafml, acceptedVersions=[46,)]]
[05Dec2025 00:58:49.503] [main/DEBUG] [net.minecraftforge.fml.loading.moddiscovery.ModFileParser/LOADING]: Considering mod file candidate /workspaces/server-de-minecraft/servidor_minecraft/mods/jeiintegration_1.20.1-10.0.0.jar
[05Dec2025 00:58:49.504] [main/DEBUG] [net.minecraftforge.fml.loading.moddiscovery.ModFileInfo/LOADING]: Found valid mod file jeiintegration_1.20.1-10.0.0.jar with {jeiintegration} mods - versions {10.0.0}
[05Dec2025 00:58:49.504] [main/DEBUG] [net.minecraftforge.fml.loading.moddiscovery.ModFile/LOADING]: Loading mod file /workspaces/server-de-minecraft/servidor_minecraft/mods/jeiintegration_1.20.1-10.0.0.jar with languages [LanguageSpec[languageName=javafml, acceptedVersions=[43,)]]
[05Dec2025 00:58:49.504] [main/DEBUG] [net.minecraftforge.fml.loading.moddiscovery.ModFileParser/LOADING]: Considering mod file candidate /workspaces/server-de-minecraft/servidor_minecraft/mods/curios-forge-5.14.1+1.20.1.jar
[05Dec2025 00:58:49.505] [main/DEBUG] [net.minecraftforge.fml.loading.moddiscovery.ModFileInfo/LOADING]: Found valid mod file curios-forge-5.14.1+1.20.1.jar with {curios} mods - versions {5.14.1+1.20.1}
[05Dec2025 00:58:49.505] [main/DEBUG] [net.minecraftforge.fml.loading.moddiscovery.ModFile/LOADING]: Loading mod file /workspaces/server-de-minecraft/servidor_minecraft/mods/curios-forge-5.14.1+1.20.1.jar with languages [LanguageSpec[languageName=javafml, acceptedVersions=[41,)]]
[05Dec2025 00:58:49.505] [main/DEBUG] [net.minecraftforge.fml.loading.moddiscovery.ModFileParser/LOADING]: Considering mod file candidate /workspaces/server-de-minecraft/servidor_minecraft/mods/Iceberg-1.20.1-forge-1.1.25.jar
[05Dec2025 00:58:49.506] [main/DEBUG] [net.minecraftforge.fml.loading.moddiscovery.ModFileInfo/LOADING]: Found valid mod file Iceberg-1.20.1-forge-1.1.25.jar with {iceberg} mods - versions {1.1.25}
[05Dec2025 00:58:49.506] [main/DEBUG] [net.minecraftforge.fml.loading.moddiscovery.ModFile/LOADING]: Loading mod file /workspaces/server-de-minecraft/servidor_minecraft/mods/Iceberg-1.20.1-forge-1.1.25.jar with languages [LanguageSpec[languageName=javafml, acceptedVersions=[47,)]]
[05Dec2025 00:58:49.506] [main/DEBUG] [net.minecraftforge.fml.loading.moddiscovery.ModFileParser/LOADING]: Considering mod file candidate /workspaces/server-de-minecraft/servidor_minecraft/mods/mutil-1.20.1-6.2.0.jar
[05Dec2025 00:58:49.507] [main/DEBUG] [net.minecraftforge.fml.loading.moddiscovery.ModFileInfo/LOADING]: Found valid mod file mutil-1.20.1-6.2.0.jar with {mutil} mods - versions {6.2.0}
[05Dec2025 00:58:49.507] [main/DEBUG] [net.minecraftforge.fml.loading.moddiscovery.ModFile/LOADING]: Loading mod file /workspaces/server-de-minecraft/servidor_minecraft/mods/mutil-1.20.1-6.2.0.jar with languages [LanguageSpec[languageName=javafml, acceptedVersions=[47,)]]
[05Dec2025 00:58:49.507] [main/DEBUG] [net.minecraftforge.fml.loading.moddiscovery.ModFileParser/LOADING]: Considering mod file candidate /workspaces/server-de-minecraft/servidor_minecraft/mods/Xaeros_Minimap_25.2.10_Forge_1.20.jar
[05Dec2025 00:58:49.508] [main/DEBUG] [net.minecraftforge.fml.loading.moddiscovery.ModFileInfo/LOADING]: Found valid mod file Xaeros_Minimap_25.2.10_Forge_1.20.jar with {xaerominimap} mods - versions {25.2.10}
[05Dec2025 00:58:49.508] [main/DEBUG] [net.minecraftforge.fml.loading.moddiscovery.ModFile/LOADING]: Loading mod file /workspaces/server-de-minecraft/servidor_minecraft/mods/Xaeros_Minimap_25.2.10_Forge_1.20.jar with languages [LanguageSpec[languageName=javafml, acceptedVersions=[46,48)]]
[05Dec2025 00:58:49.508] [main/DEBUG] [net.minecraftforge.fml.loading.moddiscovery.ModFileParser/LOADING]: Found coremod xaerohud_core with Javascript path META-INF/xaerohud_core.js
[05Dec2025 00:58:49.509] [main/DEBUG] [net.minecraftforge.fml.loading.moddiscovery.ModFile/LOADING]: Found coremod META-INF/xaerohud_core.js
[05Dec2025 00:58:49.509] [main/DEBUG] [net.minecraftforge.fml.loading.moddiscovery.ModFileParser/LOADING]: Considering mod file candidate /workspaces/server-de-minecraft/servidor_minecraft/mods/gravestone-forge-1.20.1-1.0.35.jar
[05Dec2025 00:58:49.509] [main/DEBUG] [net.minecraftforge.fml.loading.moddiscovery.ModFileInfo/LOADING]: Found valid mod file gravestone-forge-1.20.1-1.0.35.jar with {gravestone} mods - versions {1.20.1-1.0.35}
[05Dec2025 00:58:49.509] [main/DEBUG] [net.minecraftforge.fml.loading.moddiscovery.ModFile/LOADING]: Loading mod file /workspaces/server-de-minecraft/servidor_minecraft/mods/gravestone-forge-1.20.1-1.0.35.jar with languages [LanguageSpec[languageName=javafml, acceptedVersions=*]]
[05Dec2025 00:58:49.510] [main/DEBUG] [net.minecraftforge.fml.loading.moddiscovery.ModFileParser/LOADING]: Considering mod file candidate /workspaces/server-de-minecraft/servidor_minecraft/mods/FastWorkbench-1.20.1-8.0.4.jar
[05Dec2025 00:58:49.510] [main/DEBUG] [net.minecraftforge.fml.loading.moddiscovery.ModFileInfo/LOADING]: Found valid mod file FastWorkbench-1.20.1-8.0.4.jar with {fastbench} mods - versions {8.0.4}
[05Dec2025 00:58:49.510] [main/DEBUG] [net.minecraftforge.fml.loading.moddiscovery.ModFile/LOADING]: Loading mod file /workspaces/server-de-minecraft/servidor_minecraft/mods/FastWorkbench-1.20.1-8.0.4.jar with languages [LanguageSpec[languageName=javafml, acceptedVersions=[32,)]]
[05Dec2025 00:58:49.511] [main/DEBUG] [net.minecraftforge.fml.loading.moddiscovery.ModFileParser/LOADING]: Considering mod file candidate /workspaces/server-de-minecraft/servidor_minecraft/mods/polymorph-forge-0.49.10+1.20.1.jar
[05Dec2025 00:58:49.511] [main/DEBUG] [net.minecraftforge.fml.loading.moddiscovery.ModFileInfo/LOADING]: Found valid mod file polymorph-forge-0.49.10+1.20.1.jar with {polymorph} mods - versions {0.49.10+1.20.1}
[05Dec2025 00:58:49.511] [main/DEBUG] [net.minecraftforge.fml.loading.moddiscovery.ModFile/LOADING]: Loading mod file /workspaces/server-de-minecraft/servidor_minecraft/mods/polymorph-forge-0.49.10+1.20.1.jar with languages [LanguageSpec[languageName=javafml, acceptedVersions=[41,)]]
[05Dec2025 00:58:49.511] [main/DEBUG] [net.minecraftforge.fml.loading.moddiscovery.ModFileParser/LOADING]: Considering mod file candidate /workspaces/server-de-minecraft/servidor_minecraft/mods/Searchables-forge-1.20.1-1.0.3.jar
[05Dec2025 00:58:49.512] [main/DEBUG] [net.minecraftforge.fml.loading.moddiscovery.ModFileInfo/LOADING]: Found valid mod file Searchables-forge-1.20.1-1.0.3.jar with {searchables} mods - versions {1.0.3}
[05Dec2025 00:58:49.512] [main/DEBUG] [net.minecraftforge.fml.loading.moddiscovery.ModFile/LOADING]: Loading mod file /workspaces/server-de-minecraft/servidor_minecraft/mods/Searchables-forge-1.20.1-1.0.3.jar with languages [LanguageSpec[languageName=javafml, acceptedVersions=[41,)]]
[05Dec2025 00:58:49.513] [main/DEBUG] [net.minecraftforge.fml.loading.moddiscovery.ModFileParser/LOADING]: Considering mod file candidate /workspaces/server-de-minecraft/servidor_minecraft/mods/ParCool-1.20.1-3.4.1.5.jar
[05Dec2025 00:58:49.513] [main/DEBUG] [net.minecraftforge.fml.loading.moddiscovery.ModFileInfo/LOADING]: Found valid mod file ParCool-1.20.1-3.4.1.5.jar with {parcool} mods - versions {3.4.1.5}
[05Dec2025 00:58:49.514] [main/DEBUG] [net.minecraftforge.fml.loading.moddiscovery.ModFile/LOADING]: Loading mod file /workspaces/server-de-minecraft/servidor_minecraft/mods/ParCool-1.20.1-3.4.1.5.jar with languages [LanguageSpec[languageName=javafml, acceptedVersions=[43,)]]
[05Dec2025 00:58:49.514] [main/DEBUG] [net.minecraftforge.fml.loading.moddiscovery.ModFileParser/LOADING]: Considering mod file candidate /workspaces/server-de-minecraft/servidor_minecraft/mods/sit-1.20.1-1.3.5.jar
[05Dec2025 00:58:49.514] [main/DEBUG] [net.minecraftforge.fml.loading.moddiscovery.ModFileInfo/LOADING]: Found valid mod file sit-1.20.1-1.3.5.jar with {sit} mods - versions {1.3.5}
[05Dec2025 00:58:49.515] [main/DEBUG] [net.minecraftforge.fml.loading.moddiscovery.ModFile/LOADING]: Loading mod file /workspaces/server-de-minecraft/servidor_minecraft/mods/sit-1.20.1-1.3.5.jar with languages [LanguageSpec[languageName=javafml, acceptedVersions=[46,)]]
[05Dec2025 00:58:49.515] [main/DEBUG] [net.minecraftforge.fml.loading.moddiscovery.ModFileParser/LOADING]: Considering mod file candidate /workspaces/server-de-minecraft/servidor_minecraft/mods/ApothicAttributes-1.20.1-1.3.7.jar
[05Dec2025 00:58:49.515] [main/DEBUG] [net.minecraftforge.fml.loading.moddiscovery.ModFileInfo/LOADING]: Found valid mod file ApothicAttributes-1.20.1-1.3.7.jar with {attributeslib} mods - versions {1.3.7}
[05Dec2025 00:58:49.515] [main/DEBUG] [net.minecraftforge.fml.loading.moddiscovery.ModFile/LOADING]: Loading mod file /workspaces/server-de-minecraft/servidor_minecraft/mods/ApothicAttributes-1.20.1-1.3.7.jar with languages [LanguageSpec[languageName=javafml, acceptedVersions=[32,)]]
[05Dec2025 00:58:49.516] [main/DEBUG] [net.minecraftforge.fml.loading.moddiscovery.ModFileParser/LOADING]: Found coremod attributeslib_potion_gui_tooltips with Javascript path coremods/potion_gui_tooltips.js
[05Dec2025 00:58:49.516] [main/DEBUG] [net.minecraftforge.fml.loading.moddiscovery.ModFile/LOADING]: Found coremod coremods/potion_gui_tooltips.js
[05Dec2025 00:58:49.516] [main/DEBUG] [net.minecraftforge.fml.loading.moddiscovery.ModFileParser/LOADING]: Considering mod file candidate /workspaces/server-de-minecraft/servidor_minecraft/mods/bettervillage-forge-1.20.1-3.3.1-all.jar
[05Dec2025 00:58:49.517] [main/DEBUG] [net.minecraftforge.fml.loading.moddiscovery.ModFileInfo/LOADING]: Found valid mod file bettervillage-forge-1.20.1-3.3.1-all.jar with {bettervillage} mods - versions {3.3.1}
[05Dec2025 00:58:49.517] [main/DEBUG] [net.minecraftforge.fml.loading.moddiscovery.ModFile/LOADING]: Loading mod file /workspaces/server-de-minecraft/servidor_minecraft/mods/bettervillage-forge-1.20.1-3.3.1-all.jar with languages [LanguageSpec[languageName=javafml, acceptedVersions=[0,)]]
[05Dec2025 00:58:49.517] [main/DEBUG] [net.minecraftforge.fml.loading.moddiscovery.ModFileParser/LOADING]: Considering mod file candidate /workspaces/server-de-minecraft/servidor_minecraft/mods/lostcities-1.20-7.4.5.jar
[05Dec2025 00:58:49.518] [main/DEBUG] [net.minecraftforge.fml.loading.moddiscovery.ModFileInfo/LOADING]: Found valid mod file lostcities-1.20-7.4.5.jar with {lostcities} mods - versions {1.20-7.4.5}
[05Dec2025 00:58:49.518] [main/DEBUG] [net.minecraftforge.fml.loading.moddiscovery.ModFile/LOADING]: Loading mod file /workspaces/server-de-minecraft/servidor_minecraft/mods/lostcities-1.20-7.4.5.jar with languages [LanguageSpec[languageName=javafml, acceptedVersions=[47,)]]
[05Dec2025 00:58:49.518] [main/DEBUG] [net.minecraftforge.fml.loading.moddiscovery.ModFileParser/LOADING]: Considering mod file candidate /workspaces/server-de-minecraft/servidor_minecraft/mods/JujutsuCraft-ver44.3-forge-1.20.1.jar
[05Dec2025 00:58:49.518] [main/DEBUG] [net.minecraftforge.fml.loading.moddiscovery.ModFileInfo/LOADING]: Found valid mod file JujutsuCraft-ver44.3-forge-1.20.1.jar with {jujutsucraft} mods - versions {44.2}
[05Dec2025 00:58:49.518] [main/DEBUG] [net.minecraftforge.fml.loading.moddiscovery.ModFile/LOADING]: Loading mod file /workspaces/server-de-minecraft/servidor_minecraft/mods/JujutsuCraft-ver44.3-forge-1.20.1.jar with languages [LanguageSpec[languageName=javafml, acceptedVersions=[47,)]]
[05Dec2025 00:58:49.519] [main/DEBUG] [net.minecraftforge.fml.loading.moddiscovery.ModFileParser/LOADING]: Considering mod file candidate /workspaces/server-de-minecraft/servidor_minecraft/mods/FastFurnace-1.20.1-8.0.2.jar
[05Dec2025 00:58:49.519] [main/DEBUG] [net.minecraftforge.fml.loading.moddiscovery.ModFileInfo/LOADING]: Found valid mod file FastFurnace-1.20.1-8.0.2.jar with {fastfurnace} mods - versions {8.0.2}
[05Dec2025 00:58:49.519] [main/DEBUG] [net.minecraftforge.fml.loading.moddiscovery.ModFile/LOADING]: Loading mod file /workspaces/server-de-minecraft/servidor_minecraft/mods/FastFurnace-1.20.1-8.0.2.jar with languages [LanguageSpec[languageName=javafml, acceptedVersions=[32,)]]
[05Dec2025 00:58:49.519] [main/DEBUG] [net.minecraftforge.fml.loading.moddiscovery.ModFileParser/LOADING]: Considering mod file candidate /workspaces/server-de-minecraft/servidor_minecraft/mods/architectury-9.2.14-forge.jar
[05Dec2025 00:58:49.520] [main/DEBUG] [net.minecraftforge.fml.loading.moddiscovery.ModFileInfo/LOADING]: Found valid mod file architectury-9.2.14-forge.jar with {architectury} mods - versions {9.2.14}
[05Dec2025 00:58:49.520] [main/DEBUG] [net.minecraftforge.fml.loading.moddiscovery.ModFile/LOADING]: Loading mod file /workspaces/server-de-minecraft/servidor_minecraft/mods/architectury-9.2.14-forge.jar with languages [LanguageSpec[languageName=javafml, acceptedVersions=[46,)]]
[05Dec2025 00:58:49.520] [main/DEBUG] [net.minecraftforge.fml.loading.moddiscovery.ModFileParser/LOADING]: Considering mod file candidate /workspaces/server-de-minecraft/servidor_minecraft/mods/AI-Improvements-1.20-0.5.2.jar
[05Dec2025 00:58:49.521] [main/DEBUG] [net.minecraftforge.fml.loading.moddiscovery.ModFileInfo/LOADING]: Found valid mod file AI-Improvements-1.20-0.5.2.jar with {aiimprovements} mods - versions {0.5.2}
[05Dec2025 00:58:49.521] [main/DEBUG] [net.minecraftforge.fml.loading.moddiscovery.ModFile/LOADING]: Loading mod file /workspaces/server-de-minecraft/servidor_minecraft/mods/AI-Improvements-1.20-0.5.2.jar with languages [LanguageSpec[languageName=javafml, acceptedVersions=[46,)]]
[05Dec2025 00:58:49.521] [main/DEBUG] [net.minecraftforge.fml.loading.moddiscovery.ModFileParser/LOADING]: Considering mod file candidate /workspaces/server-de-minecraft/servidor_minecraft/mods/ferritecore-6.0.1-forge.jar
[05Dec2025 00:58:49.522] [main/DEBUG] [net.minecraftforge.fml.loading.moddiscovery.ModFileInfo/LOADING]: Found valid mod file ferritecore-6.0.1-forge.jar with {ferritecore} mods - versions {6.0.1}
[05Dec2025 00:58:49.522] [main/DEBUG] [net.minecraftforge.fml.loading.moddiscovery.ModFile/LOADING]: Loading mod file /workspaces/server-de-minecraft/servidor_minecraft/mods/ferritecore-6.0.1-forge.jar with languages [LanguageSpec[languageName=javafml, acceptedVersions=[28,)]]
[05Dec2025 00:58:49.522] [main/DEBUG] [net.minecraftforge.fml.loading.moddiscovery.ModFileParser/LOADING]: Considering mod file candidate /workspaces/server-de-minecraft/servidor_minecraft/mods/lootr-forge-1.20-0.7.35.93.jar
[05Dec2025 00:58:49.523] [main/DEBUG] [net.minecraftforge.fml.loading.moddiscovery.ModFileInfo/LOADING]: Found valid mod file lootr-forge-1.20-0.7.35.93.jar with {lootr} mods - versions {0.7.35.92}
[05Dec2025 00:58:49.523] [main/DEBUG] [net.minecraftforge.fml.loading.moddiscovery.ModFile/LOADING]: Loading mod file /workspaces/server-de-minecraft/servidor_minecraft/mods/lootr-forge-1.20-0.7.35.93.jar with languages [LanguageSpec[languageName=javafml, acceptedVersions=[44,)]]
[05Dec2025 00:58:49.523] [main/DEBUG] [net.minecraftforge.fml.loading.moddiscovery.ModFileParser/LOADING]: Considering mod file candidate /workspaces/server-de-minecraft/servidor_minecraft/mods/framework-forge-1.20.1-0.7.15.jar
[05Dec2025 00:58:49.523] [main/DEBUG] [net.minecraftforge.fml.loading.moddiscovery.ModFileInfo/LOADING]: Found valid mod file framework-forge-1.20.1-0.7.15.jar with {framework} mods - versions {0.7.15}
[05Dec2025 00:58:49.524] [main/DEBUG] [net.minecraftforge.fml.loading.moddiscovery.ModFile/LOADING]: Loading mod file /workspaces/server-de-minecraft/servidor_minecraft/mods/framework-forge-1.20.1-0.7.15.jar with languages [LanguageSpec[languageName=javafml, acceptedVersions=[39,)]]
[05Dec2025 00:58:49.524] [main/DEBUG] [net.minecraftforge.fml.loading.moddiscovery.ModFileParser/LOADING]: Considering mod file candidate /workspaces/server-de-minecraft/servidor_minecraft/mods/cosmeticarmorreworked-1.20.1-v1a.jar
[05Dec2025 00:58:49.524] [main/DEBUG] [net.minecraftforge.fml.loading.moddiscovery.ModFileInfo/LOADING]: Found valid mod file cosmeticarmorreworked-1.20.1-v1a.jar with {cosmeticarmorreworked} mods - versions {1.20.1-v1a}
[05Dec2025 00:58:49.524] [main/DEBUG] [net.minecraftforge.fml.loading.moddiscovery.ModFile/LOADING]: Loading mod file /workspaces/server-de-minecraft/servidor_minecraft/mods/cosmeticarmorreworked-1.20.1-v1a.jar with languages [LanguageSpec[languageName=javafml, acceptedVersions=[47,)]]
[05Dec2025 00:58:49.525] [main/DEBUG] [net.minecraftforge.fml.loading.moddiscovery.ModFileParser/LOADING]: Considering mod file candidate /workspaces/server-de-minecraft/servidor_minecraft/mods/FastLeafDecay-32.jar
[05Dec2025 00:58:49.525] [main/DEBUG] [net.minecraftforge.fml.loading.moddiscovery.ModFileInfo/LOADING]: Found valid mod file FastLeafDecay-32.jar with {fastleafdecay} mods - versions {32}
[05Dec2025 00:58:49.525] [main/DEBUG] [net.minecraftforge.fml.loading.moddiscovery.ModFile/LOADING]: Loading mod file /workspaces/server-de-minecraft/servidor_minecraft/mods/FastLeafDecay-32.jar with languages [LanguageSpec[languageName=javafml, acceptedVersions=[47,)]]
[05Dec2025 00:58:49.525] [main/DEBUG] [net.minecraftforge.fml.loading.moddiscovery.ModFileParser/LOADING]: Considering mod file candidate /workspaces/server-de-minecraft/servidor_minecraft/mods/chisels-and-bits-forge-1.4.148.jar
[05Dec2025 00:58:49.526] [main/DEBUG] [net.minecraftforge.fml.loading.moddiscovery.ModFileInfo/LOADING]: Found valid mod file chisels-and-bits-forge-1.4.148.jar with {chiselsandbits} mods - versions {1.4.148}
[05Dec2025 00:58:49.526] [main/DEBUG] [net.minecraftforge.fml.loading.moddiscovery.ModFile/LOADING]: Loading mod file /workspaces/server-de-minecraft/servidor_minecraft/mods/chisels-and-bits-forge-1.4.148.jar with languages [LanguageSpec[languageName=javafml, acceptedVersions=[28,)]]
[05Dec2025 00:58:49.526] [main/DEBUG] [net.minecraftforge.fml.loading.moddiscovery.ModFileParser/LOADING]: Considering mod file candidate /workspaces/server-de-minecraft/servidor_minecraft/mods/xptome-1.20.1-2.2.1.jar
[05Dec2025 00:58:49.526] [main/DEBUG] [net.minecraftforge.fml.loading.moddiscovery.ModFileInfo/LOADING]: Found valid mod file xptome-1.20.1-2.2.1.jar with {xpbook} mods - versions {2.2.1}
[05Dec2025 00:58:49.527] [main/DEBUG] [net.minecraftforge.fml.loading.moddiscovery.ModFile/LOADING]: Loading mod file /workspaces/server-de-minecraft/servidor_minecraft/mods/xptome-1.20.1-2.2.1.jar with languages [LanguageSpec[languageName=javafml, acceptedVersions=[46,)]]
[05Dec2025 00:58:49.527] [main/DEBUG] [net.minecraftforge.fml.loading.moddiscovery.ModFile/LOADING]: Loading mod file  with languages []
[05Dec2025 00:58:49.527] [main/DEBUG] [net.minecraftforge.fml.loading.moddiscovery.ModFile/LOADING]: Loading mod file  with languages []
[05Dec2025 00:58:49.527] [main/DEBUG] [net.minecraftforge.fml.loading.moddiscovery.ModFileParser/LOADING]: Considering mod file candidate 
[05Dec2025 00:58:49.528] [main/DEBUG] [net.minecraftforge.fml.loading.moddiscovery.ModFileInfo/LOADING]: Found valid mod file scena-forge-1.0.103.jar with {scena} mods - versions {1.0.103}
[05Dec2025 00:58:49.528] [main/DEBUG] [net.minecraftforge.fml.loading.moddiscovery.ModFile/LOADING]: Loading mod file  with languages [LanguageSpec[languageName=javafml, acceptedVersions=[28,)]]
[05Dec2025 00:58:49.528] [main/DEBUG] [net.minecraftforge.fml.loading.moddiscovery.ModFile/LOADING]: Loading mod file  with languages []
[05Dec2025 00:58:49.529] [main/DEBUG] [net.minecraftforge.fml.loading.moddiscovery.ModFileParser/LOADING]: Considering mod file candidate 
[05Dec2025 00:58:49.529] [main/DEBUG] [net.minecraftforge.fml.loading.moddiscovery.ModFileInfo/LOADING]: Found valid mod file mixinextras-forge-0.4.1.jar with {mixinextras} mods - versions {0.4.1}
[05Dec2025 00:58:49.529] [main/DEBUG] [net.minecraftforge.fml.loading.moddiscovery.ModFile/LOADING]: Loading mod file  with languages [LanguageSpec[languageName=javafml, acceptedVersions=*]]
[05Dec2025 00:58:49.530] [main/DEBUG] [net.minecraftforge.fml.loading.moddiscovery.ModFile/LOADING]: Loading mod file  with languages []
[05Dec2025 00:58:49.530] [main/DEBUG] [net.minecraftforge.fml.loading.moddiscovery.ModFile/LOADING]: Loading mod file  with languages []
[05Dec2025 00:58:49.530] [main/DEBUG] [net.minecraftforge.fml.loading.moddiscovery.ModFile/LOADING]: Loading mod file  with languages []
[05Dec2025 00:58:49.530] [main/DEBUG] [net.minecraftforge.fml.loading.moddiscovery.ModFileParser/LOADING]: Considering mod file candidate 
[05Dec2025 00:58:49.530] [main/DEBUG] [net.minecraftforge.fml.loading.moddiscovery.ModFileInfo/LOADING]: Found valid mod file scena-forge-1.0.103.jar with {scena} mods - versions {1.0.103}
[05Dec2025 00:58:49.531] [main/DEBUG] [net.minecraftforge.fml.loading.moddiscovery.ModFile/LOADING]: Loading mod file  with languages [LanguageSpec[languageName=javafml, acceptedVersions=[28,)]]
[05Dec2025 00:58:49.531] [main/DEBUG] [net.minecraftforge.fml.loading.moddiscovery.ModFile/LOADING]: Loading mod file  with languages []
[05Dec2025 00:58:49.531] [main/DEBUG] [net.minecraftforge.fml.loading.moddiscovery.ModFileParser/LOADING]: Considering mod file candidate 
[05Dec2025 00:58:49.531] [main/DEBUG] [net.minecraftforge.fml.loading.moddiscovery.ModFileInfo/LOADING]: Found valid mod file mixinextras-forge-0.4.1.jar with {mixinextras} mods - versions {0.4.1}
[05Dec2025 00:58:49.531] [main/DEBUG] [net.minecraftforge.fml.loading.moddiscovery.ModFile/LOADING]: Loading mod file  with languages [LanguageSpec[languageName=javafml, acceptedVersions=*]]
[05Dec2025 00:58:49.532] [main/DEBUG] [net.minecraftforge.fml.loading.moddiscovery.ModFile/LOADING]: Loading mod file  with languages []
[05Dec2025 00:58:49.533] [main/DEBUG] [cpw.mods.modlauncher.TransformationServiceDecorator/MODLAUNCHER]: End scan trigger - transformation service fml
[05Dec2025 00:58:49.543] [main/DEBUG] [net.minecraftforge.fml.loading.LanguageLoadingProvider/CORE]: Found 3 language providers
[05Dec2025 00:58:49.543] [main/DEBUG] [net.minecraftforge.fml.loading.LanguageLoadingProvider/CORE]: Found language provider minecraft, version 1.0
[05Dec2025 00:58:49.544] [main/DEBUG] [net.minecraftforge.fml.loading.LanguageLoadingProvider/CORE]: Found language provider lowcodefml, version 47
[05Dec2025 00:58:49.544] [main/DEBUG] [net.minecraftforge.fml.loading.LanguageLoadingProvider/CORE]: Found language provider javafml, version 47
[05Dec2025 00:58:49.549] [main/DEBUG] [net.minecraftforge.fml.loading.UniqueModListBuilder/]: Found 2 mods for first modid saecularia_caudices, selecting most recent based on version data
[05Dec2025 00:58:49.549] [main/DEBUG] [net.minecraftforge.fml.loading.UniqueModListBuilder/]: Selected file saecularia-caudices-forge-1.0.23.jar for modid saecularia_caudices with version 1.0.23
[05Dec2025 00:58:49.550] [main/DEBUG] [net.minecraftforge.fml.loading.UniqueModListBuilder/]: Found 2 mods for first modid mclib, selecting most recent based on version data
[05Dec2025 00:58:49.550] [main/DEBUG] [net.minecraftforge.fml.loading.UniqueModListBuilder/]: Selected file mclib-20.jar for modid mclib with version 0.0NONE
[05Dec2025 00:58:49.550] [main/DEBUG] [net.minecraftforge.fml.loading.UniqueModListBuilder/]: Found 2 mods for first modid scena, selecting most recent based on version data
[05Dec2025 00:58:49.550] [main/DEBUG] [net.minecraftforge.fml.loading.UniqueModListBuilder/]: Selected file scena-forge-1.0.103.jar for modid scena with version 1.0.103
[05Dec2025 00:58:49.550] [main/DEBUG] [net.minecraftforge.fml.loading.UniqueModListBuilder/]: Found 2 mods for first modid org.lz4.pure.java, selecting most recent based on version data
[05Dec2025 00:58:49.550] [main/DEBUG] [net.minecraftforge.fml.loading.UniqueModListBuilder/]: Selected file lz4-pure-java-1.8.0.jar for modid org.lz4.pure.java with version 0.0NONE
[05Dec2025 00:58:49.550] [main/DEBUG] [net.minecraftforge.fml.loading.UniqueModListBuilder/]: Found 2 mods for first modid mixinextras, selecting most recent based on version data
[05Dec2025 00:58:49.550] [main/DEBUG] [net.minecraftforge.fml.loading.UniqueModListBuilder/]: Selected file mixinextras-forge-0.4.1.jar for modid mixinextras with version 0.4.1
[05Dec2025 00:58:49.550] [main/DEBUG] [net.minecraftforge.fml.loading.UniqueModListBuilder/]: Found 2 mods for first modid MixinExtras, selecting most recent based on version data
[05Dec2025 00:58:49.550] [main/DEBUG] [net.minecraftforge.fml.loading.UniqueModListBuilder/]: Selected file MixinExtras-0.4.1.jar for modid MixinExtras with version 0.0NONE
[05Dec2025 00:58:49.552] [main/DEBUG] [net.minecraftforge.fml.loading.ModSorter/]: Configured system mods: [minecraft, forge]
[05Dec2025 00:58:49.552] [main/DEBUG] [net.minecraftforge.fml.loading.ModSorter/]: Found system mod: minecraft
[05Dec2025 00:58:49.552] [main/DEBUG] [net.minecraftforge.fml.loading.ModSorter/]: Found system mod: forge
[05Dec2025 00:58:49.555] [main/DEBUG] [net.minecraftforge.fml.loading.ModSorter/LOADING]: Found 151 mod requirements (134 mandatory, 17 optional)
[05Dec2025 00:58:49.557] [main/DEBUG] [net.minecraftforge.fml.loading.ModSorter/LOADING]: Found 0 mod requirements missing (0 mandatory, 0 optional)
[05Dec2025 00:58:50.102] [main/DEBUG] [cpw.mods.modlauncher.TransformationServicesHandler/MODLAUNCHER]: Transformation services loading transformers
[05Dec2025 00:58:50.102] [main/DEBUG] [cpw.mods.modlauncher.TransformationServiceDecorator/MODLAUNCHER]: Initializing transformers for transformation service mixin
[05Dec2025 00:58:50.104] [main/DEBUG] [cpw.mods.modlauncher.TransformationServiceDecorator/MODLAUNCHER]: Initialized transformers for transformation service mixin
[05Dec2025 00:58:50.104] [main/DEBUG] [cpw.mods.modlauncher.TransformationServiceDecorator/MODLAUNCHER]: Initializing transformers for transformation service fml
[05Dec2025 00:58:50.104] [main/DEBUG] [net.minecraftforge.fml.loading.FMLServiceProvider/CORE]: Loading coremod transformers
[05Dec2025 00:58:50.104] [main/DEBUG] [net.minecraftforge.coremod.CoreModEngine/COREMOD]: Loading CoreMod from META-INF/xaeroworldmap_core.js
[05Dec2025 00:58:50.378] [main/DEBUG] [net.minecraftforge.coremod.CoreModEngine/COREMOD]: CoreMod loaded successfully
[05Dec2025 00:58:50.379] [main/DEBUG] [net.minecraftforge.coremod.CoreModEngine/COREMOD]: Loading CoreMod from coremods/get_ench_level_event.js
[05Dec2025 00:58:50.395] [main/DEBUG] [net.minecraftforge.coremod.CoreModEngine/COREMOD]: CoreMod loaded successfully
[05Dec2025 00:58:50.395] [main/DEBUG] [net.minecraftforge.coremod.CoreModEngine/COREMOD]: Loading CoreMod from coremods/get_ench_level_event_specific.js
[05Dec2025 00:58:50.406] [main/DEBUG] [net.minecraftforge.coremod.CoreModEngine/COREMOD]: CoreMod loaded successfully
[05Dec2025 00:58:50.406] [main/DEBUG] [net.minecraftforge.coremod.CoreModEngine/COREMOD]: Loading CoreMod from coremods/field_to_method.js
[05Dec2025 00:58:50.439] [main/DEBUG] [net.minecraftforge.coremod.CoreModEngine/COREMOD]: CoreMod loaded successfully
[05Dec2025 00:58:50.439] [main/DEBUG] [net.minecraftforge.coremod.CoreModEngine/COREMOD]: Loading CoreMod from coremods/field_to_instanceof.js
[05Dec2025 00:58:50.522] [main/DEBUG] [net.minecraftforge.coremod.CoreModEngine/COREMOD]: CoreMod loaded successfully
[05Dec2025 00:58:50.523] [main/DEBUG] [net.minecraftforge.coremod.CoreModEngine/COREMOD]: Loading CoreMod from coremods/add_bouncer_method.js
[05Dec2025 00:58:50.566] [main/DEBUG] [net.minecraftforge.coremod.CoreModEngine/COREMOD]: CoreMod loaded successfully
[05Dec2025 00:58:50.567] [main/DEBUG] [net.minecraftforge.coremod.CoreModEngine/COREMOD]: Loading CoreMod from coremods/method_redirector.js
[05Dec2025 00:58:50.656] [main/DEBUG] [net.minecraftforge.coremod.CoreModEngine/COREMOD]: CoreMod loaded successfully
[05Dec2025 00:58:50.656] [main/DEBUG] [net.minecraftforge.coremod.CoreModEngine/COREMOD]: Loading CoreMod from META-INF/xaerohud_core.js
[05Dec2025 00:58:50.709] [main/DEBUG] [net.minecraftforge.coremod.CoreModEngine/COREMOD]: CoreMod loaded successfully
[05Dec2025 00:58:50.712] [main/DEBUG] [net.minecraftforge.coremod.CoreModEngine/COREMOD]: Loading CoreMod from coremods/potion_gui_tooltips.js
[05Dec2025 00:58:50.724] [main/DEBUG] [net.minecraftforge.coremod.CoreModEngine/COREMOD]: CoreMod loaded successfully
[05Dec2025 00:58:50.741] [main/DEBUG] [cpw.mods.modlauncher.TransformStore/MODLAUNCHER]: Adding transformer net.minecraftforge.coremod.transformer.CoreModClassTransformer@64502326 to Target : CLASS {Lnet/minecraft/world/level/biome/Biome;} {} {V}
[05Dec2025 00:58:50.743] [main/DEBUG] [cpw.mods.modlauncher.TransformStore/MODLAUNCHER]: Adding transformer net.minecraftforge.coremod.transformer.CoreModClassTransformer@740fefc6 to Target : CLASS {Lnet/minecraft/world/level/levelgen/structure/Structure;} {} {V}
[05Dec2025 00:58:50.743] [main/DEBUG] [cpw.mods.modlauncher.TransformStore/MODLAUNCHER]: Adding transformer net.minecraftforge.coremod.transformer.CoreModClassTransformer@aa61e4e to Target : CLASS {Lnet/minecraft/world/effect/MobEffectInstance;} {} {V}
[05Dec2025 00:58:50.743] [main/DEBUG] [cpw.mods.modlauncher.TransformStore/MODLAUNCHER]: Adding transformer net.minecraftforge.coremod.transformer.CoreModClassTransformer@733e6df7 to Target : CLASS {Lnet/minecraft/world/level/block/LiquidBlock;} {} {V}
[05Dec2025 00:58:50.743] [main/DEBUG] [cpw.mods.modlauncher.TransformStore/MODLAUNCHER]: Adding transformer net.minecraftforge.coremod.transformer.CoreModClassTransformer@7fe07361 to Target : CLASS {Lnet/minecraft/world/item/BucketItem;} {} {V}
[05Dec2025 00:58:50.743] [main/DEBUG] [cpw.mods.modlauncher.TransformStore/MODLAUNCHER]: Adding transformer net.minecraftforge.coremod.transformer.CoreModClassTransformer@741ac284 to Target : CLASS {Lnet/minecraft/world/level/block/StairBlock;} {} {V}
[05Dec2025 00:58:50.744] [main/DEBUG] [cpw.mods.modlauncher.TransformStore/MODLAUNCHER]: Adding transformer net.minecraftforge.coremod.transformer.CoreModClassTransformer@4ef4f627 to Target : CLASS {Lnet/minecraft/world/level/block/FlowerPotBlock;} {} {V}
[05Dec2025 00:58:50.744] [main/DEBUG] [cpw.mods.modlauncher.TransformStore/MODLAUNCHER]: Adding transformer net.minecraftforge.coremod.transformer.CoreModClassTransformer@4ea56bdb to Target : CLASS {Lnet/minecraft/world/item/ItemStack;} {} {V}
[05Dec2025 00:58:50.744] [main/DEBUG] [cpw.mods.modlauncher.TransformStore/MODLAUNCHER]: Adding transformer net.minecraftforge.coremod.transformer.CoreModClassTransformer@32227215 to Target : CLASS {Lnet/minecraft/network/play/client/CClientSettingsPacket;} {} {V}
[05Dec2025 00:58:50.744] [main/DEBUG] [cpw.mods.modlauncher.TransformStore/MODLAUNCHER]: Adding transformer net.minecraftforge.coremod.transformer.CoreModClassTransformer@108e9837 to Target : CLASS {Lnet/minecraft/world/level/levelgen/PhantomSpawner;} {} {V}
[05Dec2025 00:58:50.744] [main/DEBUG] [cpw.mods.modlauncher.TransformStore/MODLAUNCHER]: Adding transformer net.minecraftforge.coremod.transformer.CoreModClassTransformer@108e9837 to Target : CLASS {Lnet/minecraft/world/entity/ai/village/VillageSiege;} {} {V}
[05Dec2025 00:58:50.744] [main/DEBUG] [cpw.mods.modlauncher.TransformStore/MODLAUNCHER]: Adding transformer net.minecraftforge.coremod.transformer.CoreModClassTransformer@108e9837 to Target : CLASS {Lnet/minecraft/world/entity/raid/Raid;} {} {V}
[05Dec2025 00:58:50.744] [main/DEBUG] [cpw.mods.modlauncher.TransformStore/MODLAUNCHER]: Adding transformer net.minecraftforge.coremod.transformer.CoreModClassTransformer@108e9837 to Target : CLASS {Lnet/minecraft/world/entity/monster/ZombieVillager;} {} {V}
[05Dec2025 00:58:50.744] [main/DEBUG] [cpw.mods.modlauncher.TransformStore/MODLAUNCHER]: Adding transformer net.minecraftforge.coremod.transformer.CoreModClassTransformer@108e9837 to Target : CLASS {Lnet/minecraft/world/entity/animal/frog/Tadpole;} {} {V}
[05Dec2025 00:58:50.745] [main/DEBUG] [cpw.mods.modlauncher.TransformStore/MODLAUNCHER]: Adding transformer net.minecraftforge.coremod.transformer.CoreModClassTransformer@108e9837 to Target : CLASS {Lnet/minecraft/world/entity/monster/Zombie;} {} {V}
[05Dec2025 00:58:50.745] [main/DEBUG] [cpw.mods.modlauncher.TransformStore/MODLAUNCHER]: Adding transformer net.minecraftforge.coremod.transformer.CoreModClassTransformer@108e9837 to Target : CLASS {Lnet/minecraft/world/level/levelgen/structure/structures/WoodlandMansionPieces$WoodlandMansionPiece;} {} {V}
[05Dec2025 00:58:50.745] [main/DEBUG] [cpw.mods.modlauncher.TransformStore/MODLAUNCHER]: Adding transformer net.minecraftforge.coremod.transformer.CoreModClassTransformer@108e9837 to Target : CLASS {Lnet/minecraft/world/entity/monster/Spider;} {} {V}
[05Dec2025 00:58:50.745] [main/DEBUG] [cpw.mods.modlauncher.TransformStore/MODLAUNCHER]: Adding transformer net.minecraftforge.coremod.transformer.CoreModClassTransformer@108e9837 to Target : CLASS {Lnet/minecraft/server/commands/RaidCommand;} {} {V}
[05Dec2025 00:58:50.745] [main/DEBUG] [cpw.mods.modlauncher.TransformStore/MODLAUNCHER]: Adding transformer net.minecraftforge.coremod.transformer.CoreModClassTransformer@108e9837 to Target : CLASS {Lnet/minecraft/world/entity/monster/Evoker$EvokerSummonSpellGoal;} {} {V}
[05Dec2025 00:58:50.745] [main/DEBUG] [cpw.mods.modlauncher.TransformStore/MODLAUNCHER]: Adding transformer net.minecraftforge.coremod.transformer.CoreModClassTransformer@108e9837 to Target : CLASS {Lnet/minecraft/world/entity/animal/horse/SkeletonTrapGoal;} {} {V}
[05Dec2025 00:58:50.745] [main/DEBUG] [cpw.mods.modlauncher.TransformStore/MODLAUNCHER]: Adding transformer net.minecraftforge.coremod.transformer.CoreModClassTransformer@108e9837 to Target : CLASS {Lnet/minecraft/world/level/levelgen/PatrolSpawner;} {} {V}
[05Dec2025 00:58:50.745] [main/DEBUG] [cpw.mods.modlauncher.TransformStore/MODLAUNCHER]: Adding transformer net.minecraftforge.coremod.transformer.CoreModClassTransformer@108e9837 to Target : CLASS {Lnet/minecraft/world/level/levelgen/structure/templatesystem/StructureTemplate;} {} {V}
[05Dec2025 00:58:50.745] [main/DEBUG] [cpw.mods.modlauncher.TransformStore/MODLAUNCHER]: Adding transformer net.minecraftforge.coremod.transformer.CoreModClassTransformer@108e9837 to Target : CLASS {Lnet/minecraft/world/level/levelgen/structure/structures/OceanMonumentPieces$OceanMonumentPiece;} {} {V}
[05Dec2025 00:58:50.745] [main/DEBUG] [cpw.mods.modlauncher.TransformStore/MODLAUNCHER]: Adding transformer net.minecraftforge.coremod.transformer.CoreModClassTransformer@108e9837 to Target : CLASS {Lnet/minecraft/world/level/levelgen/structure/structures/OceanRuinPieces$OceanRuinPiece;} {} {V}
[05Dec2025 00:58:50.746] [main/DEBUG] [cpw.mods.modlauncher.TransformStore/MODLAUNCHER]: Adding transformer net.minecraftforge.coremod.transformer.CoreModClassTransformer@108e9837 to Target : CLASS {Lnet/minecraft/world/entity/EntityType;} {} {V}
[05Dec2025 00:58:50.746] [main/DEBUG] [cpw.mods.modlauncher.TransformStore/MODLAUNCHER]: Adding transformer net.minecraftforge.coremod.transformer.CoreModClassTransformer@108e9837 to Target : CLASS {Lnet/minecraft/world/level/NaturalSpawner;} {} {V}
[05Dec2025 00:58:50.746] [main/DEBUG] [cpw.mods.modlauncher.TransformStore/MODLAUNCHER]: Adding transformer net.minecraftforge.coremod.transformer.CoreModClassTransformer@108e9837 to Target : CLASS {Lnet/minecraft/world/entity/monster/Strider;} {} {V}
[05Dec2025 00:58:50.746] [main/DEBUG] [cpw.mods.modlauncher.TransformStore/MODLAUNCHER]: Adding transformer net.minecraftforge.coremod.transformer.CoreModClassTransformer@108e9837 to Target : CLASS {Lnet/minecraft/world/entity/npc/Villager;} {} {V}
[05Dec2025 00:58:50.746] [main/DEBUG] [cpw.mods.modlauncher.TransformStore/MODLAUNCHER]: Adding transformer net.minecraftforge.coremod.transformer.CoreModClassTransformer@108e9837 to Target : CLASS {Lnet/minecraft/world/level/levelgen/structure/structures/SwampHutPiece;} {} {V}
[05Dec2025 00:58:50.746] [main/DEBUG] [cpw.mods.modlauncher.TransformStore/MODLAUNCHER]: Adding transformer net.minecraftforge.coremod.transformer.CoreModClassTransformer@108e9837 to Target : CLASS {Lnet/minecraft/server/commands/SummonCommand;} {} {V}
[05Dec2025 00:58:50.746] [main/DEBUG] [cpw.mods.modlauncher.TransformStore/MODLAUNCHER]: Adding transformer net.minecraftforge.coremod.transformer.CoreModClassTransformer@108e9837 to Target : CLASS {Lnet/minecraft/world/entity/npc/CatSpawner;} {} {V}
[05Dec2025 00:58:50.746] [main/DEBUG] [cpw.mods.modlauncher.TransformStore/MODLAUNCHER]: Adding transformer net.minecraftforge.coremod.transformer.CoreModMethodTransformer@1cbc5693 to Target : METHOD {Lnet/minecraftforge/common/extensions/IForgeItemStack;} {getAllEnchantments} {()Ljava/util/Map;}
[05Dec2025 00:58:50.746] [main/DEBUG] [cpw.mods.modlauncher.TransformStore/MODLAUNCHER]: Adding transformer net.minecraftforge.coremod.transformer.CoreModMethodTransformer@3d2f3dcb to Target : METHOD {Lnet/minecraftforge/common/extensions/IForgeItemStack;} {getEnchantmentLevel} {(Lnet/minecraft/world/item/enchantment/Enchantment;)I}
[05Dec2025 00:58:50.746] [main/DEBUG] [cpw.mods.modlauncher.TransformStore/MODLAUNCHER]: Adding transformer net.minecraftforge.coremod.transformer.CoreModMethodTransformer@59845579 to Target : METHOD {Lnet/minecraft/client/ToggleKeyMapping;} {m_90857_} {()Z}
[05Dec2025 00:58:50.746] [main/DEBUG] [cpw.mods.modlauncher.TransformStore/MODLAUNCHER]: Adding transformer net.minecraftforge.coremod.transformer.CoreModMethodTransformer@30c19bff to Target : METHOD {Lnet/minecraft/client/gui/screens/inventory/EffectRenderingInventoryScreen;} {m_280113_} {(Lnet/minecraft/client/gui/GuiGraphics;II)V}
[05Dec2025 00:58:50.746] [main/DEBUG] [cpw.mods.modlauncher.TransformationServiceDecorator/MODLAUNCHER]: Initialized transformers for transformation service fml
[05Dec2025 00:58:51.638] [main/DEBUG] [mixin/]: Processing prepare() for PlatformAgent[MixinPlatformAgentDefault:ModLauncher Root Container(ModLauncher:4f56a0a2)]
[05Dec2025 00:58:51.638] [main/DEBUG] [mixin/]: Processing launch tasks for PlatformAgent[MixinPlatformAgentDefault:ModLauncher Root Container(ModLauncher:4f56a0a2)]
[05Dec2025 00:58:51.638] [main/DEBUG] [mixin/]: Adding mixin platform agents for container SecureJarResource(tetra)
[05Dec2025 00:58:51.638] [main/DEBUG] [mixin/]: Instancing new MixinPlatformAgentMinecraftForge for SecureJarResource(tetra)
[05Dec2025 00:58:51.639] [main/DEBUG] [mixin/]: MixinPlatformAgentMinecraftForge rejected container SecureJarResource(tetra)
[05Dec2025 00:58:51.639] [main/DEBUG] [mixin/]: Instancing new MixinPlatformAgentDefault for SecureJarResource(tetra)
[05Dec2025 00:58:51.639] [main/DEBUG] [mixin/]: MixinPlatformAgentDefault accepted container SecureJarResource(tetra)
[05Dec2025 00:58:51.639] [main/DEBUG] [mixin/]: Processing prepare() for PlatformAgent[MixinPlatformAgentDefault:SecureJarResource(tetra)]
[05Dec2025 00:58:51.639] [main/DEBUG] [mixin/]: Registering mixin config: tetra.mixins.json
[05Dec2025 00:58:51.657] [main/DEBUG] [mixin/]: Compatibility level JAVA_17 specified by tetra.mixins.json is higher than the maximum level supported by this version of mixin (JAVA_13).
[05Dec2025 00:58:51.661] [main/INFO] [mixin/]: Compatibility level set to JAVA_17
[05Dec2025 00:58:51.661] [main/DEBUG] [mixin/]: Adding mixin platform agents for container SecureJarResource(inventorysorter)
[05Dec2025 00:58:51.661] [main/DEBUG] [mixin/]: Instancing new MixinPlatformAgentMinecraftForge for SecureJarResource(inventorysorter)
[05Dec2025 00:58:51.662] [main/DEBUG] [mixin/]: MixinPlatformAgentMinecraftForge rejected container SecureJarResource(inventorysorter)
[05Dec2025 00:58:51.662] [main/DEBUG] [mixin/]: Instancing new MixinPlatformAgentDefault for SecureJarResource(inventorysorter)
[05Dec2025 00:58:51.662] [main/DEBUG] [mixin/]: MixinPlatformAgentDefault accepted container SecureJarResource(inventorysorter)
[05Dec2025 00:58:51.662] [main/DEBUG] [mixin/]: Processing prepare() for PlatformAgent[MixinPlatformAgentDefault:SecureJarResource(inventorysorter)]
[05Dec2025 00:58:51.662] [main/DEBUG] [mixin/]: Adding mixin platform agents for container SecureJarResource(kuma_api)
[05Dec2025 00:58:51.662] [main/DEBUG] [mixin/]: Instancing new MixinPlatformAgentMinecraftForge for SecureJarResource(kuma_api)
[05Dec2025 00:58:51.662] [main/DEBUG] [mixin/]: MixinPlatformAgentMinecraftForge rejected container SecureJarResource(kuma_api)
[05Dec2025 00:58:51.662] [main/DEBUG] [mixin/]: Instancing new MixinPlatformAgentDefault for SecureJarResource(kuma_api)
[05Dec2025 00:58:51.662] [main/DEBUG] [mixin/]: MixinPlatformAgentDefault accepted container SecureJarResource(kuma_api)
[05Dec2025 00:58:51.662] [main/DEBUG] [mixin/]: Processing prepare() for PlatformAgent[MixinPlatformAgentDefault:SecureJarResource(kuma_api)]
[05Dec2025 00:58:51.662] [main/DEBUG] [mixin/]: Registering mixin config: kuma_api.mixins.json
[05Dec2025 00:58:51.664] [main/DEBUG] [mixin/]: Registering mixin config: kuma_api.forge.mixins.json
[05Dec2025 00:58:51.666] [main/DEBUG] [mixin/]: Adding mixin platform agents for container SecureJarResource(fastload)
[05Dec2025 00:58:51.667] [main/DEBUG] [mixin/]: Instancing new MixinPlatformAgentMinecraftForge for SecureJarResource(fastload)
[05Dec2025 00:58:51.667] [main/DEBUG] [mixin/]: MixinPlatformAgentMinecraftForge rejected container SecureJarResource(fastload)
[05Dec2025 00:58:51.667] [main/DEBUG] [mixin/]: Instancing new MixinPlatformAgentDefault for SecureJarResource(fastload)
[05Dec2025 00:58:51.668] [main/DEBUG] [mixin/]: MixinPlatformAgentDefault accepted container SecureJarResource(fastload)
[05Dec2025 00:58:51.668] [main/DEBUG] [mixin/]: Processing prepare() for PlatformAgent[MixinPlatformAgentDefault:SecureJarResource(fastload)]
[05Dec2025 00:58:51.668] [main/DEBUG] [mixin/]: Registering mixin config: fastload.mixins.json
[05Dec2025 00:58:51.671] [main/DEBUG] [mixin/]: Adding mixin platform agents for container SecureJarResource(trashslot)
[05Dec2025 00:58:51.671] [main/DEBUG] [mixin/]: Instancing new MixinPlatformAgentMinecraftForge for SecureJarResource(trashslot)
[05Dec2025 00:58:51.671] [main/DEBUG] [mixin/]: MixinPlatformAgentMinecraftForge rejected container SecureJarResource(trashslot)
[05Dec2025 00:58:51.671] [main/DEBUG] [mixin/]: Instancing new MixinPlatformAgentDefault for SecureJarResource(trashslot)
[05Dec2025 00:58:51.671] [main/DEBUG] [mixin/]: MixinPlatformAgentDefault accepted container SecureJarResource(trashslot)
[05Dec2025 00:58:51.671] [main/DEBUG] [mixin/]: Processing prepare() for PlatformAgent[MixinPlatformAgentDefault:SecureJarResource(trashslot)]
[05Dec2025 00:58:51.671] [main/DEBUG] [mixin/]: Registering mixin config: trashslot.mixins.json
[05Dec2025 00:58:51.673] [main/DEBUG] [mixin/]: Adding mixin platform agents for container SecureJarResource(netherportalfix)
[05Dec2025 00:58:51.674] [main/DEBUG] [mixin/]: Instancing new MixinPlatformAgentMinecraftForge for SecureJarResource(netherportalfix)
[05Dec2025 00:58:51.674] [main/DEBUG] [mixin/]: MixinPlatformAgentMinecraftForge rejected container SecureJarResource(netherportalfix)
[05Dec2025 00:58:51.674] [main/DEBUG] [mixin/]: Instancing new MixinPlatformAgentDefault for SecureJarResource(netherportalfix)
[05Dec2025 00:58:51.674] [main/DEBUG] [mixin/]: MixinPlatformAgentDefault accepted container SecureJarResource(netherportalfix)
[05Dec2025 00:58:51.674] [main/DEBUG] [mixin/]: Processing prepare() for PlatformAgent[MixinPlatformAgentDefault:SecureJarResource(netherportalfix)]
[05Dec2025 00:58:51.675] [main/DEBUG] [mixin/]: Registering mixin config: netherportalfix.mixins.json
[05Dec2025 00:58:51.676] [main/DEBUG] [mixin/]: Adding mixin platform agents for container SecureJarResource(geckolib)
[05Dec2025 00:58:51.677] [main/DEBUG] [mixin/]: Instancing new MixinPlatformAgentMinecraftForge for SecureJarResource(geckolib)
[05Dec2025 00:58:51.677] [main/DEBUG] [mixin/]: MixinPlatformAgentMinecraftForge rejected container SecureJarResource(geckolib)
[05Dec2025 00:58:51.677] [main/DEBUG] [mixin/]: Instancing new MixinPlatformAgentDefault for SecureJarResource(geckolib)
[05Dec2025 00:58:51.677] [main/DEBUG] [mixin/]: MixinPlatformAgentDefault accepted container SecureJarResource(geckolib)
[05Dec2025 00:58:51.678] [main/DEBUG] [mixin/]: Processing prepare() for PlatformAgent[MixinPlatformAgentDefault:SecureJarResource(geckolib)]
[05Dec2025 00:58:51.678] [main/DEBUG] [mixin/]: Registering mixin config: geckolib.mixins.json
[05Dec2025 00:58:51.680] [main/DEBUG] [mixin/]: Adding mixin platform agents for container SecureJarResource(scena)
[05Dec2025 00:58:51.680] [main/DEBUG] [mixin/]: Instancing new MixinPlatformAgentMinecraftForge for SecureJarResource(scena)
[05Dec2025 00:58:51.680] [main/DEBUG] [mixin/]: MixinPlatformAgentMinecraftForge rejected container SecureJarResource(scena)
[05Dec2025 00:58:51.680] [main/DEBUG] [mixin/]: Instancing new MixinPlatformAgentDefault for SecureJarResource(scena)
[05Dec2025 00:58:51.680] [main/DEBUG] [mixin/]: MixinPlatformAgentDefault accepted container SecureJarResource(scena)
[05Dec2025 00:58:51.680] [main/DEBUG] [mixin/]: Processing prepare() for PlatformAgent[MixinPlatformAgentDefault:SecureJarResource(scena)]
[05Dec2025 00:58:51.681] [main/DEBUG] [mixin/]: Registering mixin config: scena.mixins.json
[05Dec2025 00:58:51.682] [main/DEBUG] [mixin/]: Adding mixin platform agents for container SecureJarResource(shrines)
[05Dec2025 00:58:51.682] [main/DEBUG] [mixin/]: Instancing new MixinPlatformAgentMinecraftForge for SecureJarResource(shrines)
[05Dec2025 00:58:51.682] [main/DEBUG] [mixin/]: MixinPlatformAgentMinecraftForge rejected container SecureJarResource(shrines)
[05Dec2025 00:58:51.683] [main/DEBUG] [mixin/]: Instancing new MixinPlatformAgentDefault for SecureJarResource(shrines)
[05Dec2025 00:58:51.683] [main/DEBUG] [mixin/]: MixinPlatformAgentDefault accepted container SecureJarResource(shrines)
[05Dec2025 00:58:51.683] [main/DEBUG] [mixin/]: Processing prepare() for PlatformAgent[MixinPlatformAgentDefault:SecureJarResource(shrines)]
[05Dec2025 00:58:51.683] [main/DEBUG] [mixin/]: Adding mixin platform agents for container SecureJarResource(playeranimator)
[05Dec2025 00:58:51.683] [main/DEBUG] [mixin/]: Instancing new MixinPlatformAgentMinecraftForge for SecureJarResource(playeranimator)
[05Dec2025 00:58:51.683] [main/DEBUG] [mixin/]: MixinPlatformAgentMinecraftForge rejected container SecureJarResource(playeranimator)
[05Dec2025 00:58:51.683] [main/DEBUG] [mixin/]: Instancing new MixinPlatformAgentDefault for SecureJarResource(playeranimator)
[05Dec2025 00:58:51.683] [main/DEBUG] [mixin/]: MixinPlatformAgentDefault accepted container SecureJarResource(playeranimator)
[05Dec2025 00:58:51.683] [main/DEBUG] [mixin/]: Processing prepare() for PlatformAgent[MixinPlatformAgentDefault:SecureJarResource(playeranimator)]
[05Dec2025 00:58:51.683] [main/DEBUG] [mixin/]: Registering mixin config: playerAnimator-common.mixins.json
[05Dec2025 00:58:51.685] [main/DEBUG] [mixin/]: Compatibility level JAVA_16 specified by playerAnimator-common.mixins.json is higher than the maximum level supported by this version of mixin (JAVA_13).
[05Dec2025 00:58:51.685] [main/DEBUG] [mixin/]: Adding mixin platform agents for container SecureJarResource(jei)
[05Dec2025 00:58:51.686] [main/DEBUG] [mixin/]: Instancing new MixinPlatformAgentMinecraftForge for SecureJarResource(jei)
[05Dec2025 00:58:51.686] [main/DEBUG] [mixin/]: MixinPlatformAgentMinecraftForge rejected container SecureJarResource(jei)
[05Dec2025 00:58:51.686] [main/DEBUG] [mixin/]: Instancing new MixinPlatformAgentDefault for SecureJarResource(jei)
[05Dec2025 00:58:51.686] [main/DEBUG] [mixin/]: MixinPlatformAgentDefault accepted container SecureJarResource(jei)
[05Dec2025 00:58:51.686] [main/DEBUG] [mixin/]: Processing prepare() for PlatformAgent[MixinPlatformAgentDefault:SecureJarResource(jei)]
[05Dec2025 00:58:51.686] [main/DEBUG] [mixin/]: Adding mixin platform agents for container SecureJarResource(attributefix)
[05Dec2025 00:58:51.686] [main/DEBUG] [mixin/]: Instancing new MixinPlatformAgentMinecraftForge for SecureJarResource(attributefix)
[05Dec2025 00:58:51.686] [main/DEBUG] [mixin/]: MixinPlatformAgentMinecraftForge rejected container SecureJarResource(attributefix)
[05Dec2025 00:58:51.686] [main/DEBUG] [mixin/]: Instancing new MixinPlatformAgentDefault for SecureJarResource(attributefix)
[05Dec2025 00:58:51.686] [main/DEBUG] [mixin/]: MixinPlatformAgentDefault accepted container SecureJarResource(attributefix)
[05Dec2025 00:58:51.686] [main/DEBUG] [mixin/]: Processing prepare() for PlatformAgent[MixinPlatformAgentDefault:SecureJarResource(attributefix)]
[05Dec2025 00:58:51.686] [main/DEBUG] [mixin/]: Registering mixin config: attributefix.mixins.json
[05Dec2025 00:58:51.689] [main/DEBUG] [mixin/]: Adding mixin platform agents for container SecureJarResource(incontrol)
[05Dec2025 00:58:51.689] [main/DEBUG] [mixin/]: Instancing new MixinPlatformAgentMinecraftForge for SecureJarResource(incontrol)
[05Dec2025 00:58:51.689] [main/DEBUG] [mixin/]: MixinPlatformAgentMinecraftForge rejected container SecureJarResource(incontrol)
[05Dec2025 00:58:51.689] [main/DEBUG] [mixin/]: Instancing new MixinPlatformAgentDefault for SecureJarResource(incontrol)
[05Dec2025 00:58:51.689] [main/DEBUG] [mixin/]: MixinPlatformAgentDefault accepted container SecureJarResource(incontrol)
[05Dec2025 00:58:51.690] [main/DEBUG] [mixin/]: Processing prepare() for PlatformAgent[MixinPlatformAgentDefault:SecureJarResource(incontrol)]
[05Dec2025 00:58:51.690] [main/DEBUG] [mixin/]: Adding mixin platform agents for container SecureJarResource(libraryferret)
[05Dec2025 00:58:51.690] [main/DEBUG] [mixin/]: Instancing new MixinPlatformAgentMinecraftForge for SecureJarResource(libraryferret)
[05Dec2025 00:58:51.691] [main/DEBUG] [mixin/]: MixinPlatformAgentMinecraftForge rejected container SecureJarResource(libraryferret)
[05Dec2025 00:58:51.691] [main/DEBUG] [mixin/]: Instancing new MixinPlatformAgentDefault for SecureJarResource(libraryferret)
[05Dec2025 00:58:51.692] [main/DEBUG] [mixin/]: MixinPlatformAgentDefault accepted container SecureJarResource(libraryferret)
[05Dec2025 00:58:51.692] [main/DEBUG] [mixin/]: Processing prepare() for PlatformAgent[MixinPlatformAgentDefault:SecureJarResource(libraryferret)]
[05Dec2025 00:58:51.692] [main/DEBUG] [mixin/]: Adding mixin platform agents for container SecureJarResource(reap)
[05Dec2025 00:58:51.692] [main/DEBUG] [mixin/]: Instancing new MixinPlatformAgentMinecraftForge for SecureJarResource(reap)
[05Dec2025 00:58:51.692] [main/DEBUG] [mixin/]: MixinPlatformAgentMinecraftForge rejected container SecureJarResource(reap)
[05Dec2025 00:58:51.692] [main/DEBUG] [mixin/]: Instancing new MixinPlatformAgentDefault for SecureJarResource(reap)
[05Dec2025 00:58:51.693] [main/DEBUG] [mixin/]: MixinPlatformAgentDefault accepted container SecureJarResource(reap)
[05Dec2025 00:58:51.693] [main/DEBUG] [mixin/]: Processing prepare() for PlatformAgent[MixinPlatformAgentDefault:SecureJarResource(reap)]
[05Dec2025 00:58:51.693] [main/DEBUG] [mixin/]: Adding mixin platform agents for container SecureJarResource(waystones)
[05Dec2025 00:58:51.693] [main/DEBUG] [mixin/]: Instancing new MixinPlatformAgentMinecraftForge for SecureJarResource(waystones)
[05Dec2025 00:58:51.693] [main/DEBUG] [mixin/]: MixinPlatformAgentMinecraftForge rejected container SecureJarResource(waystones)
[05Dec2025 00:58:51.693] [main/DEBUG] [mixin/]: Instancing new MixinPlatformAgentDefault for SecureJarResource(waystones)
[05Dec2025 00:58:51.693] [main/DEBUG] [mixin/]: MixinPlatformAgentDefault accepted container SecureJarResource(waystones)
[05Dec2025 00:58:51.694] [main/DEBUG] [mixin/]: Processing prepare() for PlatformAgent[MixinPlatformAgentDefault:SecureJarResource(waystones)]
[05Dec2025 00:58:51.694] [main/DEBUG] [mixin/]: Registering mixin config: waystones.mixins.json
[05Dec2025 00:58:51.696] [main/DEBUG] [mixin/]: Adding mixin platform agents for container SecureJarResource(clumps)
[05Dec2025 00:58:51.696] [main/DEBUG] [mixin/]: Instancing new MixinPlatformAgentMinecraftForge for SecureJarResource(clumps)
[05Dec2025 00:58:51.696] [main/DEBUG] [mixin/]: MixinPlatformAgentMinecraftForge rejected container SecureJarResource(clumps)
[05Dec2025 00:58:51.696] [main/DEBUG] [mixin/]: Instancing new MixinPlatformAgentDefault for SecureJarResource(clumps)
[05Dec2025 00:58:51.696] [main/DEBUG] [mixin/]: MixinPlatformAgentDefault accepted container SecureJarResource(clumps)
[05Dec2025 00:58:51.696] [main/DEBUG] [mixin/]: Processing prepare() for PlatformAgent[MixinPlatformAgentDefault:SecureJarResource(clumps)]
[05Dec2025 00:58:51.696] [main/DEBUG] [mixin/]: Registering mixin config: clumps.mixins.json
[05Dec2025 00:58:51.698] [main/DEBUG] [mixin/]: Adding mixin platform agents for container SecureJarResource(xaeroworldmap)
[05Dec2025 00:58:51.698] [main/DEBUG] [mixin/]: Instancing new MixinPlatformAgentMinecraftForge for SecureJarResource(xaeroworldmap)
[05Dec2025 00:58:51.699] [main/DEBUG] [mixin/]: MixinPlatformAgentMinecraftForge rejected container SecureJarResource(xaeroworldmap)
[05Dec2025 00:58:51.699] [main/DEBUG] [mixin/]: Instancing new MixinPlatformAgentDefault for SecureJarResource(xaeroworldmap)
[05Dec2025 00:58:51.699] [main/DEBUG] [mixin/]: MixinPlatformAgentDefault accepted container SecureJarResource(xaeroworldmap)
[05Dec2025 00:58:51.699] [main/DEBUG] [mixin/]: Processing prepare() for PlatformAgent[MixinPlatformAgentDefault:SecureJarResource(xaeroworldmap)]
[05Dec2025 00:58:51.699] [main/DEBUG] [mixin/]: Registering mixin config: xaeroworldmap.mixins.json
[05Dec2025 00:58:51.700] [main/DEBUG] [mixin/]: Registering mixin config: xaeroworldmap.forge.mixins.json
[05Dec2025 00:58:51.702] [main/DEBUG] [mixin/]: Adding mixin platform agents for container SecureJarResource(prism)
[05Dec2025 00:58:51.702] [main/DEBUG] [mixin/]: Instancing new MixinPlatformAgentMinecraftForge for SecureJarResource(prism)
[05Dec2025 00:58:51.702] [main/DEBUG] [mixin/]: MixinPlatformAgentMinecraftForge rejected container SecureJarResource(prism)
[05Dec2025 00:58:51.702] [main/DEBUG] [mixin/]: Instancing new MixinPlatformAgentDefault for SecureJarResource(prism)
[05Dec2025 00:58:51.702] [main/DEBUG] [mixin/]: MixinPlatformAgentDefault accepted container SecureJarResource(prism)
[05Dec2025 00:58:51.702] [main/DEBUG] [mixin/]: Processing prepare() for PlatformAgent[MixinPlatformAgentDefault:SecureJarResource(prism)]
[05Dec2025 00:58:51.702] [main/DEBUG] [mixin/]: Registering mixin config: prism.mixins.json
[05Dec2025 00:58:51.704] [main/DEBUG] [mixin/]: Adding mixin platform agents for container SecureJarResource(placebo)
[05Dec2025 00:58:51.704] [main/DEBUG] [mixin/]: Instancing new MixinPlatformAgentMinecraftForge for SecureJarResource(placebo)
[05Dec2025 00:58:51.704] [main/DEBUG] [mixin/]: MixinPlatformAgentMinecraftForge rejected container SecureJarResource(placebo)
[05Dec2025 00:58:51.704] [main/DEBUG] [mixin/]: Instancing new MixinPlatformAgentDefault for SecureJarResource(placebo)
[05Dec2025 00:58:51.705] [main/DEBUG] [mixin/]: MixinPlatformAgentDefault accepted container SecureJarResource(placebo)
[05Dec2025 00:58:51.705] [main/DEBUG] [mixin/]: Processing prepare() for PlatformAgent[MixinPlatformAgentDefault:SecureJarResource(placebo)]
[05Dec2025 00:58:51.705] [main/DEBUG] [mixin/]: Registering mixin config: placebo.mixins.json
[05Dec2025 00:58:51.707] [main/DEBUG] [mixin/]: Adding mixin platform agents for container SecureJarResource(modernfix)
[05Dec2025 00:58:51.707] [main/DEBUG] [mixin/]: Instancing new MixinPlatformAgentMinecraftForge for SecureJarResource(modernfix)
[05Dec2025 00:58:51.707] [main/DEBUG] [mixin/]: MixinPlatformAgentMinecraftForge rejected container SecureJarResource(modernfix)
[05Dec2025 00:58:51.707] [main/DEBUG] [mixin/]: Instancing new MixinPlatformAgentDefault for SecureJarResource(modernfix)
[05Dec2025 00:58:51.707] [main/DEBUG] [mixin/]: MixinPlatformAgentDefault accepted container SecureJarResource(modernfix)
[05Dec2025 00:58:51.707] [main/DEBUG] [mixin/]: Processing prepare() for PlatformAgent[MixinPlatformAgentDefault:SecureJarResource(modernfix)]
[05Dec2025 00:58:51.707] [main/DEBUG] [mixin/]: Registering mixin config: modernfix-common.mixins.json
[05Dec2025 00:58:51.710] [main/DEBUG] [mixin/]: Registering mixin config: modernfix-forge.mixins.json
[05Dec2025 00:58:51.713] [main/DEBUG] [mixin/]: Adding mixin platform agents for container SecureJarResource(travelersbackpack)
[05Dec2025 00:58:51.713] [main/DEBUG] [mixin/]: Instancing new MixinPlatformAgentMinecraftForge for SecureJarResource(travelersbackpack)
[05Dec2025 00:58:51.713] [main/DEBUG] [mixin/]: MixinPlatformAgentMinecraftForge rejected container SecureJarResource(travelersbackpack)
[05Dec2025 00:58:51.714] [main/DEBUG] [mixin/]: Instancing new MixinPlatformAgentDefault for SecureJarResource(travelersbackpack)
[05Dec2025 00:58:51.714] [main/DEBUG] [mixin/]: MixinPlatformAgentDefault accepted container SecureJarResource(travelersbackpack)
[05Dec2025 00:58:51.714] [main/DEBUG] [mixin/]: Processing prepare() for PlatformAgent[MixinPlatformAgentDefault:SecureJarResource(travelersbackpack)]
[05Dec2025 00:58:51.714] [main/DEBUG] [mixin/]: Registering mixin config: mixins.travelersbackpack.json
[05Dec2025 00:58:51.715] [main/DEBUG] [mixin/]: Adding mixin platform agents for container SecureJarResource(naturescompass)
[05Dec2025 00:58:51.716] [main/DEBUG] [mixin/]: Instancing new MixinPlatformAgentMinecraftForge for SecureJarResource(naturescompass)
[05Dec2025 00:58:51.716] [main/DEBUG] [mixin/]: MixinPlatformAgentMinecraftForge rejected container SecureJarResource(naturescompass)
[05Dec2025 00:58:51.716] [main/DEBUG] [mixin/]: Instancing new MixinPlatformAgentDefault for SecureJarResource(naturescompass)
[05Dec2025 00:58:51.716] [main/DEBUG] [mixin/]: MixinPlatformAgentDefault accepted container SecureJarResource(naturescompass)
[05Dec2025 00:58:51.716] [main/DEBUG] [mixin/]: Processing prepare() for PlatformAgent[MixinPlatformAgentDefault:SecureJarResource(naturescompass)]
[05Dec2025 00:58:51.716] [main/DEBUG] [mixin/]: Adding mixin platform agents for container SecureJarResource(configured)
[05Dec2025 00:58:51.716] [main/DEBUG] [mixin/]: Instancing new MixinPlatformAgentMinecraftForge for SecureJarResource(configured)
[05Dec2025 00:58:51.716] [main/DEBUG] [mixin/]: MixinPlatformAgentMinecraftForge rejected container SecureJarResource(configured)
[05Dec2025 00:58:51.717] [main/DEBUG] [mixin/]: Instancing new MixinPlatformAgentDefault for SecureJarResource(configured)
[05Dec2025 00:58:51.717] [main/DEBUG] [mixin/]: MixinPlatformAgentDefault accepted container SecureJarResource(configured)
[05Dec2025 00:58:51.717] [main/DEBUG] [mixin/]: Processing prepare() for PlatformAgent[MixinPlatformAgentDefault:SecureJarResource(configured)]
[05Dec2025 00:58:51.717] [main/DEBUG] [mixin/]: Registering mixin config: configured.common.mixins.json
[05Dec2025 00:58:51.718] [main/DEBUG] [mixin/]: Adding mixin platform agents for container SecureJarResource(gateways)
[05Dec2025 00:58:51.719] [main/DEBUG] [mixin/]: Instancing new MixinPlatformAgentMinecraftForge for SecureJarResource(gateways)
[05Dec2025 00:58:51.719] [main/DEBUG] [mixin/]: MixinPlatformAgentMinecraftForge rejected container SecureJarResource(gateways)
[05Dec2025 00:58:51.719] [main/DEBUG] [mixin/]: Instancing new MixinPlatformAgentDefault for SecureJarResource(gateways)
[05Dec2025 00:58:51.719] [main/DEBUG] [mixin/]: MixinPlatformAgentDefault accepted container SecureJarResource(gateways)
[05Dec2025 00:58:51.719] [main/DEBUG] [mixin/]: Processing prepare() for PlatformAgent[MixinPlatformAgentDefault:SecureJarResource(gateways)]
[05Dec2025 00:58:51.719] [main/DEBUG] [mixin/]: Registering mixin config: gateways.mixins.json
[05Dec2025 00:58:51.721] [main/DEBUG] [mixin/]: Adding mixin platform agents for container SecureJarResource(maxhealthfix)
[05Dec2025 00:58:51.721] [main/DEBUG] [mixin/]: Instancing new MixinPlatformAgentMinecraftForge for SecureJarResource(maxhealthfix)
[05Dec2025 00:58:51.721] [main/DEBUG] [mixin/]: MixinPlatformAgentMinecraftForge rejected container SecureJarResource(maxhealthfix)
[05Dec2025 00:58:51.722] [main/DEBUG] [mixin/]: Instancing new MixinPlatformAgentDefault for SecureJarResource(maxhealthfix)
[05Dec2025 00:58:51.722] [main/DEBUG] [mixin/]: MixinPlatformAgentDefault accepted container SecureJarResource(maxhealthfix)
[05Dec2025 00:58:51.722] [main/DEBUG] [mixin/]: Processing prepare() for PlatformAgent[MixinPlatformAgentDefault:SecureJarResource(maxhealthfix)]
[05Dec2025 00:58:51.722] [main/DEBUG] [mixin/]: Registering mixin config: maxhealthfix.common.mixins.json
[05Dec2025 00:58:51.724] [main/DEBUG] [mixin/]: Registering mixin config: maxhealthfix.forge.mixins.json
[05Dec2025 00:58:51.725] [main/DEBUG] [mixin/]: Adding mixin platform agents for container SecureJarResource(mixinextras)
[05Dec2025 00:58:51.725] [main/DEBUG] [mixin/]: Instancing new MixinPlatformAgentMinecraftForge for SecureJarResource(mixinextras)
[05Dec2025 00:58:51.726] [main/DEBUG] [mixin/]: MixinPlatformAgentMinecraftForge rejected container SecureJarResource(mixinextras)
[05Dec2025 00:58:51.726] [main/DEBUG] [mixin/]: Instancing new MixinPlatformAgentDefault for SecureJarResource(mixinextras)
[05Dec2025 00:58:51.726] [main/DEBUG] [mixin/]: MixinPlatformAgentDefault accepted container SecureJarResource(mixinextras)
[05Dec2025 00:58:51.726] [main/DEBUG] [mixin/]: Processing prepare() for PlatformAgent[MixinPlatformAgentDefault:SecureJarResource(mixinextras)]
[05Dec2025 00:58:51.726] [main/DEBUG] [mixin/]: Registering mixin config: mixinextras.init.mixins.json
[05Dec2025 00:58:51.728] [main/DEBUG] [mixin/]: Adding mixin platform agents for container SecureJarResource(bookshelf)
[05Dec2025 00:58:51.728] [main/DEBUG] [mixin/]: Instancing new MixinPlatformAgentMinecraftForge for SecureJarResource(bookshelf)
[05Dec2025 00:58:51.728] [main/DEBUG] [mixin/]: MixinPlatformAgentMinecraftForge rejected container SecureJarResource(bookshelf)
[05Dec2025 00:58:51.728] [main/DEBUG] [mixin/]: Instancing new MixinPlatformAgentDefault for SecureJarResource(bookshelf)
[05Dec2025 00:58:51.728] [main/DEBUG] [mixin/]: MixinPlatformAgentDefault accepted container SecureJarResource(bookshelf)
[05Dec2025 00:58:51.728] [main/DEBUG] [mixin/]: Processing prepare() for PlatformAgent[MixinPlatformAgentDefault:SecureJarResource(bookshelf)]
[05Dec2025 00:58:51.729] [main/DEBUG] [mixin/]: Registering mixin config: bookshelf.common.mixins.json
[05Dec2025 00:58:51.730] [main/DEBUG] [mixin/]: Registering mixin config: bookshelf.forge.mixins.json
[05Dec2025 00:58:51.732] [main/DEBUG] [mixin/]: Adding mixin platform agents for container SecureJarResource(balm)
[05Dec2025 00:58:51.732] [main/DEBUG] [mixin/]: Instancing new MixinPlatformAgentMinecraftForge for SecureJarResource(balm)
[05Dec2025 00:58:51.732] [main/DEBUG] [mixin/]: MixinPlatformAgentMinecraftForge rejected container SecureJarResource(balm)
[05Dec2025 00:58:51.732] [main/DEBUG] [mixin/]: Instancing new MixinPlatformAgentDefault for SecureJarResource(balm)
[05Dec2025 00:58:51.733] [main/DEBUG] [mixin/]: MixinPlatformAgentDefault accepted container SecureJarResource(balm)
[05Dec2025 00:58:51.733] [main/DEBUG] [mixin/]: Processing prepare() for PlatformAgent[MixinPlatformAgentDefault:SecureJarResource(balm)]
[05Dec2025 00:58:51.733] [main/DEBUG] [mixin/]: Registering mixin config: balm.mixins.json
[05Dec2025 00:58:51.735] [main/DEBUG] [mixin/]: Adding mixin platform agents for container SecureJarResource(carryon)
[05Dec2025 00:58:51.735] [main/DEBUG] [mixin/]: Instancing new MixinPlatformAgentMinecraftForge for SecureJarResource(carryon)
[05Dec2025 00:58:51.735] [main/DEBUG] [mixin/]: MixinPlatformAgentMinecraftForge rejected container SecureJarResource(carryon)
[05Dec2025 00:58:51.735] [main/DEBUG] [mixin/]: Instancing new MixinPlatformAgentDefault for SecureJarResource(carryon)
[05Dec2025 00:58:51.736] [main/DEBUG] [mixin/]: MixinPlatformAgentDefault accepted container SecureJarResource(carryon)
[05Dec2025 00:58:51.736] [main/DEBUG] [mixin/]: Processing prepare() for PlatformAgent[MixinPlatformAgentDefault:SecureJarResource(carryon)]
[05Dec2025 00:58:51.736] [main/DEBUG] [mixin/]: Registering mixin config: carryon.mixins.json
[05Dec2025 00:58:51.737] [main/DEBUG] [mixin/]: Registering mixin config: carryon.forge.mixins.json
[05Dec2025 00:58:51.739] [main/DEBUG] [mixin/]: Adding mixin platform agents for container SecureJarResource(sodiumoptionsapi)
[05Dec2025 00:58:51.739] [main/DEBUG] [mixin/]: Instancing new MixinPlatformAgentMinecraftForge for SecureJarResource(sodiumoptionsapi)
[05Dec2025 00:58:51.739] [main/DEBUG] [mixin/]: MixinPlatformAgentMinecraftForge rejected container SecureJarResource(sodiumoptionsapi)
[05Dec2025 00:58:51.739] [main/DEBUG] [mixin/]: Instancing new MixinPlatformAgentDefault for SecureJarResource(sodiumoptionsapi)
[05Dec2025 00:58:51.739] [main/DEBUG] [mixin/]: MixinPlatformAgentDefault accepted container SecureJarResource(sodiumoptionsapi)
[05Dec2025 00:58:51.739] [main/DEBUG] [mixin/]: Processing prepare() for PlatformAgent[MixinPlatformAgentDefault:SecureJarResource(sodiumoptionsapi)]
[05Dec2025 00:58:51.739] [main/DEBUG] [mixin/]: Registering mixin config: mixins.sodiumoptionsapi.json
[05Dec2025 00:58:51.741] [main/DEBUG] [mixin/]: Adding mixin platform agents for container SecureJarResource(jeresources)
[05Dec2025 00:58:51.741] [main/DEBUG] [mixin/]: Instancing new MixinPlatformAgentMinecraftForge for SecureJarResource(jeresources)
[05Dec2025 00:58:51.741] [main/DEBUG] [mixin/]: MixinPlatformAgentMinecraftForge rejected container SecureJarResource(jeresources)
[05Dec2025 00:58:51.741] [main/DEBUG] [mixin/]: Instancing new MixinPlatformAgentDefault for SecureJarResource(jeresources)
[05Dec2025 00:58:51.741] [main/DEBUG] [mixin/]: MixinPlatformAgentDefault accepted container SecureJarResource(jeresources)
[05Dec2025 00:58:51.741] [main/DEBUG] [mixin/]: Processing prepare() for PlatformAgent[MixinPlatformAgentDefault:SecureJarResource(jeresources)]
[05Dec2025 00:58:51.742] [main/DEBUG] [mixin/]: Adding mixin platform agents for container SecureJarResource(cloth_config)
[05Dec2025 00:58:51.742] [main/DEBUG] [mixin/]: Instancing new MixinPlatformAgentMinecraftForge for SecureJarResource(cloth_config)
[05Dec2025 00:58:51.742] [main/DEBUG] [mixin/]: MixinPlatformAgentMinecraftForge rejected container SecureJarResource(cloth_config)
[05Dec2025 00:58:51.742] [main/DEBUG] [mixin/]: Instancing new MixinPlatformAgentDefault for SecureJarResource(cloth_config)
[05Dec2025 00:58:51.742] [main/DEBUG] [mixin/]: MixinPlatformAgentDefault accepted container SecureJarResource(cloth_config)
[05Dec2025 00:58:51.742] [main/DEBUG] [mixin/]: Processing prepare() for PlatformAgent[MixinPlatformAgentDefault:SecureJarResource(cloth_config)]
[05Dec2025 00:58:51.742] [main/DEBUG] [mixin/]: Adding mixin platform agents for container SecureJarResource(forge)
[05Dec2025 00:58:51.742] [main/DEBUG] [mixin/]: Instancing new MixinPlatformAgentMinecraftForge for SecureJarResource(forge)
[05Dec2025 00:58:51.743] [main/DEBUG] [mixin/]: MixinPlatformAgentMinecraftForge rejected container SecureJarResource(forge)
[05Dec2025 00:58:51.743] [main/DEBUG] [mixin/]: Instancing new MixinPlatformAgentDefault for SecureJarResource(forge)
[05Dec2025 00:58:51.743] [main/DEBUG] [mixin/]: MixinPlatformAgentDefault accepted container SecureJarResource(forge)
[05Dec2025 00:58:51.743] [main/DEBUG] [mixin/]: Processing prepare() for PlatformAgent[MixinPlatformAgentDefault:SecureJarResource(forge)]
[05Dec2025 00:58:51.743] [main/DEBUG] [mixin/]: Adding mixin platform agents for container SecureJarResource(dummmmmmy)
[05Dec2025 00:58:51.743] [main/DEBUG] [mixin/]: Instancing new MixinPlatformAgentMinecraftForge for SecureJarResource(dummmmmmy)
[05Dec2025 00:58:51.743] [main/DEBUG] [mixin/]: MixinPlatformAgentMinecraftForge rejected container SecureJarResource(dummmmmmy)
[05Dec2025 00:58:51.743] [main/DEBUG] [mixin/]: Instancing new MixinPlatformAgentDefault for SecureJarResource(dummmmmmy)
[05Dec2025 00:58:51.744] [main/DEBUG] [mixin/]: MixinPlatformAgentDefault accepted container SecureJarResource(dummmmmmy)
[05Dec2025 00:58:51.744] [main/DEBUG] [mixin/]: Processing prepare() for PlatformAgent[MixinPlatformAgentDefault:SecureJarResource(dummmmmmy)]
[05Dec2025 00:58:51.744] [main/DEBUG] [mixin/]: Registering mixin config: dummmmmmy-common.mixins.json
[05Dec2025 00:58:51.745] [main/DEBUG] [mixin/]: Registering mixin config: dummmmmmy.mixins.json
[05Dec2025 00:58:51.747] [main/DEBUG] [mixin/]: Compatibility level JAVA_16 specified by dummmmmmy.mixins.json is higher than the maximum level supported by this version of mixin (JAVA_13).
[05Dec2025 00:58:51.748] [main/DEBUG] [mixin/]: Adding mixin platform agents for container SecureJarResource(sodiumdynamiclights)
[05Dec2025 00:58:51.748] [main/DEBUG] [mixin/]: Instancing new MixinPlatformAgentMinecraftForge for SecureJarResource(sodiumdynamiclights)
[05Dec2025 00:58:51.748] [main/DEBUG] [mixin/]: MixinPlatformAgentMinecraftForge rejected container SecureJarResource(sodiumdynamiclights)
[05Dec2025 00:58:51.748] [main/DEBUG] [mixin/]: Instancing new MixinPlatformAgentDefault for SecureJarResource(sodiumdynamiclights)
[05Dec2025 00:58:51.748] [main/DEBUG] [mixin/]: MixinPlatformAgentDefault accepted container SecureJarResource(sodiumdynamiclights)
[05Dec2025 00:58:51.748] [main/DEBUG] [mixin/]: Processing prepare() for PlatformAgent[MixinPlatformAgentDefault:SecureJarResource(sodiumdynamiclights)]
[05Dec2025 00:58:51.748] [main/DEBUG] [mixin/]: Registering mixin config: mixins.sodiumdynamiclights.json
[05Dec2025 00:58:51.752] [main/DEBUG] [mixin/]: Adding mixin platform agents for container SecureJarResource(ironchest)
[05Dec2025 00:58:51.752] [main/DEBUG] [mixin/]: Instancing new MixinPlatformAgentMinecraftForge for SecureJarResource(ironchest)
[05Dec2025 00:58:51.752] [main/DEBUG] [mixin/]: MixinPlatformAgentMinecraftForge rejected container SecureJarResource(ironchest)
[05Dec2025 00:58:51.752] [main/DEBUG] [mixin/]: Instancing new MixinPlatformAgentDefault for SecureJarResource(ironchest)
[05Dec2025 00:58:51.752] [main/DEBUG] [mixin/]: MixinPlatformAgentDefault accepted container SecureJarResource(ironchest)
[05Dec2025 00:58:51.752] [main/DEBUG] [mixin/]: Processing prepare() for PlatformAgent[MixinPlatformAgentDefault:SecureJarResource(ironchest)]
[05Dec2025 00:58:51.752] [main/DEBUG] [mixin/]: Adding mixin platform agents for container SecureJarResource(advancementplaques)
[05Dec2025 00:58:51.752] [main/DEBUG] [mixin/]: Instancing new MixinPlatformAgentMinecraftForge for SecureJarResource(advancementplaques)
[05Dec2025 00:58:51.752] [main/DEBUG] [mixin/]: MixinPlatformAgentMinecraftForge rejected container SecureJarResource(advancementplaques)
[05Dec2025 00:58:51.753] [main/DEBUG] [mixin/]: Instancing new MixinPlatformAgentDefault for SecureJarResource(advancementplaques)
[05Dec2025 00:58:51.753] [main/DEBUG] [mixin/]: MixinPlatformAgentDefault accepted container SecureJarResource(advancementplaques)
[05Dec2025 00:58:51.753] [main/DEBUG] [mixin/]: Processing prepare() for PlatformAgent[MixinPlatformAgentDefault:SecureJarResource(advancementplaques)]
[05Dec2025 00:58:51.753] [main/DEBUG] [mixin/]: Adding mixin platform agents for container SecureJarResource(craftingtweaks)
[05Dec2025 00:58:51.753] [main/DEBUG] [mixin/]: Instancing new MixinPlatformAgentMinecraftForge for SecureJarResource(craftingtweaks)
[05Dec2025 00:58:51.753] [main/DEBUG] [mixin/]: MixinPlatformAgentMinecraftForge rejected container SecureJarResource(craftingtweaks)
[05Dec2025 00:58:51.753] [main/DEBUG] [mixin/]: Instancing new MixinPlatformAgentDefault for SecureJarResource(craftingtweaks)
[05Dec2025 00:58:51.753] [main/DEBUG] [mixin/]: MixinPlatformAgentDefault accepted container SecureJarResource(craftingtweaks)
[05Dec2025 00:58:51.753] [main/DEBUG] [mixin/]: Processing prepare() for PlatformAgent[MixinPlatformAgentDefault:SecureJarResource(craftingtweaks)]
[05Dec2025 00:58:51.753] [main/DEBUG] [mixin/]: Registering mixin config: craftingtweaks.mixins.json
[05Dec2025 00:58:51.755] [main/DEBUG] [mixin/]: Adding mixin platform agents for container SecureJarResource(minecraft)
[05Dec2025 00:58:51.755] [main/DEBUG] [mixin/]: Instancing new MixinPlatformAgentMinecraftForge for SecureJarResource(minecraft)
[05Dec2025 00:58:51.755] [main/DEBUG] [mixin/]: MixinPlatformAgentMinecraftForge rejected container SecureJarResource(minecraft)
[05Dec2025 00:58:51.755] [main/DEBUG] [mixin/]: Instancing new MixinPlatformAgentDefault for SecureJarResource(minecraft)
[05Dec2025 00:58:51.755] [main/DEBUG] [mixin/]: MixinPlatformAgentDefault accepted container SecureJarResource(minecraft)
[05Dec2025 00:58:51.755] [main/DEBUG] [mixin/]: Processing prepare() for PlatformAgent[MixinPlatformAgentDefault:SecureJarResource(minecraft)]
[05Dec2025 00:58:51.755] [main/DEBUG] [mixin/]: Adding mixin platform agents for container SecureJarResource(w2w2)
[05Dec2025 00:58:51.755] [main/DEBUG] [mixin/]: Instancing new MixinPlatformAgentMinecraftForge for SecureJarResource(w2w2)
[05Dec2025 00:58:51.755] [main/DEBUG] [mixin/]: MixinPlatformAgentMinecraftForge rejected container SecureJarResource(w2w2)
[05Dec2025 00:58:51.755] [main/DEBUG] [mixin/]: Instancing new MixinPlatformAgentDefault for SecureJarResource(w2w2)
[05Dec2025 00:58:51.755] [main/DEBUG] [mixin/]: MixinPlatformAgentDefault accepted container SecureJarResource(w2w2)
[05Dec2025 00:58:51.755] [main/DEBUG] [mixin/]: Processing prepare() for PlatformAgent[MixinPlatformAgentDefault:SecureJarResource(w2w2)]
[05Dec2025 00:58:51.756] [main/DEBUG] [mixin/]: Adding mixin platform agents for container SecureJarResource(moonlight)
[05Dec2025 00:58:51.756] [main/DEBUG] [mixin/]: Instancing new MixinPlatformAgentMinecraftForge for SecureJarResource(moonlight)
[05Dec2025 00:58:51.756] [main/DEBUG] [mixin/]: MixinPlatformAgentMinecraftForge rejected container SecureJarResource(moonlight)
[05Dec2025 00:58:51.756] [main/DEBUG] [mixin/]: Instancing new MixinPlatformAgentDefault for SecureJarResource(moonlight)
[05Dec2025 00:58:51.756] [main/DEBUG] [mixin/]: MixinPlatformAgentDefault accepted container SecureJarResource(moonlight)
[05Dec2025 00:58:51.756] [main/DEBUG] [mixin/]: Processing prepare() for PlatformAgent[MixinPlatformAgentDefault:SecureJarResource(moonlight)]
[05Dec2025 00:58:51.756] [main/DEBUG] [mixin/]: Registering mixin config: moonlight-common.mixins.json
[05Dec2025 00:58:51.758] [main/DEBUG] [mixin/]: Registering mixin config: moonlight.mixins.json
[05Dec2025 00:58:51.759] [main/DEBUG] [mixin/]: Adding mixin platform agents for container SecureJarResource(fabric_api_base)
[05Dec2025 00:58:51.759] [main/DEBUG] [mixin/]: Instancing new MixinPlatformAgentMinecraftForge for SecureJarResource(fabric_api_base)
[05Dec2025 00:58:51.759] [main/DEBUG] [mixin/]: MixinPlatformAgentMinecraftForge rejected container SecureJarResource(fabric_api_base)
[05Dec2025 00:58:51.759] [main/DEBUG] [mixin/]: Instancing new MixinPlatformAgentDefault for SecureJarResource(fabric_api_base)
[05Dec2025 00:58:51.760] [main/DEBUG] [mixin/]: MixinPlatformAgentDefault accepted container SecureJarResource(fabric_api_base)
[05Dec2025 00:58:51.760] [main/DEBUG] [mixin/]: Processing prepare() for PlatformAgent[MixinPlatformAgentDefault:SecureJarResource(fabric_api_base)]
[05Dec2025 00:58:51.760] [main/DEBUG] [mixin/]: Registering mixin config: fabric-api-base.init.mixins.json
[05Dec2025 00:58:51.761] [main/DEBUG] [mixin/]: Adding mixin platform agents for container SecureJarResource(jade)
[05Dec2025 00:58:51.762] [main/DEBUG] [mixin/]: Instancing new MixinPlatformAgentMinecraftForge for SecureJarResource(jade)
[05Dec2025 00:58:51.762] [main/DEBUG] [mixin/]: MixinPlatformAgentMinecraftForge rejected container SecureJarResource(jade)
[05Dec2025 00:58:51.762] [main/DEBUG] [mixin/]: Instancing new MixinPlatformAgentDefault for SecureJarResource(jade)
[05Dec2025 00:58:51.762] [main/DEBUG] [mixin/]: MixinPlatformAgentDefault accepted container SecureJarResource(jade)
[05Dec2025 00:58:51.762] [main/DEBUG] [mixin/]: Processing prepare() for PlatformAgent[MixinPlatformAgentDefault:SecureJarResource(jade)]
[05Dec2025 00:58:51.762] [main/DEBUG] [mixin/]: Registering mixin config: jade.mixins.json
[05Dec2025 00:58:51.764] [main/DEBUG] [mixin/]: Compatibility level JAVA_16 specified by jade.mixins.json is higher than the maximum level supported by this version of mixin (JAVA_13).
[05Dec2025 00:58:51.764] [main/DEBUG] [mixin/]: Adding mixin platform agents for container SecureJarResource(ironfurnaces)
[05Dec2025 00:58:51.764] [main/DEBUG] [mixin/]: Instancing new MixinPlatformAgentMinecraftForge for SecureJarResource(ironfurnaces)
[05Dec2025 00:58:51.764] [main/DEBUG] [mixin/]: MixinPlatformAgentMinecraftForge rejected container SecureJarResource(ironfurnaces)
[05Dec2025 00:58:51.765] [main/DEBUG] [mixin/]: Instancing new MixinPlatformAgentDefault for SecureJarResource(ironfurnaces)
[05Dec2025 00:58:51.765] [main/DEBUG] [mixin/]: MixinPlatformAgentDefault accepted container SecureJarResource(ironfurnaces)
[05Dec2025 00:58:51.765] [main/DEBUG] [mixin/]: Processing prepare() for PlatformAgent[MixinPlatformAgentDefault:SecureJarResource(ironfurnaces)]
[05Dec2025 00:58:51.765] [main/DEBUG] [mixin/]: Adding mixin platform agents for container SecureJarResource(creativecore)
[05Dec2025 00:58:51.765] [main/DEBUG] [mixin/]: Instancing new MixinPlatformAgentMinecraftForge for SecureJarResource(creativecore)
[05Dec2025 00:58:51.765] [main/DEBUG] [mixin/]: MixinPlatformAgentMinecraftForge rejected container SecureJarResource(creativecore)
[05Dec2025 00:58:51.765] [main/DEBUG] [mixin/]: Instancing new MixinPlatformAgentDefault for SecureJarResource(creativecore)
[05Dec2025 00:58:51.765] [main/DEBUG] [mixin/]: MixinPlatformAgentDefault accepted container SecureJarResource(creativecore)
[05Dec2025 00:58:51.766] [main/DEBUG] [mixin/]: Processing prepare() for PlatformAgent[MixinPlatformAgentDefault:SecureJarResource(creativecore)]
[05Dec2025 00:58:51.766] [main/DEBUG] [mixin/]: Registering mixin config: creativecore.mixins.json
[05Dec2025 00:58:51.767] [main/DEBUG] [mixin/]: Registering mixin config: creativecore.forge.mixins.json
[05Dec2025 00:58:51.768] [main/DEBUG] [mixin/]: Adding mixin platform agents for container SecureJarResource(cleanswing)
[05Dec2025 00:58:51.769] [main/DEBUG] [mixin/]: Instancing new MixinPlatformAgentMinecraftForge for SecureJarResource(cleanswing)
[05Dec2025 00:58:51.769] [main/DEBUG] [mixin/]: MixinPlatformAgentMinecraftForge rejected container SecureJarResource(cleanswing)
[05Dec2025 00:58:51.769] [main/DEBUG] [mixin/]: Instancing new MixinPlatformAgentDefault for SecureJarResource(cleanswing)
[05Dec2025 00:58:51.769] [main/DEBUG] [mixin/]: MixinPlatformAgentDefault accepted container SecureJarResource(cleanswing)
[05Dec2025 00:58:51.769] [main/DEBUG] [mixin/]: Processing prepare() for PlatformAgent[MixinPlatformAgentDefault:SecureJarResource(cleanswing)]
[05Dec2025 00:58:51.769] [main/DEBUG] [mixin/]: Adding mixin platform agents for container SecureJarResource(spectrelib)
[05Dec2025 00:58:51.769] [main/DEBUG] [mixin/]: Instancing new MixinPlatformAgentMinecraftForge for SecureJarResource(spectrelib)
[05Dec2025 00:58:51.769] [main/DEBUG] [mixin/]: MixinPlatformAgentMinecraftForge rejected container SecureJarResource(spectrelib)
[05Dec2025 00:58:51.770] [main/DEBUG] [mixin/]: Instancing new MixinPlatformAgentDefault for SecureJarResource(spectrelib)
[05Dec2025 00:58:51.770] [main/DEBUG] [mixin/]: MixinPlatformAgentDefault accepted container SecureJarResource(spectrelib)
[05Dec2025 00:58:51.770] [main/DEBUG] [mixin/]: Processing prepare() for PlatformAgent[MixinPlatformAgentDefault:SecureJarResource(spectrelib)]
[05Dec2025 00:58:51.770] [main/DEBUG] [mixin/]: Adding mixin platform agents for container SecureJarResource(smoothboot)
[05Dec2025 00:58:51.770] [main/DEBUG] [mixin/]: Instancing new MixinPlatformAgentMinecraftForge for SecureJarResource(smoothboot)
[05Dec2025 00:58:51.770] [main/DEBUG] [mixin/]: MixinPlatformAgentMinecraftForge rejected container SecureJarResource(smoothboot)
[05Dec2025 00:58:51.773] [main/DEBUG] [mixin/]: Instancing new MixinPlatformAgentDefault for SecureJarResource(smoothboot)
[05Dec2025 00:58:51.773] [main/DEBUG] [mixin/]: MixinPlatformAgentDefault accepted container SecureJarResource(smoothboot)
[05Dec2025 00:58:51.773] [main/DEBUG] [mixin/]: Processing prepare() for PlatformAgent[MixinPlatformAgentDefault:SecureJarResource(smoothboot)]
[05Dec2025 00:58:51.773] [main/DEBUG] [mixin/]: Registering mixin config: smoothboot.mixins.json
[05Dec2025 00:58:51.775] [main/DEBUG] [mixin/]: Adding mixin platform agents for container SecureJarResource(highlighter)
[05Dec2025 00:58:51.775] [main/DEBUG] [mixin/]: Instancing new MixinPlatformAgentMinecraftForge for SecureJarResource(highlighter)
[05Dec2025 00:58:51.775] [main/DEBUG] [mixin/]: MixinPlatformAgentMinecraftForge rejected container SecureJarResource(highlighter)
[05Dec2025 00:58:51.775] [main/DEBUG] [mixin/]: Instancing new MixinPlatformAgentDefault for SecureJarResource(highlighter)
[05Dec2025 00:58:51.775] [main/DEBUG] [mixin/]: MixinPlatformAgentDefault accepted container SecureJarResource(highlighter)
[05Dec2025 00:58:51.775] [main/DEBUG] [mixin/]: Processing prepare() for PlatformAgent[MixinPlatformAgentDefault:SecureJarResource(highlighter)]
[05Dec2025 00:58:51.775] [main/DEBUG] [mixin/]: Registering mixin config: highlighter.mixins.json
[05Dec2025 00:58:51.777] [main/DEBUG] [mixin/]: Adding mixin platform agents for container SecureJarResource(jeiintegration)
[05Dec2025 00:58:51.777] [main/DEBUG] [mixin/]: Instancing new MixinPlatformAgentMinecraftForge for SecureJarResource(jeiintegration)
[05Dec2025 00:58:51.777] [main/DEBUG] [mixin/]: MixinPlatformAgentMinecraftForge rejected container SecureJarResource(jeiintegration)
[05Dec2025 00:58:51.777] [main/DEBUG] [mixin/]: Instancing new MixinPlatformAgentDefault for SecureJarResource(jeiintegration)
[05Dec2025 00:58:51.777] [main/DEBUG] [mixin/]: MixinPlatformAgentDefault accepted container SecureJarResource(jeiintegration)
[05Dec2025 00:58:51.777] [main/DEBUG] [mixin/]: Processing prepare() for PlatformAgent[MixinPlatformAgentDefault:SecureJarResource(jeiintegration)]
[05Dec2025 00:58:51.777] [main/DEBUG] [mixin/]: Adding mixin platform agents for container SecureJarResource(iceberg)
[05Dec2025 00:58:51.777] [main/DEBUG] [mixin/]: Instancing new MixinPlatformAgentMinecraftForge for SecureJarResource(iceberg)
[05Dec2025 00:58:51.777] [main/DEBUG] [mixin/]: MixinPlatformAgentMinecraftForge rejected container SecureJarResource(iceberg)
[05Dec2025 00:58:51.777] [main/DEBUG] [mixin/]: Instancing new MixinPlatformAgentDefault for SecureJarResource(iceberg)
[05Dec2025 00:58:51.777] [main/DEBUG] [mixin/]: MixinPlatformAgentDefault accepted container SecureJarResource(iceberg)
[05Dec2025 00:58:51.777] [main/DEBUG] [mixin/]: Processing prepare() for PlatformAgent[MixinPlatformAgentDefault:SecureJarResource(iceberg)]
[05Dec2025 00:58:51.777] [main/DEBUG] [mixin/]: Registering mixin config: iceberg.mixins.json
[05Dec2025 00:58:51.779] [main/DEBUG] [mixin/]: Adding mixin platform agents for container SecureJarResource(curios)
[05Dec2025 00:58:51.779] [main/DEBUG] [mixin/]: Instancing new MixinPlatformAgentMinecraftForge for SecureJarResource(curios)
[05Dec2025 00:58:51.779] [main/DEBUG] [mixin/]: MixinPlatformAgentMinecraftForge rejected container SecureJarResource(curios)
[05Dec2025 00:58:51.779] [main/DEBUG] [mixin/]: Instancing new MixinPlatformAgentDefault for SecureJarResource(curios)
[05Dec2025 00:58:51.779] [main/DEBUG] [mixin/]: MixinPlatformAgentDefault accepted container SecureJarResource(curios)
[05Dec2025 00:58:51.779] [main/DEBUG] [mixin/]: Processing prepare() for PlatformAgent[MixinPlatformAgentDefault:SecureJarResource(curios)]
[05Dec2025 00:58:51.779] [main/DEBUG] [mixin/]: Registering mixin config: curios.mixins.json
[05Dec2025 00:58:51.781] [main/DEBUG] [mixin/]: Adding mixin platform agents for container SecureJarResource(mutil)
[05Dec2025 00:58:51.781] [main/DEBUG] [mixin/]: Instancing new MixinPlatformAgentMinecraftForge for SecureJarResource(mutil)
[05Dec2025 00:58:51.781] [main/DEBUG] [mixin/]: MixinPlatformAgentMinecraftForge rejected container SecureJarResource(mutil)
[05Dec2025 00:58:51.781] [main/DEBUG] [mixin/]: Instancing new MixinPlatformAgentDefault for SecureJarResource(mutil)
[05Dec2025 00:58:51.783] [main/DEBUG] [mixin/]: MixinPlatformAgentDefault accepted container SecureJarResource(mutil)
[05Dec2025 00:58:51.783] [main/DEBUG] [mixin/]: Processing prepare() for PlatformAgent[MixinPlatformAgentDefault:SecureJarResource(mutil)]
[05Dec2025 00:58:51.783] [main/DEBUG] [mixin/]: Adding mixin platform agents for container SecureJarResource(xaerominimap)
[05Dec2025 00:58:51.784] [main/DEBUG] [mixin/]: Instancing new MixinPlatformAgentMinecraftForge for SecureJarResource(xaerominimap)
[05Dec2025 00:58:51.784] [main/DEBUG] [mixin/]: MixinPlatformAgentMinecraftForge rejected container SecureJarResource(xaerominimap)
[05Dec2025 00:58:51.784] [main/DEBUG] [mixin/]: Instancing new MixinPlatformAgentDefault for SecureJarResource(xaerominimap)
[05Dec2025 00:58:51.784] [main/DEBUG] [mixin/]: MixinPlatformAgentDefault accepted container SecureJarResource(xaerominimap)
[05Dec2025 00:58:51.785] [main/DEBUG] [mixin/]: Processing prepare() for PlatformAgent[MixinPlatformAgentDefault:SecureJarResource(xaerominimap)]
[05Dec2025 00:58:51.787] [main/DEBUG] [mixin/]: Registering mixin config: xaerohud.mixins.json
[05Dec2025 00:58:51.789] [main/DEBUG] [mixin/]: Registering mixin config: xaerohud.forge.mixins.json
[05Dec2025 00:58:51.790] [main/DEBUG] [mixin/]: Registering mixin config: xaerominimap.mixins.json
[05Dec2025 00:58:51.792] [main/DEBUG] [mixin/]: Registering mixin config: xaerominimap.forge.mixins.json
[05Dec2025 00:58:51.793] [main/DEBUG] [mixin/]: Adding mixin platform agents for container SecureJarResource(gravestone)
[05Dec2025 00:58:51.794] [main/DEBUG] [mixin/]: Instancing new MixinPlatformAgentMinecraftForge for SecureJarResource(gravestone)
[05Dec2025 00:58:51.794] [main/DEBUG] [mixin/]: MixinPlatformAgentMinecraftForge rejected container SecureJarResource(gravestone)
[05Dec2025 00:58:51.794] [main/DEBUG] [mixin/]: Instancing new MixinPlatformAgentDefault for SecureJarResource(gravestone)
[05Dec2025 00:58:51.794] [main/DEBUG] [mixin/]: MixinPlatformAgentDefault accepted container SecureJarResource(gravestone)
[05Dec2025 00:58:51.794] [main/DEBUG] [mixin/]: Processing prepare() for PlatformAgent[MixinPlatformAgentDefault:SecureJarResource(gravestone)]
[05Dec2025 00:58:51.795] [main/DEBUG] [mixin/]: Adding mixin platform agents for container SecureJarResource(fastbench)
[05Dec2025 00:58:51.795] [main/DEBUG] [mixin/]: Instancing new MixinPlatformAgentMinecraftForge for SecureJarResource(fastbench)
[05Dec2025 00:58:51.795] [main/DEBUG] [mixin/]: MixinPlatformAgentMinecraftForge rejected container SecureJarResource(fastbench)
[05Dec2025 00:58:51.795] [main/DEBUG] [mixin/]: Instancing new MixinPlatformAgentDefault for SecureJarResource(fastbench)
[05Dec2025 00:58:51.795] [main/DEBUG] [mixin/]: MixinPlatformAgentDefault accepted container SecureJarResource(fastbench)
[05Dec2025 00:58:51.796] [main/DEBUG] [mixin/]: Processing prepare() for PlatformAgent[MixinPlatformAgentDefault:SecureJarResource(fastbench)]
[05Dec2025 00:58:51.796] [main/DEBUG] [mixin/]: Registering mixin config: fastbench.mixins.json
[05Dec2025 00:58:51.797] [main/DEBUG] [mixin/]: Adding mixin platform agents for container SecureJarResource(searchables)
[05Dec2025 00:58:51.797] [main/DEBUG] [mixin/]: Instancing new MixinPlatformAgentMinecraftForge for SecureJarResource(searchables)
[05Dec2025 00:58:51.798] [main/DEBUG] [mixin/]: MixinPlatformAgentMinecraftForge rejected container SecureJarResource(searchables)
[05Dec2025 00:58:51.798] [main/DEBUG] [mixin/]: Instancing new MixinPlatformAgentDefault for SecureJarResource(searchables)
[05Dec2025 00:58:51.798] [main/DEBUG] [mixin/]: MixinPlatformAgentDefault accepted container SecureJarResource(searchables)
[05Dec2025 00:58:51.798] [main/DEBUG] [mixin/]: Processing prepare() for PlatformAgent[MixinPlatformAgentDefault:SecureJarResource(searchables)]
[05Dec2025 00:58:51.798] [main/DEBUG] [mixin/]: Registering mixin config: searchables.mixins.json
[05Dec2025 00:58:51.800] [main/DEBUG] [mixin/]: Registering mixin config: searchables.forge.mixins.json
[05Dec2025 00:58:51.801] [main/DEBUG] [mixin/]: Adding mixin platform agents for container SecureJarResource(polymorph)
[05Dec2025 00:58:51.801] [main/DEBUG] [mixin/]: Instancing new MixinPlatformAgentMinecraftForge for SecureJarResource(polymorph)
[05Dec2025 00:58:51.802] [main/DEBUG] [mixin/]: MixinPlatformAgentMinecraftForge rejected container SecureJarResource(polymorph)
[05Dec2025 00:58:51.802] [main/DEBUG] [mixin/]: Instancing new MixinPlatformAgentDefault for SecureJarResource(polymorph)
[05Dec2025 00:58:51.802] [main/DEBUG] [mixin/]: MixinPlatformAgentDefault accepted container SecureJarResource(polymorph)
[05Dec2025 00:58:51.802] [main/DEBUG] [mixin/]: Processing prepare() for PlatformAgent[MixinPlatformAgentDefault:SecureJarResource(polymorph)]
[05Dec2025 00:58:51.802] [main/DEBUG] [mixin/]: Registering mixin config: polymorph.mixins.json
[05Dec2025 00:58:51.804] [main/DEBUG] [mixin/]: Registering mixin config: polymorph-integrations.forge.mixins.json
[05Dec2025 00:58:51.805] [main/DEBUG] [mixin/]: Compatibility level JAVA_16 specified by polymorph-integrations.forge.mixins.json is higher than the maximum level supported by this version of mixin (JAVA_13).
[05Dec2025 00:58:51.806] [main/DEBUG] [mixin/]: Adding mixin platform agents for container SecureJarResource(sit)
[05Dec2025 00:58:51.806] [main/DEBUG] [mixin/]: Instancing new MixinPlatformAgentMinecraftForge for SecureJarResource(sit)
[05Dec2025 00:58:51.806] [main/DEBUG] [mixin/]: MixinPlatformAgentMinecraftForge rejected container SecureJarResource(sit)
[05Dec2025 00:58:51.806] [main/DEBUG] [mixin/]: Instancing new MixinPlatformAgentDefault for SecureJarResource(sit)
[05Dec2025 00:58:51.807] [main/DEBUG] [mixin/]: MixinPlatformAgentDefault accepted container SecureJarResource(sit)
[05Dec2025 00:58:51.807] [main/DEBUG] [mixin/]: Processing prepare() for PlatformAgent[MixinPlatformAgentDefault:SecureJarResource(sit)]
[05Dec2025 00:58:51.807] [main/DEBUG] [mixin/]: Adding mixin platform agents for container SecureJarResource(parcool)
[05Dec2025 00:58:51.807] [main/DEBUG] [mixin/]: Instancing new MixinPlatformAgentMinecraftForge for SecureJarResource(parcool)
[05Dec2025 00:58:51.807] [main/DEBUG] [mixin/]: MixinPlatformAgentMinecraftForge rejected container SecureJarResource(parcool)
[05Dec2025 00:58:51.807] [main/DEBUG] [mixin/]: Instancing new MixinPlatformAgentDefault for SecureJarResource(parcool)
[05Dec2025 00:58:51.808] [main/DEBUG] [mixin/]: MixinPlatformAgentDefault accepted container SecureJarResource(parcool)
[05Dec2025 00:58:51.808] [main/DEBUG] [mixin/]: Processing prepare() for PlatformAgent[MixinPlatformAgentDefault:SecureJarResource(parcool)]
[05Dec2025 00:58:51.808] [main/DEBUG] [mixin/]: Registering mixin config: parcool.mixins.json
[05Dec2025 00:58:51.811] [main/DEBUG] [mixin/]: Adding mixin platform agents for container SecureJarResource(attributeslib)
[05Dec2025 00:58:51.811] [main/DEBUG] [mixin/]: Instancing new MixinPlatformAgentMinecraftForge for SecureJarResource(attributeslib)
[05Dec2025 00:58:51.811] [main/DEBUG] [mixin/]: MixinPlatformAgentMinecraftForge rejected container SecureJarResource(attributeslib)
[05Dec2025 00:58:51.811] [main/DEBUG] [mixin/]: Instancing new MixinPlatformAgentDefault for SecureJarResource(attributeslib)
[05Dec2025 00:58:51.811] [main/DEBUG] [mixin/]: MixinPlatformAgentDefault accepted container SecureJarResource(attributeslib)
[05Dec2025 00:58:51.811] [main/DEBUG] [mixin/]: Processing prepare() for PlatformAgent[MixinPlatformAgentDefault:SecureJarResource(attributeslib)]
[05Dec2025 00:58:51.811] [main/DEBUG] [mixin/]: Registering mixin config: attributeslib.mixins.json
[05Dec2025 00:58:51.813] [main/DEBUG] [mixin/]: Adding mixin platform agents for container SecureJarResource(bettervillage)
[05Dec2025 00:58:51.813] [main/DEBUG] [mixin/]: Instancing new MixinPlatformAgentMinecraftForge for SecureJarResource(bettervillage)
[05Dec2025 00:58:51.814] [main/DEBUG] [mixin/]: MixinPlatformAgentMinecraftForge rejected container SecureJarResource(bettervillage)
[05Dec2025 00:58:51.814] [main/DEBUG] [mixin/]: Instancing new MixinPlatformAgentDefault for SecureJarResource(bettervillage)
[05Dec2025 00:58:51.814] [main/DEBUG] [mixin/]: MixinPlatformAgentDefault accepted container SecureJarResource(bettervillage)
[05Dec2025 00:58:51.814] [main/DEBUG] [mixin/]: Processing prepare() for PlatformAgent[MixinPlatformAgentDefault:SecureJarResource(bettervillage)]
[05Dec2025 00:58:51.814] [main/DEBUG] [mixin/]: Registering mixin config: bettervillage.mixins.json
[05Dec2025 00:58:51.815] [main/DEBUG] [mixin/]: Adding mixin platform agents for container SecureJarResource(lostcities)
[05Dec2025 00:58:51.816] [main/DEBUG] [mixin/]: Instancing new MixinPlatformAgentMinecraftForge for SecureJarResource(lostcities)
[05Dec2025 00:58:51.816] [main/DEBUG] [mixin/]: MixinPlatformAgentMinecraftForge rejected container SecureJarResource(lostcities)
[05Dec2025 00:58:51.816] [main/DEBUG] [mixin/]: Instancing new MixinPlatformAgentDefault for SecureJarResource(lostcities)
[05Dec2025 00:58:51.816] [main/DEBUG] [mixin/]: MixinPlatformAgentDefault accepted container SecureJarResource(lostcities)
[05Dec2025 00:58:51.816] [main/DEBUG] [mixin/]: Processing prepare() for PlatformAgent[MixinPlatformAgentDefault:SecureJarResource(lostcities)]
[05Dec2025 00:58:51.817] [main/DEBUG] [mixin/]: Adding mixin platform agents for container SecureJarResource(jujutsucraft)
[05Dec2025 00:58:51.817] [main/DEBUG] [mixin/]: Instancing new MixinPlatformAgentMinecraftForge for SecureJarResource(jujutsucraft)
[05Dec2025 00:58:51.817] [main/DEBUG] [mixin/]: MixinPlatformAgentMinecraftForge rejected container SecureJarResource(jujutsucraft)
[05Dec2025 00:58:51.817] [main/DEBUG] [mixin/]: Instancing new MixinPlatformAgentDefault for SecureJarResource(jujutsucraft)
[05Dec2025 00:58:51.817] [main/DEBUG] [mixin/]: MixinPlatformAgentDefault accepted container SecureJarResource(jujutsucraft)
[05Dec2025 00:58:51.817] [main/DEBUG] [mixin/]: Processing prepare() for PlatformAgent[MixinPlatformAgentDefault:SecureJarResource(jujutsucraft)]
[05Dec2025 00:58:51.817] [main/DEBUG] [mixin/]: Adding mixin platform agents for container SecureJarResource(fastfurnace)
[05Dec2025 00:58:51.817] [main/DEBUG] [mixin/]: Instancing new MixinPlatformAgentMinecraftForge for SecureJarResource(fastfurnace)
[05Dec2025 00:58:51.817] [main/DEBUG] [mixin/]: MixinPlatformAgentMinecraftForge rejected container SecureJarResource(fastfurnace)
[05Dec2025 00:58:51.817] [main/DEBUG] [mixin/]: Instancing new MixinPlatformAgentDefault for SecureJarResource(fastfurnace)
[05Dec2025 00:58:51.817] [main/DEBUG] [mixin/]: MixinPlatformAgentDefault accepted container SecureJarResource(fastfurnace)
[05Dec2025 00:58:51.817] [main/DEBUG] [mixin/]: Processing prepare() for PlatformAgent[MixinPlatformAgentDefault:SecureJarResource(fastfurnace)]
[05Dec2025 00:58:51.817] [main/DEBUG] [mixin/]: Registering mixin config: fastfurnace.mixins.json
[05Dec2025 00:58:51.819] [main/DEBUG] [mixin/]: Adding mixin platform agents for container SecureJarResource(architectury)
[05Dec2025 00:58:51.819] [main/DEBUG] [mixin/]: Instancing new MixinPlatformAgentMinecraftForge for SecureJarResource(architectury)
[05Dec2025 00:58:51.819] [main/DEBUG] [mixin/]: MixinPlatformAgentMinecraftForge rejected container SecureJarResource(architectury)
[05Dec2025 00:58:51.819] [main/DEBUG] [mixin/]: Instancing new MixinPlatformAgentDefault for SecureJarResource(architectury)
[05Dec2025 00:58:51.819] [main/DEBUG] [mixin/]: MixinPlatformAgentDefault accepted container SecureJarResource(architectury)
[05Dec2025 00:58:51.819] [main/DEBUG] [mixin/]: Processing prepare() for PlatformAgent[MixinPlatformAgentDefault:SecureJarResource(architectury)]
[05Dec2025 00:58:51.819] [main/DEBUG] [mixin/]: Registering mixin config: architectury.mixins.json
[05Dec2025 00:58:51.820] [main/DEBUG] [mixin/]: Compatibility level JAVA_16 specified by architectury.mixins.json is higher than the maximum level supported by this version of mixin (JAVA_13).
[05Dec2025 00:58:51.821] [main/DEBUG] [mixin/]: Registering mixin config: architectury-common.mixins.json
[05Dec2025 00:58:51.823] [main/DEBUG] [mixin/]: Compatibility level JAVA_16 specified by architectury-common.mixins.json is higher than the maximum level supported by this version of mixin (JAVA_13).
[05Dec2025 00:58:51.824] [main/DEBUG] [mixin/]: Adding mixin platform agents for container SecureJarResource(lootr)
[05Dec2025 00:58:51.824] [main/DEBUG] [mixin/]: Instancing new MixinPlatformAgentMinecraftForge for SecureJarResource(lootr)
[05Dec2025 00:58:51.824] [main/DEBUG] [mixin/]: MixinPlatformAgentMinecraftForge rejected container SecureJarResource(lootr)
[05Dec2025 00:58:51.824] [main/DEBUG] [mixin/]: Instancing new MixinPlatformAgentDefault for SecureJarResource(lootr)
[05Dec2025 00:58:51.824] [main/DEBUG] [mixin/]: MixinPlatformAgentDefault accepted container SecureJarResource(lootr)
[05Dec2025 00:58:51.824] [main/DEBUG] [mixin/]: Processing prepare() for PlatformAgent[MixinPlatformAgentDefault:SecureJarResource(lootr)]
[05Dec2025 00:58:51.824] [main/DEBUG] [mixin/]: Registering mixin config: lootr.mixins.json
[05Dec2025 00:58:51.825] [main/DEBUG] [mixin/]: Adding mixin platform agents for container SecureJarResource(ferritecore)
[05Dec2025 00:58:51.825] [main/DEBUG] [mixin/]: Instancing new MixinPlatformAgentMinecraftForge for SecureJarResource(ferritecore)
[05Dec2025 00:58:51.826] [main/DEBUG] [mixin/]: MixinPlatformAgentMinecraftForge rejected container SecureJarResource(ferritecore)
[05Dec2025 00:58:51.826] [main/DEBUG] [mixin/]: Instancing new MixinPlatformAgentDefault for SecureJarResource(ferritecore)
[05Dec2025 00:58:51.826] [main/DEBUG] [mixin/]: MixinPlatformAgentDefault accepted container SecureJarResource(ferritecore)
[05Dec2025 00:58:51.826] [main/DEBUG] [mixin/]: Processing prepare() for PlatformAgent[MixinPlatformAgentDefault:SecureJarResource(ferritecore)]
[05Dec2025 00:58:51.826] [main/DEBUG] [mixin/]: Registering mixin config: ferritecore.predicates.mixin.json
[05Dec2025 00:58:51.831] [main/DEBUG] [mixin/]: Registering mixin config: ferritecore.fastmap.mixin.json
[05Dec2025 00:58:51.832] [main/DEBUG] [mixin/]: Registering mixin config: ferritecore.mrl.mixin.json
[05Dec2025 00:58:51.834] [main/DEBUG] [mixin/]: Registering mixin config: ferritecore.dedupmultipart.mixin.json
[05Dec2025 00:58:51.836] [main/DEBUG] [mixin/]: Registering mixin config: ferritecore.blockstatecache.mixin.json
[05Dec2025 00:58:51.839] [main/DEBUG] [mixin/]: Registering mixin config: ferritecore.dedupbakedquad.mixin.json
[05Dec2025 00:58:51.841] [main/DEBUG] [mixin/]: Registering mixin config: ferritecore.threaddetec.mixin.json
[05Dec2025 00:58:51.842] [main/DEBUG] [mixin/]: Registering mixin config: ferritecore.modelsides.mixin.json
[05Dec2025 00:58:51.844] [main/DEBUG] [mixin/]: Adding mixin platform agents for container SecureJarResource(aiimprovements)
[05Dec2025 00:58:51.844] [main/DEBUG] [mixin/]: Instancing new MixinPlatformAgentMinecraftForge for SecureJarResource(aiimprovements)
[05Dec2025 00:58:51.844] [main/DEBUG] [mixin/]: MixinPlatformAgentMinecraftForge rejected container SecureJarResource(aiimprovements)
[05Dec2025 00:58:51.844] [main/DEBUG] [mixin/]: Instancing new MixinPlatformAgentDefault for SecureJarResource(aiimprovements)
[05Dec2025 00:58:51.844] [main/DEBUG] [mixin/]: MixinPlatformAgentDefault accepted container SecureJarResource(aiimprovements)
[05Dec2025 00:58:51.844] [main/DEBUG] [mixin/]: Processing prepare() for PlatformAgent[MixinPlatformAgentDefault:SecureJarResource(aiimprovements)]
[05Dec2025 00:58:51.845] [main/DEBUG] [mixin/]: Adding mixin platform agents for container SecureJarResource(framework)
[05Dec2025 00:58:51.845] [main/DEBUG] [mixin/]: Instancing new MixinPlatformAgentMinecraftForge for SecureJarResource(framework)
[05Dec2025 00:58:51.845] [main/DEBUG] [mixin/]: MixinPlatformAgentMinecraftForge rejected container SecureJarResource(framework)
[05Dec2025 00:58:51.845] [main/DEBUG] [mixin/]: Instancing new MixinPlatformAgentDefault for SecureJarResource(framework)
[05Dec2025 00:58:51.845] [main/DEBUG] [mixin/]: MixinPlatformAgentDefault accepted container SecureJarResource(framework)
[05Dec2025 00:58:51.845] [main/DEBUG] [mixin/]: Processing prepare() for PlatformAgent[MixinPlatformAgentDefault:SecureJarResource(framework)]
[05Dec2025 00:58:51.845] [main/DEBUG] [mixin/]: Adding mixin platform agents for container SecureJarResource(fastleafdecay)
[05Dec2025 00:58:51.845] [main/DEBUG] [mixin/]: Instancing new MixinPlatformAgentMinecraftForge for SecureJarResource(fastleafdecay)
[05Dec2025 00:58:51.845] [main/DEBUG] [mixin/]: MixinPlatformAgentMinecraftForge rejected container SecureJarResource(fastleafdecay)
[05Dec2025 00:58:51.845] [main/DEBUG] [mixin/]: Instancing new MixinPlatformAgentDefault for SecureJarResource(fastleafdecay)
[05Dec2025 00:58:51.845] [main/DEBUG] [mixin/]: MixinPlatformAgentDefault accepted container SecureJarResource(fastleafdecay)
[05Dec2025 00:58:51.845] [main/DEBUG] [mixin/]: Processing prepare() for PlatformAgent[MixinPlatformAgentDefault:SecureJarResource(fastleafdecay)]
[05Dec2025 00:58:51.845] [main/DEBUG] [mixin/]: Adding mixin platform agents for container SecureJarResource(cosmeticarmorreworked)
[05Dec2025 00:58:51.845] [main/DEBUG] [mixin/]: Instancing new MixinPlatformAgentMinecraftForge for SecureJarResource(cosmeticarmorreworked)
[05Dec2025 00:58:51.845] [main/DEBUG] [mixin/]: MixinPlatformAgentMinecraftForge rejected container SecureJarResource(cosmeticarmorreworked)
[05Dec2025 00:58:51.845] [main/DEBUG] [mixin/]: Instancing new MixinPlatformAgentDefault for SecureJarResource(cosmeticarmorreworked)
[05Dec2025 00:58:51.845] [main/DEBUG] [mixin/]: MixinPlatformAgentDefault accepted container SecureJarResource(cosmeticarmorreworked)
[05Dec2025 00:58:51.846] [main/DEBUG] [mixin/]: Processing prepare() for PlatformAgent[MixinPlatformAgentDefault:SecureJarResource(cosmeticarmorreworked)]
[05Dec2025 00:58:51.846] [main/DEBUG] [mixin/]: Adding mixin platform agents for container SecureJarResource(chiselsandbits)
[05Dec2025 00:58:51.846] [main/DEBUG] [mixin/]: Instancing new MixinPlatformAgentMinecraftForge for SecureJarResource(chiselsandbits)
[05Dec2025 00:58:51.846] [main/DEBUG] [mixin/]: MixinPlatformAgentMinecraftForge rejected container SecureJarResource(chiselsandbits)
[05Dec2025 00:58:51.846] [main/DEBUG] [mixin/]: Instancing new MixinPlatformAgentDefault for SecureJarResource(chiselsandbits)
[05Dec2025 00:58:51.846] [main/DEBUG] [mixin/]: MixinPlatformAgentDefault accepted container SecureJarResource(chiselsandbits)
[05Dec2025 00:58:51.846] [main/DEBUG] [mixin/]: Processing prepare() for PlatformAgent[MixinPlatformAgentDefault:SecureJarResource(chiselsandbits)]
[05Dec2025 00:58:51.846] [main/DEBUG] [mixin/]: Registering mixin config: chisels-and-bits.mixins.json
[05Dec2025 00:58:51.847] [main/DEBUG] [mixin/]: Adding mixin platform agents for container SecureJarResource(xpbook)
[05Dec2025 00:58:51.848] [main/DEBUG] [mixin/]: Instancing new MixinPlatformAgentMinecraftForge for SecureJarResource(xpbook)
[05Dec2025 00:58:51.848] [main/DEBUG] [mixin/]: MixinPlatformAgentMinecraftForge rejected container SecureJarResource(xpbook)
[05Dec2025 00:58:51.848] [main/DEBUG] [mixin/]: Instancing new MixinPlatformAgentDefault for SecureJarResource(xpbook)
[05Dec2025 00:58:51.848] [main/DEBUG] [mixin/]: MixinPlatformAgentDefault accepted container SecureJarResource(xpbook)
[05Dec2025 00:58:51.848] [main/DEBUG] [mixin/]: Processing prepare() for PlatformAgent[MixinPlatformAgentDefault:SecureJarResource(xpbook)]
[05Dec2025 00:58:51.848] [main/DEBUG] [mixin/]: Adding mixin platform agents for container SecureJarResource(saecularia_caudices)
[05Dec2025 00:58:51.848] [main/DEBUG] [mixin/]: Instancing new MixinPlatformAgentMinecraftForge for SecureJarResource(saecularia_caudices)
[05Dec2025 00:58:51.848] [main/DEBUG] [mixin/]: MixinPlatformAgentMinecraftForge rejected container SecureJarResource(saecularia_caudices)
[05Dec2025 00:58:51.848] [main/DEBUG] [mixin/]: Instancing new MixinPlatformAgentDefault for SecureJarResource(saecularia_caudices)
[05Dec2025 00:58:51.848] [main/DEBUG] [mixin/]: MixinPlatformAgentDefault accepted container SecureJarResource(saecularia_caudices)
[05Dec2025 00:58:51.848] [main/DEBUG] [mixin/]: Processing prepare() for PlatformAgent[MixinPlatformAgentDefault:SecureJarResource(saecularia_caudices)]
[05Dec2025 00:58:51.848] [main/DEBUG] [mixin/]: Adding mixin platform agents for container SecureJarResource(mclib)
[05Dec2025 00:58:51.848] [main/DEBUG] [mixin/]: Instancing new MixinPlatformAgentMinecraftForge for SecureJarResource(mclib)
[05Dec2025 00:58:51.848] [main/DEBUG] [mixin/]: MixinPlatformAgentMinecraftForge rejected container SecureJarResource(mclib)
[05Dec2025 00:58:51.848] [main/DEBUG] [mixin/]: Instancing new MixinPlatformAgentDefault for SecureJarResource(mclib)
[05Dec2025 00:58:51.848] [main/DEBUG] [mixin/]: MixinPlatformAgentDefault accepted container SecureJarResource(mclib)
[05Dec2025 00:58:51.848] [main/DEBUG] [mixin/]: Processing prepare() for PlatformAgent[MixinPlatformAgentDefault:SecureJarResource(mclib)]
[05Dec2025 00:58:51.848] [main/DEBUG] [mixin/]: Adding mixin platform agents for container SecureJarResource(org.lz4.pure.java)
[05Dec2025 00:58:51.848] [main/DEBUG] [mixin/]: Instancing new MixinPlatformAgentMinecraftForge for SecureJarResource(org.lz4.pure.java)
[05Dec2025 00:58:51.848] [main/DEBUG] [mixin/]: MixinPlatformAgentMinecraftForge rejected container SecureJarResource(org.lz4.pure.java)
[05Dec2025 00:58:51.849] [main/DEBUG] [mixin/]: Instancing new MixinPlatformAgentDefault for SecureJarResource(org.lz4.pure.java)
[05Dec2025 00:58:51.849] [main/DEBUG] [mixin/]: MixinPlatformAgentDefault accepted container SecureJarResource(org.lz4.pure.java)
[05Dec2025 00:58:51.849] [main/DEBUG] [mixin/]: Processing prepare() for PlatformAgent[MixinPlatformAgentDefault:SecureJarResource(org.lz4.pure.java)]
[05Dec2025 00:58:51.849] [main/DEBUG] [mixin/]: Adding mixin platform agents for container SecureJarResource(MixinExtras)
[05Dec2025 00:58:51.849] [main/DEBUG] [mixin/]: Instancing new MixinPlatformAgentMinecraftForge for SecureJarResource(MixinExtras)
[05Dec2025 00:58:51.849] [main/DEBUG] [mixin/]: MixinPlatformAgentMinecraftForge rejected container SecureJarResource(MixinExtras)
[05Dec2025 00:58:51.849] [main/DEBUG] [mixin/]: Instancing new MixinPlatformAgentDefault for SecureJarResource(MixinExtras)
[05Dec2025 00:58:51.849] [main/DEBUG] [mixin/]: MixinPlatformAgentDefault accepted container SecureJarResource(MixinExtras)
[05Dec2025 00:58:51.849] [main/DEBUG] [mixin/]: Processing prepare() for PlatformAgent[MixinPlatformAgentDefault:SecureJarResource(MixinExtras)]
[05Dec2025 00:58:51.849] [main/DEBUG] [mixin/]: inject() running with 80 agents
[05Dec2025 00:58:51.849] [main/DEBUG] [mixin/]: Processing inject() for PlatformAgent[MixinPlatformAgentDefault:ModLauncher Root Container(ModLauncher:4f56a0a2)]
[05Dec2025 00:58:51.849] [main/DEBUG] [mixin/]: Processing inject() for PlatformAgent[MixinPlatformAgentDefault:SecureJarResource(tetra)]
[05Dec2025 00:58:51.849] [main/DEBUG] [mixin/]: Processing inject() for PlatformAgent[MixinPlatformAgentDefault:SecureJarResource(inventorysorter)]
[05Dec2025 00:58:51.849] [main/DEBUG] [mixin/]: Processing inject() for PlatformAgent[MixinPlatformAgentDefault:SecureJarResource(kuma_api)]
[05Dec2025 00:58:51.849] [main/DEBUG] [mixin/]: Processing inject() for PlatformAgent[MixinPlatformAgentDefault:SecureJarResource(fastload)]
[05Dec2025 00:58:51.849] [main/DEBUG] [mixin/]: Processing inject() for PlatformAgent[MixinPlatformAgentDefault:SecureJarResource(trashslot)]
[05Dec2025 00:58:51.849] [main/DEBUG] [mixin/]: Processing inject() for PlatformAgent[MixinPlatformAgentDefault:SecureJarResource(netherportalfix)]
[05Dec2025 00:58:51.849] [main/DEBUG] [mixin/]: Processing inject() for PlatformAgent[MixinPlatformAgentDefault:SecureJarResource(geckolib)]
[05Dec2025 00:58:51.849] [main/DEBUG] [mixin/]: Processing inject() for PlatformAgent[MixinPlatformAgentDefault:SecureJarResource(scena)]
[05Dec2025 00:58:51.849] [main/DEBUG] [mixin/]: Processing inject() for PlatformAgent[MixinPlatformAgentDefault:SecureJarResource(shrines)]
[05Dec2025 00:58:51.849] [main/DEBUG] [mixin/]: Processing inject() for PlatformAgent[MixinPlatformAgentDefault:SecureJarResource(playeranimator)]
[05Dec2025 00:58:51.849] [main/DEBUG] [mixin/]: Processing inject() for PlatformAgent[MixinPlatformAgentDefault:SecureJarResource(jei)]
[05Dec2025 00:58:51.849] [main/DEBUG] [mixin/]: Processing inject() for PlatformAgent[MixinPlatformAgentDefault:SecureJarResource(attributefix)]
[05Dec2025 00:58:51.849] [main/DEBUG] [mixin/]: Processing inject() for PlatformAgent[MixinPlatformAgentDefault:SecureJarResource(incontrol)]
[05Dec2025 00:58:51.849] [main/DEBUG] [mixin/]: Processing inject() for PlatformAgent[MixinPlatformAgentDefault:SecureJarResource(libraryferret)]
[05Dec2025 00:58:51.849] [main/DEBUG] [mixin/]: Processing inject() for PlatformAgent[MixinPlatformAgentDefault:SecureJarResource(reap)]
[05Dec2025 00:58:51.849] [main/DEBUG] [mixin/]: Processing inject() for PlatformAgent[MixinPlatformAgentDefault:SecureJarResource(waystones)]
[05Dec2025 00:58:51.849] [main/DEBUG] [mixin/]: Processing inject() for PlatformAgent[MixinPlatformAgentDefault:SecureJarResource(clumps)]
[05Dec2025 00:58:51.849] [main/DEBUG] [mixin/]: Processing inject() for PlatformAgent[MixinPlatformAgentDefault:SecureJarResource(xaeroworldmap)]
[05Dec2025 00:58:51.849] [main/DEBUG] [mixin/]: Processing inject() for PlatformAgent[MixinPlatformAgentDefault:SecureJarResource(prism)]
[05Dec2025 00:58:51.849] [main/DEBUG] [mixin/]: Processing inject() for PlatformAgent[MixinPlatformAgentDefault:SecureJarResource(placebo)]
[05Dec2025 00:58:51.849] [main/DEBUG] [mixin/]: Processing inject() for PlatformAgent[MixinPlatformAgentDefault:SecureJarResource(modernfix)]
[05Dec2025 00:58:51.849] [main/DEBUG] [mixin/]: Processing inject() for PlatformAgent[MixinPlatformAgentDefault:SecureJarResource(travelersbackpack)]
[05Dec2025 00:58:51.849] [main/DEBUG] [mixin/]: Processing inject() for PlatformAgent[MixinPlatformAgentDefault:SecureJarResource(naturescompass)]
[05Dec2025 00:58:51.849] [main/DEBUG] [mixin/]: Processing inject() for PlatformAgent[MixinPlatformAgentDefault:SecureJarResource(configured)]
[05Dec2025 00:58:51.849] [main/DEBUG] [mixin/]: Processing inject() for PlatformAgent[MixinPlatformAgentDefault:SecureJarResource(gateways)]
[05Dec2025 00:58:51.849] [main/DEBUG] [mixin/]: Processing inject() for PlatformAgent[MixinPlatformAgentDefault:SecureJarResource(maxhealthfix)]
[05Dec2025 00:58:51.849] [main/DEBUG] [mixin/]: Processing inject() for PlatformAgent[MixinPlatformAgentDefault:SecureJarResource(mixinextras)]
[05Dec2025 00:58:51.849] [main/DEBUG] [mixin/]: Processing inject() for PlatformAgent[MixinPlatformAgentDefault:SecureJarResource(bookshelf)]
[05Dec2025 00:58:51.849] [main/DEBUG] [mixin/]: Processing inject() for PlatformAgent[MixinPlatformAgentDefault:SecureJarResource(balm)]
[05Dec2025 00:58:51.849] [main/DEBUG] [mixin/]: Processing inject() for PlatformAgent[MixinPlatformAgentDefault:SecureJarResource(carryon)]
[05Dec2025 00:58:51.849] [main/DEBUG] [mixin/]: Processing inject() for PlatformAgent[MixinPlatformAgentDefault:SecureJarResource(sodiumoptionsapi)]
[05Dec2025 00:58:51.849] [main/DEBUG] [mixin/]: Processing inject() for PlatformAgent[MixinPlatformAgentDefault:SecureJarResource(jeresources)]
[05Dec2025 00:58:51.849] [main/DEBUG] [mixin/]: Processing inject() for PlatformAgent[MixinPlatformAgentDefault:SecureJarResource(cloth_config)]
[05Dec2025 00:58:51.849] [main/DEBUG] [mixin/]: Processing inject() for PlatformAgent[MixinPlatformAgentDefault:SecureJarResource(forge)]
[05Dec2025 00:58:51.850] [main/DEBUG] [mixin/]: Processing inject() for PlatformAgent[MixinPlatformAgentDefault:SecureJarResource(dummmmmmy)]
[05Dec2025 00:58:51.850] [main/DEBUG] [mixin/]: Processing inject() for PlatformAgent[MixinPlatformAgentDefault:SecureJarResource(sodiumdynamiclights)]
[05Dec2025 00:58:51.850] [main/DEBUG] [mixin/]: Processing inject() for PlatformAgent[MixinPlatformAgentDefault:SecureJarResource(ironchest)]
[05Dec2025 00:58:51.850] [main/DEBUG] [mixin/]: Processing inject() for PlatformAgent[MixinPlatformAgentDefault:SecureJarResource(advancementplaques)]
[05Dec2025 00:58:51.850] [main/DEBUG] [mixin/]: Processing inject() for PlatformAgent[MixinPlatformAgentDefault:SecureJarResource(craftingtweaks)]
[05Dec2025 00:58:51.850] [main/DEBUG] [mixin/]: Processing inject() for PlatformAgent[MixinPlatformAgentDefault:SecureJarResource(minecraft)]
[05Dec2025 00:58:51.850] [main/DEBUG] [mixin/]: Processing inject() for PlatformAgent[MixinPlatformAgentDefault:SecureJarResource(w2w2)]
[05Dec2025 00:58:51.850] [main/DEBUG] [mixin/]: Processing inject() for PlatformAgent[MixinPlatformAgentDefault:SecureJarResource(moonlight)]
[05Dec2025 00:58:51.850] [main/DEBUG] [mixin/]: Processing inject() for PlatformAgent[MixinPlatformAgentDefault:SecureJarResource(fabric_api_base)]
[05Dec2025 00:58:51.850] [main/DEBUG] [mixin/]: Processing inject() for PlatformAgent[MixinPlatformAgentDefault:SecureJarResource(jade)]
[05Dec2025 00:58:51.850] [main/DEBUG] [mixin/]: Processing inject() for PlatformAgent[MixinPlatformAgentDefault:SecureJarResource(ironfurnaces)]
[05Dec2025 00:58:51.850] [main/DEBUG] [mixin/]: Processing inject() for PlatformAgent[MixinPlatformAgentDefault:SecureJarResource(creativecore)]
[05Dec2025 00:58:51.850] [main/DEBUG] [mixin/]: Processing inject() for PlatformAgent[MixinPlatformAgentDefault:SecureJarResource(cleanswing)]
[05Dec2025 00:58:51.850] [main/DEBUG] [mixin/]: Processing inject() for PlatformAgent[MixinPlatformAgentDefault:SecureJarResource(spectrelib)]
[05Dec2025 00:58:51.850] [main/DEBUG] [mixin/]: Processing inject() for PlatformAgent[MixinPlatformAgentDefault:SecureJarResource(smoothboot)]
[05Dec2025 00:58:51.850] [main/DEBUG] [mixin/]: Processing inject() for PlatformAgent[MixinPlatformAgentDefault:SecureJarResource(highlighter)]
[05Dec2025 00:58:51.850] [main/DEBUG] [mixin/]: Processing inject() for PlatformAgent[MixinPlatformAgentDefault:SecureJarResource(jeiintegration)]
[05Dec2025 00:58:51.850] [main/DEBUG] [mixin/]: Processing inject() for PlatformAgent[MixinPlatformAgentDefault:SecureJarResource(iceberg)]
[05Dec2025 00:58:51.850] [main/DEBUG] [mixin/]: Processing inject() for PlatformAgent[MixinPlatformAgentDefault:SecureJarResource(curios)]
[05Dec2025 00:58:51.850] [main/DEBUG] [mixin/]: Processing inject() for PlatformAgent[MixinPlatformAgentDefault:SecureJarResource(mutil)]
[05Dec2025 00:58:51.850] [main/DEBUG] [mixin/]: Processing inject() for PlatformAgent[MixinPlatformAgentDefault:SecureJarResource(xaerominimap)]
[05Dec2025 00:58:51.850] [main/DEBUG] [mixin/]: Processing inject() for PlatformAgent[MixinPlatformAgentDefault:SecureJarResource(gravestone)]
[05Dec2025 00:58:51.850] [main/DEBUG] [mixin/]: Processing inject() for PlatformAgent[MixinPlatformAgentDefault:SecureJarResource(fastbench)]
[05Dec2025 00:58:51.850] [main/DEBUG] [mixin/]: Processing inject() for PlatformAgent[MixinPlatformAgentDefault:SecureJarResource(searchables)]
[05Dec2025 00:58:51.850] [main/DEBUG] [mixin/]: Processing inject() for PlatformAgent[MixinPlatformAgentDefault:SecureJarResource(polymorph)]
[05Dec2025 00:58:51.850] [main/DEBUG] [mixin/]: Processing inject() for PlatformAgent[MixinPlatformAgentDefault:SecureJarResource(sit)]
[05Dec2025 00:58:51.850] [main/DEBUG] [mixin/]: Processing inject() for PlatformAgent[MixinPlatformAgentDefault:SecureJarResource(parcool)]
[05Dec2025 00:58:51.850] [main/DEBUG] [mixin/]: Processing inject() for PlatformAgent[MixinPlatformAgentDefault:SecureJarResource(attributeslib)]
[05Dec2025 00:58:51.850] [main/DEBUG] [mixin/]: Processing inject() for PlatformAgent[MixinPlatformAgentDefault:SecureJarResource(bettervillage)]
[05Dec2025 00:58:51.850] [main/DEBUG] [mixin/]: Processing inject() for PlatformAgent[MixinPlatformAgentDefault:SecureJarResource(lostcities)]
[05Dec2025 00:58:51.850] [main/DEBUG] [mixin/]: Processing inject() for PlatformAgent[MixinPlatformAgentDefault:SecureJarResource(jujutsucraft)]
[05Dec2025 00:58:51.850] [main/DEBUG] [mixin/]: Processing inject() for PlatformAgent[MixinPlatformAgentDefault:SecureJarResource(fastfurnace)]
[05Dec2025 00:58:51.850] [main/DEBUG] [mixin/]: Processing inject() for PlatformAgent[MixinPlatformAgentDefault:SecureJarResource(architectury)]
[05Dec2025 00:58:51.850] [main/DEBUG] [mixin/]: Processing inject() for PlatformAgent[MixinPlatformAgentDefault:SecureJarResource(lootr)]
[05Dec2025 00:58:51.850] [main/DEBUG] [mixin/]: Processing inject() for PlatformAgent[MixinPlatformAgentDefault:SecureJarResource(ferritecore)]
[05Dec2025 00:58:51.850] [main/DEBUG] [mixin/]: Processing inject() for PlatformAgent[MixinPlatformAgentDefault:SecureJarResource(aiimprovements)]
[05Dec2025 00:58:51.850] [main/DEBUG] [mixin/]: Processing inject() for PlatformAgent[MixinPlatformAgentDefault:SecureJarResource(framework)]
[05Dec2025 00:58:51.850] [main/DEBUG] [mixin/]: Processing inject() for PlatformAgent[MixinPlatformAgentDefault:SecureJarResource(fastleafdecay)]
[05Dec2025 00:58:51.850] [main/DEBUG] [mixin/]: Processing inject() for PlatformAgent[MixinPlatformAgentDefault:SecureJarResource(cosmeticarmorreworked)]
[05Dec2025 00:58:51.850] [main/DEBUG] [mixin/]: Processing inject() for PlatformAgent[MixinPlatformAgentDefault:SecureJarResource(chiselsandbits)]
[05Dec2025 00:58:51.851] [main/DEBUG] [mixin/]: Processing inject() for PlatformAgent[MixinPlatformAgentDefault:SecureJarResource(xpbook)]
[05Dec2025 00:58:51.851] [main/DEBUG] [mixin/]: Processing inject() for PlatformAgent[MixinPlatformAgentDefault:SecureJarResource(saecularia_caudices)]
[05Dec2025 00:58:51.851] [main/DEBUG] [mixin/]: Processing inject() for PlatformAgent[MixinPlatformAgentDefault:SecureJarResource(mclib)]
[05Dec2025 00:58:51.851] [main/DEBUG] [mixin/]: Processing inject() for PlatformAgent[MixinPlatformAgentDefault:SecureJarResource(org.lz4.pure.java)]
[05Dec2025 00:58:51.851] [main/DEBUG] [mixin/]: Processing inject() for PlatformAgent[MixinPlatformAgentDefault:SecureJarResource(MixinExtras)]
[05Dec2025 00:58:51.851] [main/INFO] [cpw.mods.modlauncher.LaunchServiceHandler/MODLAUNCHER]: Launching target 'forgeserver' with arguments [nogui]
[05Dec2025 00:58:51.879] [main/DEBUG] [mixin/]: Error cleaning class output directory: .mixin.out
[05Dec2025 00:58:51.880] [main/DEBUG] [mixin/]: Preparing mixins for MixinEnvironment[DEFAULT]
[05Dec2025 00:58:51.880] [main/DEBUG] [mixin/]: Selecting config tetra.mixins.json
[05Dec2025 00:58:51.885] [main/DEBUG] [mixin/]: Selecting config kuma_api.mixins.json
[05Dec2025 00:58:51.886] [main/DEBUG] [mixin/]: Selecting config kuma_api.forge.mixins.json
[05Dec2025 00:58:51.888] [main/DEBUG] [mixin/]: Selecting config fastload.mixins.json
[05Dec2025 00:58:51.889] [main/DEBUG] [mixin/]: Selecting config trashslot.mixins.json
[05Dec2025 00:58:51.892] [main/WARN] [mixin/]: Reference map 'trashslot.refmap.json' for trashslot.mixins.json could not be read. If this is a development environment you can ignore this message
[05Dec2025 00:58:51.892] [main/DEBUG] [mixin/]: Selecting config netherportalfix.mixins.json
[05Dec2025 00:58:51.895] [main/DEBUG] [mixin/]: Selecting config geckolib.mixins.json
[05Dec2025 00:58:51.896] [main/DEBUG] [mixin/]: Selecting config scena.mixins.json
[05Dec2025 00:58:51.898] [main/DEBUG] [mixin/]: Selecting config playerAnimator-common.mixins.json
[05Dec2025 00:58:51.911] [main/DEBUG] [mixin/]: Selecting config attributefix.mixins.json
[05Dec2025 00:58:51.913] [main/DEBUG] [mixin/]: Selecting config waystones.mixins.json
[05Dec2025 00:58:51.914] [main/DEBUG] [mixin/]: Selecting config clumps.mixins.json
[05Dec2025 00:58:51.916] [main/DEBUG] [mixin/]: Selecting config xaeroworldmap.mixins.json
[05Dec2025 00:58:51.919] [main/DEBUG] [mixin/]: Selecting config xaeroworldmap.forge.mixins.json
[05Dec2025 00:58:51.920] [main/DEBUG] [mixin/]: Selecting config prism.mixins.json
[05Dec2025 00:58:51.922] [main/DEBUG] [mixin/]: Selecting config placebo.mixins.json
[05Dec2025 00:58:51.923] [main/DEBUG] [mixin/]: Selecting config modernfix-common.mixins.json
[05Dec2025 00:58:52.019] [main/INFO] [ModernFix/]: Loaded configuration file for ModernFix 5.25.1+mc1.20.1: 98 options available, 1 override(s) found
[05Dec2025 00:58:52.019] [main/WARN] [ModernFix/]: Option 'mixin.perf.thread_priorities' overriden (by mods [smoothboot]) to 'false'
[05Dec2025 00:58:52.020] [main/INFO] [ModernFix/]: Applying Nashorn fix
[05Dec2025 00:58:52.052] [main/INFO] [ModernFix/]: Applied Forge config corruption patch
[05Dec2025 00:58:52.060] [main/DEBUG] [mixin/]: Selecting config modernfix-forge.mixins.json
[05Dec2025 00:58:52.062] [main/DEBUG] [mixin/]: Selecting config mixins.travelersbackpack.json
[05Dec2025 00:58:52.064] [main/DEBUG] [mixin/]: Selecting config configured.common.mixins.json
[05Dec2025 00:58:52.065] [main/DEBUG] [mixin/]: Selecting config gateways.mixins.json
[05Dec2025 00:58:52.066] [main/DEBUG] [mixin/]: Selecting config maxhealthfix.common.mixins.json
[05Dec2025 00:58:52.068] [main/DEBUG] [mixin/]: Selecting config maxhealthfix.forge.mixins.json
[05Dec2025 00:58:52.071] [main/DEBUG] [mixin/]: Selecting config mixinextras.init.mixins.json
[05Dec2025 00:58:52.091] [main/DEBUG] [MixinExtras|Service/]: com.llamalad7.mixinextras.service.MixinExtrasServiceImpl(version=0.4.1) is taking over from null
[05Dec2025 00:58:52.115] [main/DEBUG] [mixin/]: Registering new injector for @Inject with org.spongepowered.asm.mixin.injection.struct.CallbackInjectionInfo
[05Dec2025 00:58:52.116] [main/DEBUG] [mixin/]: Registering new injector for @ModifyArg with org.spongepowered.asm.mixin.injection.struct.ModifyArgInjectionInfo
[05Dec2025 00:58:52.117] [main/DEBUG] [mixin/]: Registering new injector for @ModifyArgs with org.spongepowered.asm.mixin.injection.struct.ModifyArgsInjectionInfo
[05Dec2025 00:58:52.118] [main/DEBUG] [mixin/]: Registering new injector for @Redirect with org.spongepowered.asm.mixin.injection.struct.RedirectInjectionInfo
[05Dec2025 00:58:52.119] [main/DEBUG] [mixin/]: Registering new injector for @ModifyVariable with org.spongepowered.asm.mixin.injection.struct.ModifyVariableInjectionInfo
[05Dec2025 00:58:52.120] [main/DEBUG] [mixin/]: Registering new injector for @ModifyConstant with org.spongepowered.asm.mixin.injection.struct.ModifyConstantInjectionInfo
[05Dec2025 00:58:52.129] [main/DEBUG] [mixin/]: Selecting config bookshelf.common.mixins.json
[05Dec2025 00:58:52.131] [main/DEBUG] [mixin/]: Selecting config bookshelf.forge.mixins.json
[05Dec2025 00:58:52.132] [main/DEBUG] [mixin/]: Selecting config balm.mixins.json
[05Dec2025 00:58:52.133] [main/DEBUG] [mixin/]: Selecting config carryon.mixins.json
[05Dec2025 00:58:52.135] [main/DEBUG] [mixin/]: Selecting config carryon.forge.mixins.json
[05Dec2025 00:58:52.136] [main/DEBUG] [mixin/]: Selecting config mixins.sodiumoptionsapi.json
[05Dec2025 00:58:52.138] [main/DEBUG] [mixin/]: Selecting config dummmmmmy-common.mixins.json
[05Dec2025 00:58:52.139] [main/DEBUG] [mixin/]: Selecting config dummmmmmy.mixins.json
[05Dec2025 00:58:52.140] [main/DEBUG] [mixin/]: Selecting config mixins.sodiumdynamiclights.json
[05Dec2025 00:58:52.142] [main/DEBUG] [mixin/]: Selecting config craftingtweaks.mixins.json
[05Dec2025 00:58:52.143] [main/DEBUG] [mixin/]: Selecting config moonlight-common.mixins.json
[05Dec2025 00:58:52.152] [main/DEBUG] [mixin/]: Selecting config moonlight.mixins.json
[05Dec2025 00:58:52.156] [main/DEBUG] [mixin/]: Selecting config fabric-api-base.init.mixins.json
[05Dec2025 00:58:52.172] [main/DEBUG] [mixin/]: Selecting config jade.mixins.json
[05Dec2025 00:58:52.174] [main/DEBUG] [mixin/]: Selecting config creativecore.mixins.json
[05Dec2025 00:58:52.178] [main/DEBUG] [mixin/]: Selecting config creativecore.forge.mixins.json
[05Dec2025 00:58:52.180] [main/DEBUG] [mixin/]: Selecting config smoothboot.mixins.json
[05Dec2025 00:58:52.181] [main/DEBUG] [mixin/]: Selecting config highlighter.mixins.json
[05Dec2025 00:58:52.183] [main/DEBUG] [mixin/]: Selecting config iceberg.mixins.json
[05Dec2025 00:58:52.186] [main/DEBUG] [mixin/]: Selecting config curios.mixins.json
[05Dec2025 00:58:52.188] [main/DEBUG] [mixin/]: Selecting config xaerohud.mixins.json
[05Dec2025 00:58:52.190] [main/DEBUG] [mixin/]: Selecting config xaerohud.forge.mixins.json
[05Dec2025 00:58:52.193] [main/DEBUG] [mixin/]: Selecting config xaerominimap.mixins.json
[05Dec2025 00:58:52.195] [main/DEBUG] [mixin/]: Selecting config xaerominimap.forge.mixins.json
[05Dec2025 00:58:52.197] [main/DEBUG] [mixin/]: Selecting config fastbench.mixins.json
[05Dec2025 00:58:52.199] [main/DEBUG] [mixin/]: Selecting config searchables.mixins.json
[05Dec2025 00:58:52.200] [main/DEBUG] [mixin/]: Selecting config searchables.forge.mixins.json
[05Dec2025 00:58:52.201] [main/DEBUG] [mixin/]: Selecting config polymorph.mixins.json
[05Dec2025 00:58:52.204] [main/DEBUG] [mixin/]: Selecting config polymorph-integrations.forge.mixins.json
[05Dec2025 00:58:52.210] [main/DEBUG] [mixin/]: Selecting config parcool.mixins.json
[05Dec2025 00:58:52.212] [main/DEBUG] [mixin/]: Selecting config attributeslib.mixins.json
[05Dec2025 00:58:52.213] [main/DEBUG] [mixin/]: Selecting config bettervillage.mixins.json
[05Dec2025 00:58:52.218] [main/DEBUG] [mixin/]: Selecting config fastfurnace.mixins.json
[05Dec2025 00:58:52.219] [main/DEBUG] [mixin/]: Selecting config architectury.mixins.json
[05Dec2025 00:58:52.225] [main/DEBUG] [mixin/]: Selecting config architectury-common.mixins.json
[05Dec2025 00:58:52.226] [main/DEBUG] [mixin/]: Selecting config lootr.mixins.json
[05Dec2025 00:58:52.228] [main/DEBUG] [mixin/]: Selecting config ferritecore.predicates.mixin.json
[05Dec2025 00:58:52.256] [main/DEBUG] [mixin/]: Selecting config ferritecore.fastmap.mixin.json
[05Dec2025 00:58:52.258] [main/DEBUG] [mixin/]: Selecting config ferritecore.mrl.mixin.json
[05Dec2025 00:58:52.260] [main/DEBUG] [mixin/]: Selecting config ferritecore.dedupmultipart.mixin.json
[05Dec2025 00:58:52.262] [main/DEBUG] [mixin/]: Selecting config ferritecore.blockstatecache.mixin.json
[05Dec2025 00:58:52.263] [main/DEBUG] [mixin/]: Selecting config ferritecore.dedupbakedquad.mixin.json
[05Dec2025 00:58:52.264] [main/DEBUG] [mixin/]: Selecting config ferritecore.threaddetec.mixin.json
[05Dec2025 00:58:52.266] [main/DEBUG] [mixin/]: Selecting config ferritecore.modelsides.mixin.json
[05Dec2025 00:58:52.267] [main/DEBUG] [mixin/]: Selecting config chisels-and-bits.mixins.json
[05Dec2025 00:58:52.269] [main/WARN] [mixin/]: Reference map 'chiselsandbits.refmap.json' for chisels-and-bits.mixins.json could not be read. If this is a development environment you can ignore this message
[05Dec2025 00:58:52.270] [main/DEBUG] [mixin/]: Preparing tetra.mixins.json (8)
[05Dec2025 00:58:52.304] [main/DEBUG] [net.minecraftforge.coremod.transformer.CoreModBaseTransformer/COREMOD]: Transforming net/minecraft/world/item/ItemStack
[05Dec2025 00:58:52.328] [main/DEBUG] [net.minecraftforge.coremod.transformer.CoreModBaseTransformer/COREMOD]: Transforming getEnchantmentLevel with desc (Lnet/minecraft/world/item/enchantment/Enchantment;)I
[05Dec2025 00:58:52.353] [main/INFO] [net.minecraftforge.coremod.CoreMod.placebo/COREMODLOG]: Patching IForgeItemStack#getEnchantmentLevel
[05Dec2025 00:58:52.384] [main/DEBUG] [net.minecraftforge.coremod.transformer.CoreModBaseTransformer/COREMOD]: Transforming getAllEnchantments with desc ()Ljava/util/Map;
[05Dec2025 00:58:52.394] [main/INFO] [net.minecraftforge.coremod.CoreMod.placebo/COREMODLOG]: Patching IForgeItemStack#getEnchantmentLevel
[05Dec2025 00:58:52.512] [main/DEBUG] [mixin/]: Preparing kuma_api.mixins.json (1)
[05Dec2025 00:58:52.512] [main/DEBUG] [mixin/]: Preparing kuma_api.forge.mixins.json (0)
[05Dec2025 00:58:52.512] [main/DEBUG] [mixin/]: Preparing fastload.mixins.json (7)
[05Dec2025 00:58:52.534] [main/DEBUG] [mixin/]: Preparing trashslot.mixins.json (0)
[05Dec2025 00:58:52.534] [main/DEBUG] [mixin/]: Preparing netherportalfix.mixins.json (4)
[05Dec2025 00:58:52.573] [main/DEBUG] [mixin/]: Preparing geckolib.mixins.json (1)
[05Dec2025 00:58:52.573] [main/DEBUG] [mixin/]: Preparing scena.mixins.json (6)
[05Dec2025 00:58:52.576] [main/DEBUG] [mixin/]: Preparing playerAnimator-common.mixins.json (14)
[05Dec2025 00:58:52.577] [main/DEBUG] [mixin/]: Preparing attributefix.mixins.json (1)
[05Dec2025 00:58:52.577] [main/DEBUG] [mixin/]: Preparing waystones.mixins.json (3)
[05Dec2025 00:58:52.583] [main/DEBUG] [mixin/]: Preparing clumps.mixins.json (2)
[05Dec2025 00:58:52.587] [main/DEBUG] [mixin/]: Preparing xaeroworldmap.mixins.json (12)
[05Dec2025 00:58:52.593] [main/DEBUG] [mixin/]: Preparing xaeroworldmap.forge.mixins.json (2)
[05Dec2025 00:58:52.593] [main/DEBUG] [mixin/]: Preparing prism.mixins.json (1)
[05Dec2025 00:58:52.593] [main/DEBUG] [mixin/]: Preparing placebo.mixins.json (6)
[05Dec2025 00:58:52.607] [main/DEBUG] [mixin/]: Preparing modernfix-common.mixins.json (110)
[05Dec2025 00:58:52.689] [main/DEBUG] [net.minecraftforge.coremod.transformer.CoreModBaseTransformer/COREMOD]: Transforming net/minecraft/world/level/biome/Biome
[05Dec2025 00:58:52.757] [main/DEBUG] [mixin/]: @Mixin target net/minecraft/world/level/levelgen/SurfaceRules$Context is public in modernfix-common.mixins.json:perf.worldgen_allocation.SurfaceRulesContextMixin and should be specified in value
[05Dec2025 00:58:52.760] [main/DEBUG] [mixin/]: Preparing modernfix-forge.mixins.json (61)
[05Dec2025 00:58:52.816] [main/DEBUG] [mixin/]: Preparing mixins.travelersbackpack.json (1)
[05Dec2025 00:58:52.817] [main/DEBUG] [mixin/]: Preparing configured.common.mixins.json (2)
[05Dec2025 00:58:52.817] [main/DEBUG] [mixin/]: Preparing gateways.mixins.json (1)
[05Dec2025 00:58:52.818] [main/DEBUG] [mixin/]: Preparing maxhealthfix.common.mixins.json (2)
[05Dec2025 00:58:52.819] [main/DEBUG] [mixin/]: Preparing maxhealthfix.forge.mixins.json (0)
[05Dec2025 00:58:52.819] [main/DEBUG] [mixin/]: Preparing mixinextras.init.mixins.json (0)
[05Dec2025 00:58:52.819] [main/DEBUG] [mixin/]: Preparing bookshelf.common.mixins.json (23)
[05Dec2025 00:58:52.826] [main/DEBUG] [net.minecraftforge.coremod.transformer.CoreModBaseTransformer/COREMOD]: Transforming net/minecraft/world/effect/MobEffectInstance
[05Dec2025 00:58:52.851] [main/DEBUG] [mixin/]: Preparing bookshelf.forge.mixins.json (1)
[05Dec2025 00:58:52.853] [main/DEBUG] [mixin/]: Preparing balm.mixins.json (16)
[05Dec2025 00:58:52.859] [main/DEBUG] [mixin/]: Preparing carryon.mixins.json (5)
[05Dec2025 00:58:52.864] [main/DEBUG] [mixin/]: Preparing carryon.forge.mixins.json (0)
[05Dec2025 00:58:52.864] [main/DEBUG] [mixin/]: Preparing mixins.sodiumoptionsapi.json (7)
[05Dec2025 00:58:52.864] [main/DEBUG] [mixin/]: Preparing dummmmmmy-common.mixins.json (5)
[05Dec2025 00:58:52.869] [main/DEBUG] [mixin/]: Preparing dummmmmmy.mixins.json (0)
[05Dec2025 00:58:52.869] [main/DEBUG] [mixin/]: Preparing mixins.sodiumdynamiclights.json (22)
[05Dec2025 00:58:52.870] [main/DEBUG] [mixin/]: Preparing craftingtweaks.mixins.json (0)
[05Dec2025 00:58:52.870] [main/DEBUG] [mixin/]: Preparing moonlight-common.mixins.json (38)
[05Dec2025 00:58:52.919] [main/DEBUG] [net.minecraftforge.coremod.transformer.CoreModBaseTransformer/COREMOD]: Transforming net/minecraft/world/entity/npc/Villager
[05Dec2025 00:58:53.296] [main/DEBUG] [mixin/]: Preparing moonlight.mixins.json (12)
[05Dec2025 00:58:53.309] [main/DEBUG] [mixin/]: Preparing fabric-api-base.init.mixins.json (0)
[05Dec2025 00:58:53.309] [main/DEBUG] [mixin/]: Preparing jade.mixins.json (2)
[05Dec2025 00:58:53.309] [main/DEBUG] [mixin/]: Preparing creativecore.mixins.json (8)
[05Dec2025 00:58:53.320] [main/DEBUG] [mixin/]: Preparing creativecore.forge.mixins.json (3)
[05Dec2025 00:58:53.321] [main/DEBUG] [mixin/]: Preparing smoothboot.mixins.json (5)
[05Dec2025 00:58:53.332] [main/DEBUG] [mixin/]: Preparing highlighter.mixins.json (4)
[05Dec2025 00:58:53.332] [main/DEBUG] [mixin/]: Preparing iceberg.mixins.json (7)
[05Dec2025 00:58:53.334] [main/DEBUG] [mixin/]: Preparing curios.mixins.json (13)
[05Dec2025 00:58:53.351] [main/DEBUG] [mixin/]: Preparing xaerohud.mixins.json (22)
[05Dec2025 00:58:53.352] [main/DEBUG] [mixin/]: Preparing xaerohud.forge.mixins.json (0)
[05Dec2025 00:58:53.352] [main/DEBUG] [mixin/]: Preparing xaerominimap.mixins.json (0)
[05Dec2025 00:58:53.352] [main/DEBUG] [mixin/]: Preparing xaerominimap.forge.mixins.json (0)
[05Dec2025 00:58:53.352] [main/DEBUG] [mixin/]: Preparing fastbench.mixins.json (4)
[05Dec2025 00:58:53.357] [main/WARN] [mixin/]: Error loading class: vazkii/quark/addons/oddities/inventory/BackpackMenu (java.lang.ClassNotFoundException: vazkii.quark.addons.oddities.inventory.BackpackMenu)
[05Dec2025 00:58:53.358] [main/DEBUG] [mixin/]: Skipping virtual target vazkii.quark.addons.oddities.inventory.BackpackMenu for fastbench.mixins.json:MixinBackpackMenu
[05Dec2025 00:58:53.359] [main/WARN] [mixin/]: Error loading class: net/minecraft/client/gui/screens/inventory/CraftingScreen (java.lang.ClassNotFoundException: net.minecraft.client.gui.screens.inventory.CraftingScreen)
[05Dec2025 00:58:53.360] [main/WARN] [mixin/]: @Mixin target net.minecraft.client.gui.screens.inventory.CraftingScreen was not found fastbench.mixins.json:MixinCraftingScreen
[05Dec2025 00:58:53.361] [main/DEBUG] [mixin/]: Preparing searchables.mixins.json (1)
[05Dec2025 00:58:53.361] [main/DEBUG] [mixin/]: Preparing searchables.forge.mixins.json (0)
[05Dec2025 00:58:53.361] [main/DEBUG] [mixin/]: Preparing polymorph.mixins.json (9)
[05Dec2025 00:58:53.370] [main/DEBUG] [mixin/]: Preparing polymorph-integrations.forge.mixins.json (2)
[05Dec2025 00:58:53.377] [main/DEBUG] [Polymorph/]: Loaded com.illusivesoulworks.polymorph.platform.ForgeIntegrationPlatform@71ad959b for service interface com.illusivesoulworks.polymorph.platform.services.IIntegrationPlatform
[05Dec2025 00:58:53.377] [main/DEBUG] [Polymorph/]: Loaded com.illusivesoulworks.polymorph.platform.ForgeClientPlatform@7198ab9a for service interface com.illusivesoulworks.polymorph.platform.services.IClientPlatform
[05Dec2025 00:58:53.380] [main/DEBUG] [Polymorph/]: Loaded com.illusivesoulworks.polymorph.platform.ForgePlatform@24aedcc5 for service interface com.illusivesoulworks.polymorph.platform.services.IPlatform
[05Dec2025 00:58:53.412] [main/DEBUG] [mixin/]: Preparing parcool.mixins.json (10)
[05Dec2025 00:58:53.416] [main/DEBUG] [mixin/]: Preparing attributeslib.mixins.json (17)
[05Dec2025 00:58:53.429] [main/DEBUG] [mixin/]: Preparing bettervillage.mixins.json (2)
[05Dec2025 00:58:53.431] [main/DEBUG] [mixin/]: Preparing fastfurnace.mixins.json (1)
[05Dec2025 00:58:53.431] [main/DEBUG] [mixin/]: Preparing architectury.mixins.json (9)
[05Dec2025 00:58:53.443] [main/DEBUG] [mixin/]: Preparing architectury-common.mixins.json (10)
[05Dec2025 00:58:53.445] [main/DEBUG] [net.minecraftforge.coremod.transformer.CoreModBaseTransformer/COREMOD]: Transforming net/minecraft/world/item/BucketItem
[05Dec2025 00:58:53.453] [main/DEBUG] [net.minecraftforge.coremod.transformer.CoreModBaseTransformer/COREMOD]: Transforming net/minecraft/world/entity/EntityType
[05Dec2025 00:58:53.562] [main/DEBUG] [net.minecraftforge.coremod.transformer.CoreModBaseTransformer/COREMOD]: Transforming net/minecraft/world/level/block/LiquidBlock
[05Dec2025 00:58:53.567] [main/DEBUG] [mixin/]: Preparing lootr.mixins.json (7)
[05Dec2025 00:58:53.580] [main/DEBUG] [net.minecraftforge.coremod.transformer.CoreModBaseTransformer/COREMOD]: Transforming net/minecraft/world/level/levelgen/structure/templatesystem/StructureTemplate
[05Dec2025 00:58:53.726] [main/DEBUG] [mixin/]: Preparing ferritecore.predicates.mixin.json (3)
[05Dec2025 00:58:53.726] [main/DEBUG] [mixin/]: Preparing ferritecore.fastmap.mixin.json (1)
[05Dec2025 00:58:53.728] [main/DEBUG] [mixin/]: Preparing ferritecore.mrl.mixin.json (2)
[05Dec2025 00:58:53.728] [main/DEBUG] [mixin/]: Preparing ferritecore.dedupmultipart.mixin.json (2)
[05Dec2025 00:58:53.728] [main/DEBUG] [mixin/]: Preparing ferritecore.blockstatecache.mixin.json (8)
[05Dec2025 00:58:53.737] [main/DEBUG] [mixin/]: @Mixin target net/minecraft/world/level/block/state/BlockBehaviour$BlockStateBase$Cache is public in ferritecore.blockstatecache.mixin.json:BlockStateCacheMixin and should be specified in value
[05Dec2025 00:58:53.740] [main/DEBUG] [mixin/]: Preparing ferritecore.dedupbakedquad.mixin.json (2)
[05Dec2025 00:58:53.740] [main/DEBUG] [mixin/]: Preparing ferritecore.threaddetec.mixin.json (1)
[05Dec2025 00:58:53.740] [main/DEBUG] [mixin/]: Preparing ferritecore.modelsides.mixin.json (1)
[05Dec2025 00:58:53.740] [main/DEBUG] [mixin/]: Preparing chisels-and-bits.mixins.json (0)
[05Dec2025 00:58:53.838] [main/DEBUG] [mixin/]: Prepared 274 mixins in 1.957 sec (7.1ms avg) (0ms load, 0ms transform, 0ms plugin)
[05Dec2025 00:58:53.844] [main/INFO] [MixinExtras|Service/]: Initializing MixinExtras via com.llamalad7.mixinextras.service.MixinExtrasServiceImpl(version=0.4.1).
[05Dec2025 00:58:53.846] [main/DEBUG] [mixin/]: Registering new injector for @SugarWrapper with com.llamalad7.mixinextras.sugar.impl.SugarWrapperInjectionInfo
[05Dec2025 00:58:53.846] [main/DEBUG] [mixin/]: Registering new injector for @FactoryRedirectWrapper with com.llamalad7.mixinextras.wrapper.factory.FactoryRedirectWrapperInjectionInfo
[05Dec2025 00:58:53.850] [main/DEBUG] [mixin/]: Mixing server.MainMixin from smoothboot.mixins.json into net.minecraft.server.Main
[05Dec2025 00:58:53.864] [main/DEBUG] [mixin/]: Mixing MainMixin from iceberg.mixins.json into net.minecraft.server.Main
[05Dec2025 00:58:53.977] [main/DEBUG] [mixin/]: Mixing perf.fix_loop_spin_waiting.MinecraftServerMixin from modernfix-common.mixins.json into net.minecraft.server.MinecraftServer
[05Dec2025 00:58:53.983] [main/DEBUG] [mixin/]: Mixing server.MinecraftServerMixin from fastload.mixins.json into net.minecraft.server.MinecraftServer
[05Dec2025 00:58:54.000] [main/DEBUG] [mixin/]: Mixing MixinMinecraftServer from xaeroworldmap.mixins.json into net.minecraft.server.MinecraftServer
[05Dec2025 00:58:54.001] [main/DEBUG] [mixin/]: Mixing core.MinecraftServerMixin from modernfix-common.mixins.json into net.minecraft.server.MinecraftServer
[05Dec2025 00:58:54.002] [main/DEBUG] [mixin/]: Mixing perf.dedicated_reload_executor.MinecraftServerMixin from modernfix-common.mixins.json into net.minecraft.server.MinecraftServer
[05Dec2025 00:58:54.003] [main/DEBUG] [mixin/]: Mixing core.MinecraftServerMixin from modernfix-forge.mixins.json into net.minecraft.server.MinecraftServer
[05Dec2025 00:58:54.004] [main/DEBUG] [mixin/]: Renaming synthetic method lambda$mfix$endReloadTrack$0(Ljava/lang/Void;)V to mdc04f64$lambda$mfix$endReloadTrack$0$0 in modernfix-forge.mixins.json:core.MinecraftServerMixin
[05Dec2025 00:58:54.010] [main/DEBUG] [mixin/]: Mixing MinecraftServerMixin from balm.mixins.json into net.minecraft.server.MinecraftServer
[05Dec2025 00:58:54.010] [main/DEBUG] [mixin/]: Renaming synthetic method lambda$reloadResources$0(Ljava/lang/Void;)V to mdc04f64$lambda$reloadResources$0$1 in balm.mixins.json:MinecraftServerMixin
[05Dec2025 00:58:54.013] [main/DEBUG] [mixin/]: Mixing MixinMinecraftServer from xaerohud.mixins.json into net.minecraft.server.MinecraftServer
[05Dec2025 00:58:54.092] [main/DEBUG] [Smooth Boot (Reloaded)/]: Config path: /workspaces/server-de-minecraft/servidor_minecraft/config/smoothboot.json
[05Dec2025 00:58:54.098] [main/DEBUG] [mixin/]: Mixing UtilMixin from smoothboot.mixins.json into net.minecraft.Util
[05Dec2025 00:58:54.099] [main/DEBUG] [mixin/]: Renaming synthetic method lambda$replaceIoWorker$1(Ljava/lang/Runnable;)Ljava/lang/Thread; to mdc04f64$lambda$replaceIoWorker$1$0 in smoothboot.mixins.json:UtilMixin
[05Dec2025 00:58:54.099] [main/DEBUG] [mixin/]: Renaming synthetic method lambda$replaceWorker$0(Ljava/lang/String;Ljava/util/concurrent/ForkJoinPool;)Ljava/util/concurrent/ForkJoinWorkerThread; to mdc04f64$lambda$replaceWorker$0$1 in smoothboot.mixins.json:UtilMixin
[05Dec2025 00:58:54.160] [main/DEBUG] [Smooth Boot (Reloaded)/]: Config: com.abdelaziz.smoothboot.config.SmoothBootConfig@7b332b23
[05Dec2025 00:58:54.160] [main/INFO] [Smooth Boot (Reloaded)/]: Smooth Boot (Reloaded) config initialized
[05Dec2025 00:58:54.161] [main/DEBUG] [Smooth Boot (Reloaded)/]: Initialized server game thread
[05Dec2025 00:58:54.170] [main/DEBUG] [io.netty.util.internal.logging.InternalLoggerFactory/]: Using SLF4J as the default logging framework
[05Dec2025 00:58:54.172] [main/DEBUG] [io.netty.util.ResourceLeakDetector/]: -Dio.netty.leakDetection.level: simple
[05Dec2025 00:58:54.172] [main/DEBUG] [io.netty.util.ResourceLeakDetector/]: -Dio.netty.leakDetection.targetRecords: 4
[05Dec2025 00:58:54.349] [main/DEBUG] [mixin/]: Mixing perf.tag_id_caching.TagOrElementLocationMixin from modernfix-forge.mixins.json into net.minecraft.util.ExtraCodecs$TagOrElementLocation
[05Dec2025 00:58:54.445] [main/DEBUG] [oshi.util.FileUtil/]: No oshi.properties file found from ClassLoader cpw.mods.modlauncher.TransformingClassLoader@40943a6
[05Dec2025 00:58:54.446] [main/DEBUG] [oshi.util.FileUtil/]: No oshi.properties file found from ClassLoader jdk.internal.loader.ClassLoaders$AppClassLoader@76ed5528
[05Dec2025 00:58:54.502] [main/DEBUG] [oshi.util.FileUtil/]: Reading file /proc/self/auxv
[05Dec2025 00:58:54.503] [main/DEBUG] [oshi.util.FileUtil/]: Reading file /proc/self/auxv
[05Dec2025 00:58:54.509] [main/DEBUG] [oshi.util.FileUtil/]: Reading file /proc/stat
[05Dec2025 00:58:54.515] [main/DEBUG] [oshi.util.FileUtil/]: Reading file /sys/devices/system/cpu/cpu0/topology/core_id
[05Dec2025 00:58:54.515] [main/DEBUG] [oshi.util.FileUtil/]: Reading file /sys/devices/system/cpu/cpu0/topology/core_id
[05Dec2025 00:58:54.516] [main/DEBUG] [oshi.util.FileUtil/]: Reading file /sys/devices/system/cpu/cpu0/topology/physical_package_id
[05Dec2025 00:58:54.516] [main/DEBUG] [oshi.util.FileUtil/]: Reading file /sys/devices/system/cpu/cpu0/topology/physical_package_id
[05Dec2025 00:58:54.516] [main/DEBUG] [oshi.util.FileUtil/]: Reading file /sys/devices/system/cpu/cpu0/cpu_capacity
[05Dec2025 00:58:54.518] [main/DEBUG] [oshi.util.FileUtil/]: Reading file /sys/devices/system/cpu/cpu1/topology/core_id
[05Dec2025 00:58:54.518] [main/DEBUG] [oshi.util.FileUtil/]: Reading file /sys/devices/system/cpu/cpu1/topology/core_id
[05Dec2025 00:58:54.518] [main/DEBUG] [oshi.util.FileUtil/]: Reading file /sys/devices/system/cpu/cpu1/topology/physical_package_id
[05Dec2025 00:58:54.518] [main/DEBUG] [oshi.util.FileUtil/]: Reading file /sys/devices/system/cpu/cpu1/topology/physical_package_id
[05Dec2025 00:58:54.518] [main/DEBUG] [oshi.util.FileUtil/]: Reading file /sys/devices/system/cpu/cpu1/cpu_capacity
[05Dec2025 00:58:54.518] [main/DEBUG] [oshi.util.FileUtil/]: Reading file /sys/devices/system/cpu/cpu2/topology/core_id
[05Dec2025 00:58:54.518] [main/DEBUG] [oshi.util.FileUtil/]: Reading file /sys/devices/system/cpu/cpu2/topology/core_id
[05Dec2025 00:58:54.518] [main/DEBUG] [oshi.util.FileUtil/]: Reading file /sys/devices/system/cpu/cpu2/topology/physical_package_id
[05Dec2025 00:58:54.518] [main/DEBUG] [oshi.util.FileUtil/]: Reading file /sys/devices/system/cpu/cpu2/topology/physical_package_id
[05Dec2025 00:58:54.519] [main/DEBUG] [oshi.util.FileUtil/]: Reading file /sys/devices/system/cpu/cpu2/cpu_capacity
[05Dec2025 00:58:54.520] [main/DEBUG] [oshi.util.FileUtil/]: Reading file /sys/devices/system/cpu/cpu3/topology/core_id
[05Dec2025 00:58:54.520] [main/DEBUG] [oshi.util.FileUtil/]: Reading file /sys/devices/system/cpu/cpu3/topology/core_id
[05Dec2025 00:58:54.520] [main/DEBUG] [oshi.util.FileUtil/]: Reading file /sys/devices/system/cpu/cpu3/topology/physical_package_id
[05Dec2025 00:58:54.520] [main/DEBUG] [oshi.util.FileUtil/]: Reading file /sys/devices/system/cpu/cpu3/topology/physical_package_id
[05Dec2025 00:58:54.520] [main/DEBUG] [oshi.util.FileUtil/]: Reading file /sys/devices/system/cpu/cpu3/cpu_capacity
[05Dec2025 00:58:54.521] [main/DEBUG] [oshi.util.FileUtil/]: Reading file /proc/cpuinfo
[05Dec2025 00:58:54.538] [main/DEBUG] [oshi.util.FileUtil/]: Reading file /proc/self/auxv
[05Dec2025 00:58:54.541] [main/DEBUG] [oshi.util.FileUtil/]: No oshi.architecture.properties file found from ClassLoader cpw.mods.modlauncher.TransformingClassLoader@40943a6
[05Dec2025 00:58:54.541] [main/DEBUG] [oshi.util.FileUtil/]: No oshi.architecture.properties file found from ClassLoader jdk.internal.loader.ClassLoaders$AppClassLoader@76ed5528
[05Dec2025 00:58:54.559] [main/DEBUG] [oshi.util.FileUtil/]: Reading file /proc/meminfo
[05Dec2025 00:58:54.560] [main/DEBUG] [oshi.util.FileUtil/]: Reading file /proc/meminfo
[05Dec2025 00:58:54.570] [main/DEBUG] [mixin/]: Mixing feature.measure_time.BootstrapMixin from modernfix-common.mixins.json into net.minecraft.server.Bootstrap
[05Dec2025 00:58:54.573] [main/DEBUG] [mixin/]: Mixing core.BootstrapMixin from modernfix-forge.mixins.json into net.minecraft.server.Bootstrap
[05Dec2025 00:58:54.588] [main/INFO] [net.minecraft.server.Bootstrap/]: ModernFix reached bootstrap stage (10.24 s after launch)
[05Dec2025 00:58:54.600] [main/DEBUG] [mixin/]: Mixing bugfix.concurrency.MappedRegistryMixin from modernfix-common.mixins.json into net.minecraft.core.MappedRegistry
[05Dec2025 00:58:54.605] [main/DEBUG] [mixin/]: Mixing perf.compact_mojang_registries.MappedRegistryMixin from modernfix-common.mixins.json into net.minecraft.core.MappedRegistry
[05Dec2025 00:58:54.617] [main/DEBUG] [mixin/]: Mixing perf.mojang_registry_size.MappedRegistryMixin from modernfix-common.mixins.json into net.minecraft.core.MappedRegistry
[05Dec2025 00:58:54.640] [main/DEBUG] [mixin/]: Mixing perf.mojang_registry_size.ResourceKeyMixin from modernfix-common.mixins.json into net.minecraft.resources.ResourceKey
[05Dec2025 00:58:54.640] [main/DEBUG] [mixin/]: Renaming synthetic method lambda$createEfficient$0(Lnet/minecraft/resources/ResourceLocation;)Ljava/util/Map; to mdc04f64$lambda$createEfficient$0$0 in modernfix-common.mixins.json:perf.mojang_registry_size.ResourceKeyMixin
[05Dec2025 00:58:54.681] [main/DEBUG] [mixin/]: Mixing inject.MixinGameEvent from architectury-common.mixins.json into net.minecraft.world.level.gameevent.GameEvent
[05Dec2025 00:58:54.690] [main/DEBUG] [mixin/]: Mixing perf.reduce_blockstate_cache_rebuilds.GameDataMixin from modernfix-forge.mixins.json into net.minecraftforge.registries.GameData
[05Dec2025 00:58:54.706] [main/DEBUG] [mixin/]: Mixing perf.fast_registry_validation.ForgeRegistryMixin from modernfix-forge.mixins.json into net.minecraftforge.registries.ForgeRegistry
[05Dec2025 00:58:54.712] [main/DEBUG] [mixin/]: Mixing perf.forge_registry_alloc.ForgeRegistryMixin from modernfix-forge.mixins.json into net.minecraftforge.registries.ForgeRegistry
[05Dec2025 00:58:54.722] [main/WARN] [mixin/]: @Final field delegatesByName:Ljava/util/Map; in modernfix-forge.mixins.json:perf.forge_registry_alloc.ForgeRegistryMixin should be final
[05Dec2025 00:58:54.722] [main/WARN] [mixin/]: @Final field delegatesByValue:Ljava/util/Map; in modernfix-forge.mixins.json:perf.forge_registry_alloc.ForgeRegistryMixin should be final
[05Dec2025 00:58:54.744] [main/DEBUG] [mixin/]: Mixing perf.reduce_blockstate_cache_rebuilds.BlockCallbacksMixin from modernfix-forge.mixins.json into net.minecraftforge.registries.GameData$BlockCallbacks
[05Dec2025 00:58:54.753] [main/DEBUG] [mixin/]: Mixing perf.forge_registry_alloc.DelegateHolderMixin from modernfix-forge.mixins.json into net.minecraft.world.level.block.Block
[05Dec2025 00:58:54.754] [main/DEBUG] [mixin/]: Mixing inject.MixinBlock from architectury-common.mixins.json into net.minecraft.world.level.block.Block
[05Dec2025 00:58:54.769] [main/DEBUG] [mixin/]: Mixing bugfix.chunk_deadlock.BlockStateBaseMixin from modernfix-common.mixins.json into net.minecraft.world.level.block.state.BlockBehaviour$BlockStateBase
[05Dec2025 00:58:54.771] [main/DEBUG] [mixin/]: Mixing perf.reduce_blockstate_cache_rebuilds.BlockStateBaseMixin from modernfix-common.mixins.json into net.minecraft.world.level.block.state.BlockBehaviour$BlockStateBase
[05Dec2025 00:58:54.779] [main/DEBUG] [mixin/]: Mixing BlockStateBaseMixin from ferritecore.blockstatecache.mixin.json into net.minecraft.world.level.block.state.BlockBehaviour$BlockStateBase
[05Dec2025 00:58:54.816] [main/DEBUG] [mixin/]: Mixing FastMapStateHolderMixin from ferritecore.fastmap.mixin.json into net.minecraft.world.level.block.state.StateHolder
[05Dec2025 00:58:54.829] [main/DEBUG] [mixin/]: Mixing perf.model_optimizations.PropertyMixin from modernfix-common.mixins.json into net.minecraft.world.level.block.state.properties.Property
[05Dec2025 00:58:54.844] [main/DEBUG] [mixin/]: Mixing EntityAccessor from netherportalfix.mixins.json into net.minecraft.world.entity.Entity
[05Dec2025 00:58:54.851] [main/DEBUG] [mixin/]: Mixing bugfix.chunk_deadlock.EntityMixin from modernfix-common.mixins.json into net.minecraft.world.entity.Entity
[05Dec2025 00:58:54.853] [main/DEBUG] [mixin/]: Mixing accessors.entity.AccessorEntity from bookshelf.common.mixins.json into net.minecraft.world.entity.Entity
[05Dec2025 00:58:54.853] [main/DEBUG] [mixin/]: Mixing EntityMixin from balm.mixins.json into net.minecraft.world.entity.Entity
[05Dec2025 00:58:54.860] [main/DEBUG] [mixin/]: Mixing EntityMixin from carryon.mixins.json into net.minecraft.world.entity.Entity
[05Dec2025 00:58:54.875] [main/DEBUG] [mixin/]: Mixing AccessorEntity from curios.mixins.json into net.minecraft.world.entity.Entity
[05Dec2025 00:58:54.875] [main/DEBUG] [mixin/]: Mixing common.EntityMixin from parcool.mixins.json into net.minecraft.world.entity.Entity
[05Dec2025 00:58:54.890] [main/DEBUG] [mixin/]: Mixing EntityMixin from attributeslib.mixins.json into net.minecraft.world.entity.Entity
[05Dec2025 00:58:54.971] [main/DEBUG] [mixin/]: Mixing IForgeEntityMixin from attributeslib.mixins.json into net.minecraftforge.common.extensions.IForgeEntity
[05Dec2025 00:58:54.988] [main/DEBUG] [mixin/]: Mixing LivingEntityMixin from tetra.mixins.json into net.minecraft.world.entity.LivingEntity
[05Dec2025 00:58:54.990] [main/DEBUG] [mixin/]: Mixing LivingEntityAccessor from netherportalfix.mixins.json into net.minecraft.world.entity.LivingEntity
[05Dec2025 00:58:54.991] [main/DEBUG] [mixin/]: Mixing common.LivingEntityEquipmentSlotMixin from scena.mixins.json into net.minecraft.world.entity.LivingEntity
[05Dec2025 00:58:54.992] [main/DEBUG] [mixin/]: Mixing perf.forge_cap_retrieval.LivingEntityMixin from modernfix-forge.mixins.json into net.minecraft.world.entity.LivingEntity
[05Dec2025 00:58:54.994] [main/DEBUG] [mixin/]: Mixing accessors.entity.AccessorLivingEntity from bookshelf.common.mixins.json into net.minecraft.world.entity.LivingEntity
[05Dec2025 00:58:54.994] [main/DEBUG] [mixin/]: Mixing patches.entity.MixinLivingEntity from bookshelf.common.mixins.json into net.minecraft.world.entity.LivingEntity
[05Dec2025 00:58:55.003] [main/DEBUG] [mixin/]: Mixing LivingEntityMixin from dummmmmmy-common.mixins.json into net.minecraft.world.entity.LivingEntity
[05Dec2025 00:58:55.006] [main/DEBUG] [mixin/]: Mixing MixinLivingEntity from curios.mixins.json into net.minecraft.world.entity.LivingEntity
[05Dec2025 00:58:55.008] [main/DEBUG] [mixin/]: Mixing common.LivingEntityMixin from parcool.mixins.json into net.minecraft.world.entity.LivingEntity
[05Dec2025 00:58:55.009] [main/DEBUG] [mixin/]: Renaming synthetic method lambda$parCool$isCustomLadder$0(Lnet/minecraft/tags/TagKey;)Z to mdc04f64$lambda$parCool$isCustomLadder$0$0 in parcool.mixins.json:common.LivingEntityMixin
[05Dec2025 00:58:55.037] [main/DEBUG] [mixin/]: Mixing LivingEntityMixin from attributeslib.mixins.json into net.minecraft.world.entity.LivingEntity
[05Dec2025 00:58:55.043] [main/DEBUG] [mixin/]: Mixing MixinLivingEntity from maxhealthfix.common.mixins.json into net.minecraft.world.entity.LivingEntity
[05Dec2025 00:58:55.164] [main/DEBUG] [mixin/]: Mixing perf.model_optimizations.BooleanPropertyMixin from modernfix-common.mixins.json into net.minecraft.world.level.block.state.properties.BooleanProperty
[05Dec2025 00:58:55.190] [main/DEBUG] [mixin/]: Mixing bugfix.chunk_deadlock.ServerLevelMixin from modernfix-common.mixins.json into net.minecraft.server.level.ServerLevel
[05Dec2025 00:58:55.192] [main/DEBUG] [mixin/]: Mixing perf.cache_strongholds.ServerLevelMixin from modernfix-common.mixins.json into net.minecraft.server.level.ServerLevel
[05Dec2025 00:58:55.201] [main/DEBUG] [mixin/]: Mixing perf.faster_structure_location.ServerLevelMixin from modernfix-common.mixins.json into net.minecraft.server.level.ServerLevel
[05Dec2025 00:58:55.202] [main/DEBUG] [mixin/]: Mixing ServerLevelMixin from moonlight-common.mixins.json into net.minecraft.server.level.ServerLevel
[05Dec2025 00:58:55.203] [main/DEBUG] [mixin/]: Discarding sythetic bridge method synthetic in m_6325_ because existing method in moonlight-common.mixins.json:ServerLevelMixin is compatible
[05Dec2025 00:58:55.246] [main/DEBUG] [mixin/]: Mixing PlayerEntityMixin from tetra.mixins.json into net.minecraft.world.entity.player.Player
[05Dec2025 00:58:55.253] [main/DEBUG] [mixin/]: Mixing PlayerMixin from mixins.travelersbackpack.json into net.minecraft.world.entity.player.Player
[05Dec2025 00:58:55.262] [main/DEBUG] [mixin/]: Mixing PlayerMixin from carryon.mixins.json into net.minecraft.world.entity.player.Player
[05Dec2025 00:58:55.265] [main/DEBUG] [mixin/]: Mixing PlayerMixin from dummmmmmy-common.mixins.json into net.minecraft.world.entity.player.Player
[05Dec2025 00:58:55.267] [main/DEBUG] [mixin/]: Mixing common.PlayerMixin from parcool.mixins.json into net.minecraft.world.entity.player.Player
[05Dec2025 00:58:55.271] [main/DEBUG] [mixin/]: Mixing PlayerMixin from attributeslib.mixins.json into net.minecraft.world.entity.player.Player
[05Dec2025 00:58:55.372] [main/DEBUG] [mixin/]: Mixing bugfix.concurrency.ForgeRegistryTagManagerMixin from modernfix-forge.mixins.json into net.minecraftforge.registries.ForgeRegistryTagManager
[05Dec2025 00:58:55.386] [main/DEBUG] [mixin/]: Mixing bugfix.concurrency.NamespacedWrapperMixin from modernfix-forge.mixins.json into net.minecraftforge.registries.NamespacedWrapper
[05Dec2025 00:58:55.388] [main/DEBUG] [mixin/]: Mixing perf.fast_forge_dummies.NamespacedHolderHelperMixin from modernfix-forge.mixins.json into net.minecraftforge.registries.NamespacedWrapper
[05Dec2025 00:58:55.403] [main/DEBUG] [mixin/]: Mixing common.FluidTypeFluidMixin from scena.mixins.json into net.minecraft.world.level.material.Fluid
[05Dec2025 00:58:55.406] [main/DEBUG] [mixin/]: Mixing inject.MixinFluid from architectury-common.mixins.json into net.minecraft.world.level.material.Fluid
[05Dec2025 00:58:55.413] [main/DEBUG] [mixin/]: Mixing ItemMixin from iceberg.mixins.json into net.minecraft.world.item.Item
[05Dec2025 00:58:55.417] [main/DEBUG] [mixin/]: Mixing perf.forge_registry_alloc.DelegateHolderMixin from modernfix-forge.mixins.json into net.minecraft.world.item.Item
[05Dec2025 00:58:55.418] [main/DEBUG] [mixin/]: Mixing accessors.item.AccessorItem from bookshelf.common.mixins.json into net.minecraft.world.item.Item
[05Dec2025 00:58:55.420] [main/DEBUG] [mixin/]: Mixing ItemMixin from moonlight-common.mixins.json into net.minecraft.world.item.Item
[05Dec2025 00:58:55.422] [main/DEBUG] [mixin/]: Mixing inject.MixinItem from architectury-common.mixins.json into net.minecraft.world.item.Item
[05Dec2025 00:58:55.439] [main/DEBUG] [mixin/]: Mixing IForgeItemMixin from attributeslib.mixins.json into net.minecraftforge.common.extensions.IForgeItem
[05Dec2025 00:58:55.450] [main/DEBUG] [net.minecraftforge.coremod.transformer.CoreModBaseTransformer/COREMOD]: Transforming net/minecraft/world/entity/EntityType
[05Dec2025 00:58:55.511] [main/DEBUG] [mixin/]: Mixing inject.MixinEntityType from architectury-common.mixins.json into net.minecraft.world.entity.EntityType
[05Dec2025 00:58:55.526] [main/DEBUG] [mixin/]: Mixing perf.dynamic_dfu.BlockEntityTypeMixin from modernfix-common.mixins.json into net.minecraft.world.level.block.entity.BlockEntityType
[05Dec2025 00:58:55.542] [main/DEBUG] [mixin/]: Mixing AttributeMixin from attributeslib.mixins.json into net.minecraft.world.entity.ai.attributes.Attribute
[05Dec2025 00:58:55.558] [main/DEBUG] [mixin/]: Mixing MixinPoiTypes from lootr.mixins.json into net.minecraft.world.entity.ai.village.poi.PoiTypes
[05Dec2025 00:58:55.566] [main/DEBUG] [mixin/]: Mixing MixinPoiType from lootr.mixins.json into net.minecraft.world.entity.ai.village.poi.PoiType
[05Dec2025 00:58:55.569] [main/DEBUG] [mixin/]: Mixing PoiMixin from moonlight-common.mixins.json into net.minecraft.world.entity.ai.village.poi.PoiType
[05Dec2025 00:58:55.640] [main/DEBUG] [mixin/]: Mixing perf.memoize_creative_tab_build.CreativeModeTabMixin from modernfix-common.mixins.json into net.minecraft.world.item.CreativeModeTab
[05Dec2025 00:58:55.651] [main/DEBUG] [mixin/]: Mixing FireBlockMixin from moonlight.mixins.json into net.minecraft.world.level.block.FireBlock
[05Dec2025 00:58:55.713] [main/DEBUG] [mixin/]: Mixing ShapesMixin from creativecore.mixins.json into net.minecraft.world.phys.shapes.Shapes
[05Dec2025 00:58:55.846] [main/DEBUG] [mixin/]: Mixing DiscreteVSAccess from ferritecore.blockstatecache.mixin.json into net.minecraft.world.phys.shapes.DiscreteVoxelShape
[05Dec2025 00:58:55.849] [main/DEBUG] [mixin/]: Mixing BitSetDVSAccess from ferritecore.blockstatecache.mixin.json into net.minecraft.world.phys.shapes.BitSetDiscreteVoxelShape
[05Dec2025 00:58:55.854] [main/DEBUG] [mixin/]: Mixing VoxelShapeAccessor from creativecore.mixins.json into net.minecraft.world.phys.shapes.VoxelShape
[05Dec2025 00:58:55.855] [main/DEBUG] [mixin/]: Mixing VoxelShapeAccess from ferritecore.blockstatecache.mixin.json into net.minecraft.world.phys.shapes.VoxelShape
[05Dec2025 00:58:55.856] [main/DEBUG] [mixin/]: Unexpected: Registered method setShape(Lnet/minecraft/world/phys/shapes/DiscreteVoxelShape;)V in net.minecraft.world.phys.shapes.VoxelShape was not merged
[05Dec2025 00:58:55.859] [main/DEBUG] [mixin/]: Mixing ArrayVSAccess from ferritecore.blockstatecache.mixin.json into net.minecraft.world.phys.shapes.ArrayVoxelShape
[05Dec2025 00:58:55.862] [main/DEBUG] [mixin/]: Mixing SliceShapeAccess from ferritecore.blockstatecache.mixin.json into net.minecraft.world.phys.shapes.SliceShape
[05Dec2025 00:58:56.011] [main/DEBUG] [mixin/]: Mixing perf.reduce_blockstate_cache_rebuilds.BlocksMixin from modernfix-common.mixins.json into net.minecraft.world.level.block.Blocks
[05Dec2025 00:58:56.012] [main/DEBUG] [mixin/]: Renaming synthetic method lambda$getEmptyConsumer$0(Ljava/lang/Object;)V to mdc04f64$lambda$getEmptyConsumer$0$0 in modernfix-common.mixins.json:perf.reduce_blockstate_cache_rebuilds.BlocksMixin
[05Dec2025 00:58:56.048] [main/DEBUG] [mixin/]: Mixing common.WorldlyBlockGrassGrowMixin from scena.mixins.json into net.minecraft.world.level.block.SpreadingSnowyDirtBlock
[05Dec2025 00:58:56.060] [main/DEBUG] [net.minecraftforge.coremod.transformer.CoreModBaseTransformer/COREMOD]: Transforming net/minecraft/world/level/block/LiquidBlock
[05Dec2025 00:58:56.060] [main/DEBUG] [mixin/]: Mixing inject.MixinLiquidBlock from architectury-common.mixins.json into net.minecraft.world.level.block.LiquidBlock
[05Dec2025 00:58:56.073] [main/DEBUG] [mixin/]: Mixing accessor.DispenserBlockAccessor from moonlight-common.mixins.json into net.minecraft.world.level.block.DispenserBlock
[05Dec2025 00:58:56.074] [main/DEBUG] [mixin/]: Renaming @Accessor method getDispenserRegistry()Ljava/util/Map; to getDispenserRegistry_$md$c04f64$0 in moonlight-common.mixins.json:accessor.DispenserBlockAccessor
[05Dec2025 00:58:56.096] [main/DEBUG] [net.minecraftforge.coremod.transformer.CoreModBaseTransformer/COREMOD]: Transforming net/minecraft/world/level/block/StairBlock
[05Dec2025 00:58:56.107] [main/DEBUG] [mixin/]: Mixing CropBlockMixin from balm.mixins.json into net.minecraft.world.level.block.CropBlock
[05Dec2025 00:58:56.151] [main/DEBUG] [mixin/]: Mixing StemBlockMixin from balm.mixins.json into net.minecraft.world.level.block.StemBlock
[05Dec2025 00:58:56.172] [main/DEBUG] [mixin/]: Mixing perf.deduplicate_wall_shapes.WallBlockMixin from modernfix-common.mixins.json into net.minecraft.world.level.block.WallBlock
[05Dec2025 00:58:56.185] [main/DEBUG] [net.minecraftforge.coremod.transformer.CoreModBaseTransformer/COREMOD]: Transforming net/minecraft/world/level/block/FlowerPotBlock
[05Dec2025 00:58:56.196] [main/DEBUG] [mixin/]: Mixing AnvilBlockMixin from placebo.mixins.json into net.minecraft.world.level.block.AnvilBlock
[05Dec2025 00:58:56.262] [main/DEBUG] [mixin/]: Mixing MixinPowderSnowBlock from curios.mixins.json into net.minecraft.world.level.block.PowderSnowBlock
[05Dec2025 00:58:56.304] [main/DEBUG] [mixin/]: Mixing perf.state_definition_construct.StateDefinitionMixin from modernfix-common.mixins.json into net.minecraft.world.level.block.state.StateDefinition
[05Dec2025 00:58:56.385] [main/INFO] [net.minecraft.server.Bootstrap/]: Vanilla bootstrap took 1791 milliseconds
[05Dec2025 00:58:56.400] [main/DEBUG] [io.netty.util.internal.PlatformDependent0/]: -Dio.netty.noUnsafe: false
[05Dec2025 00:58:56.400] [main/DEBUG] [io.netty.util.internal.PlatformDependent0/]: Java version: 17
[05Dec2025 00:58:56.401] [main/DEBUG] [io.netty.util.internal.PlatformDependent0/]: sun.misc.Unsafe.theUnsafe: available
[05Dec2025 00:58:56.401] [main/DEBUG] [io.netty.util.internal.PlatformDependent0/]: sun.misc.Unsafe.copyMemory: available
[05Dec2025 00:58:56.401] [main/DEBUG] [io.netty.util.internal.PlatformDependent0/]: sun.misc.Unsafe.storeFence: available
[05Dec2025 00:58:56.401] [main/DEBUG] [io.netty.util.internal.PlatformDependent0/]: java.nio.Buffer.address: available
[05Dec2025 00:58:56.402] [main/DEBUG] [io.netty.util.internal.PlatformDependent0/]: direct buffer constructor: unavailable
java.lang.UnsupportedOperationException: Reflective setAccessible(true) disabled
	at io.netty.util.internal.ReflectionUtil.trySetAccessible(ReflectionUtil.java:31) ~[netty-common-4.1.82.Final.jar%2382!/:4.1.82.Final]
	at io.netty.util.internal.PlatformDependent0$5.run(PlatformDependent0.java:288) ~[netty-common-4.1.82.Final.jar%2382!/:4.1.82.Final]
	at java.security.AccessController.doPrivileged(AccessController.java:318) ~[?:?]
	at io.netty.util.internal.PlatformDependent0.<clinit>(PlatformDependent0.java:282) ~[netty-common-4.1.82.Final.jar%2382!/:4.1.82.Final]
	at io.netty.util.internal.PlatformDependent.isAndroid(PlatformDependent.java:333) ~[netty-common-4.1.82.Final.jar%2382!/:4.1.82.Final]
	at io.netty.util.internal.PlatformDependent.<clinit>(PlatformDependent.java:88) ~[netty-common-4.1.82.Final.jar%2382!/:4.1.82.Final]
	at io.netty.util.ConstantPool.<init>(ConstantPool.java:34) ~[netty-common-4.1.82.Final.jar%2382!/:4.1.82.Final]
	at io.netty.util.AttributeKey$1.<init>(AttributeKey.java:27) ~[netty-common-4.1.82.Final.jar%2382!/:4.1.82.Final]
	at io.netty.util.AttributeKey.<clinit>(AttributeKey.java:27) ~[netty-common-4.1.82.Final.jar%2382!/:4.1.82.Final]
	at net.minecraftforge.network.NetworkConstants.<clinit>(NetworkConstants.java:34) ~[forge-1.20.1-47.4.3-universal.jar%23244!/:?]
	at net.minecraft.server.Bootstrap.handler$zdn000$doClassloadHack(Bootstrap.java:1034) ~[server-1.20.1-20230612.114412-srg.jar%23239!/:?]
	at net.minecraft.server.Bootstrap.m_135870_(Bootstrap.java:69) ~[server-1.20.1-20230612.114412-srg.jar%23239!/:?]
	at net.minecraftforge.registries.ForgeRegistries.init(ForgeRegistries.java:212) ~[forge-1.20.1-47.4.3-universal.jar%23244!/:?]
	at net.minecraftforge.registries.ForgeRegistries.<clinit>(ForgeRegistries.java:65) ~[forge-1.20.1-47.4.3-universal.jar%23244!/:?]
	at net.minecraft.world.level.block.LiquidBlock.<init>(LiquidBlock.java:53) ~[server-1.20.1-20230612.114412-srg.jar%23239!/:?]
	at net.minecraft.world.level.block.Blocks.<clinit>(Blocks.java:77) ~[server-1.20.1-20230612.114412-srg.jar%23239!/:?]
	at net.minecraft.world.level.block.FireBlock.m_53484_(FireBlock.java:301) ~[server-1.20.1-20230612.114412-srg.jar%23239!/:?]
	at net.minecraft.server.Bootstrap.m_135870_(Bootstrap.java:46) ~[server-1.20.1-20230612.114412-srg.jar%23239!/:?]
	at net.minecraft.server.Main.main(Main.java:121) ~[server-1.20.1-20230612.114412-srg.jar%23239!/:?]
	at jdk.internal.reflect.NativeMethodAccessorImpl.invoke0(Native Method) ~[?:?]
	at jdk.internal.reflect.NativeMethodAccessorImpl.invoke(NativeMethodAccessorImpl.java:77) ~[?:?]
	at jdk.internal.reflect.DelegatingMethodAccessorImpl.invoke(DelegatingMethodAccessorImpl.java:43) ~[?:?]
	at java.lang.reflect.Method.invoke(Method.java:569) ~[?:?]
	at net.minecraftforge.fml.loading.targets.CommonLaunchHandler.runTarget(CommonLaunchHandler.java:111) ~[fmlloader-1.20.1-47.4.3.jar%2369!/:?]
	at net.minecraftforge.fml.loading.targets.CommonLaunchHandler.serverService(CommonLaunchHandler.java:103) ~[fmlloader-1.20.1-47.4.3.jar%2369!/:?]
	at net.minecraftforge.fml.loading.targets.CommonServerLaunchHandler.lambda$makeService$0(CommonServerLaunchHandler.java:27) ~[fmlloader-1.20.1-47.4.3.jar%2369!/:?]
	at cpw.mods.modlauncher.LaunchServiceHandlerDecorator.launch(LaunchServiceHandlerDecorator.java:30) ~[modlauncher-10.0.9.jar%2355!/:?]
	at cpw.mods.modlauncher.LaunchServiceHandler.launch(LaunchServiceHandler.java:53) ~[modlauncher-10.0.9.jar%2355!/:?]
	at cpw.mods.modlauncher.LaunchServiceHandler.launch(LaunchServiceHandler.java:71) ~[modlauncher-10.0.9.jar%2355!/:?]
	at cpw.mods.modlauncher.Launcher.run(Launcher.java:108) ~[modlauncher-10.0.9.jar%2355!/:?]
	at cpw.mods.modlauncher.Launcher.main(Launcher.java:78) ~[modlauncher-10.0.9.jar%2355!/:?]
	at cpw.mods.modlauncher.BootstrapLaunchConsumer.accept(BootstrapLaunchConsumer.java:26) ~[modlauncher-10.0.9.jar%2355!/:?]
	at cpw.mods.modlauncher.BootstrapLaunchConsumer.accept(BootstrapLaunchConsumer.java:23) ~[modlauncher-10.0.9.jar%2355!/:?]
	at cpw.mods.bootstraplauncher.BootstrapLauncher.main(BootstrapLauncher.java:141) ~[bootstraplauncher-1.1.2.jar:?]
[05Dec2025 00:58:56.404] [main/DEBUG] [io.netty.util.internal.PlatformDependent0/]: java.nio.Bits.unaligned: available, true
[05Dec2025 00:58:56.405] [main/DEBUG] [io.netty.util.internal.PlatformDependent0/]: jdk.internal.misc.Unsafe.allocateUninitializedArray(int): unavailable
java.lang.IllegalAccessException: class io.netty.util.internal.PlatformDependent0$7 (in module io.netty.common) cannot access class jdk.internal.misc.Unsafe (in module java.base) because module java.base does not export jdk.internal.misc to module io.netty.common
	at jdk.internal.reflect.Reflection.newIllegalAccessException(Reflection.java:392) ~[?:?]
	at java.lang.reflect.AccessibleObject.checkAccess(AccessibleObject.java:674) ~[?:?]
	at java.lang.reflect.Method.invoke(Method.java:561) ~[?:?]
	at io.netty.util.internal.PlatformDependent0$7.run(PlatformDependent0.java:410) ~[netty-common-4.1.82.Final.jar%2382!/:4.1.82.Final]
	at java.security.AccessController.doPrivileged(AccessController.java:318) ~[?:?]
	at io.netty.util.internal.PlatformDependent0.<clinit>(PlatformDependent0.java:401) ~[netty-common-4.1.82.Final.jar%2382!/:4.1.82.Final]
	at io.netty.util.internal.PlatformDependent.isAndroid(PlatformDependent.java:333) ~[netty-common-4.1.82.Final.jar%2382!/:4.1.82.Final]
	at io.netty.util.internal.PlatformDependent.<clinit>(PlatformDependent.java:88) ~[netty-common-4.1.82.Final.jar%2382!/:4.1.82.Final]
	at io.netty.util.ConstantPool.<init>(ConstantPool.java:34) ~[netty-common-4.1.82.Final.jar%2382!/:4.1.82.Final]
	at io.netty.util.AttributeKey$1.<init>(AttributeKey.java:27) ~[netty-common-4.1.82.Final.jar%2382!/:4.1.82.Final]
	at io.netty.util.AttributeKey.<clinit>(AttributeKey.java:27) ~[netty-common-4.1.82.Final.jar%2382!/:4.1.82.Final]
	at net.minecraftforge.network.NetworkConstants.<clinit>(NetworkConstants.java:34) ~[forge-1.20.1-47.4.3-universal.jar%23244!/:?]
	at net.minecraft.server.Bootstrap.handler$zdn000$doClassloadHack(Bootstrap.java:1034) ~[server-1.20.1-20230612.114412-srg.jar%23239!/:?]
	at net.minecraft.server.Bootstrap.m_135870_(Bootstrap.java:69) ~[server-1.20.1-20230612.114412-srg.jar%23239!/:?]
	at net.minecraftforge.registries.ForgeRegistries.init(ForgeRegistries.java:212) ~[forge-1.20.1-47.4.3-universal.jar%23244!/:?]
	at net.minecraftforge.registries.ForgeRegistries.<clinit>(ForgeRegistries.java:65) ~[forge-1.20.1-47.4.3-universal.jar%23244!/:?]
	at net.minecraft.world.level.block.LiquidBlock.<init>(LiquidBlock.java:53) ~[server-1.20.1-20230612.114412-srg.jar%23239!/:?]
	at net.minecraft.world.level.block.Blocks.<clinit>(Blocks.java:77) ~[server-1.20.1-20230612.114412-srg.jar%23239!/:?]
	at net.minecraft.world.level.block.FireBlock.m_53484_(FireBlock.java:301) ~[server-1.20.1-20230612.114412-srg.jar%23239!/:?]
	at net.minecraft.server.Bootstrap.m_135870_(Bootstrap.java:46) ~[server-1.20.1-20230612.114412-srg.jar%23239!/:?]
	at net.minecraft.server.Main.main(Main.java:121) ~[server-1.20.1-20230612.114412-srg.jar%23239!/:?]
	at jdk.internal.reflect.NativeMethodAccessorImpl.invoke0(Native Method) ~[?:?]
	at jdk.internal.reflect.NativeMethodAccessorImpl.invoke(NativeMethodAccessorImpl.java:77) ~[?:?]
	at jdk.internal.reflect.DelegatingMethodAccessorImpl.invoke(DelegatingMethodAccessorImpl.java:43) ~[?:?]
	at java.lang.reflect.Method.invoke(Method.java:569) ~[?:?]
	at net.minecraftforge.fml.loading.targets.CommonLaunchHandler.runTarget(CommonLaunchHandler.java:111) ~[fmlloader-1.20.1-47.4.3.jar%2369!/:?]
	at net.minecraftforge.fml.loading.targets.CommonLaunchHandler.serverService(CommonLaunchHandler.java:103) ~[fmlloader-1.20.1-47.4.3.jar%2369!/:?]
	at net.minecraftforge.fml.loading.targets.CommonServerLaunchHandler.lambda$makeService$0(CommonServerLaunchHandler.java:27) ~[fmlloader-1.20.1-47.4.3.jar%2369!/:?]
	at cpw.mods.modlauncher.LaunchServiceHandlerDecorator.launch(LaunchServiceHandlerDecorator.java:30) ~[modlauncher-10.0.9.jar%2355!/:?]
	at cpw.mods.modlauncher.LaunchServiceHandler.launch(LaunchServiceHandler.java:53) ~[modlauncher-10.0.9.jar%2355!/:?]
	at cpw.mods.modlauncher.LaunchServiceHandler.launch(LaunchServiceHandler.java:71) ~[modlauncher-10.0.9.jar%2355!/:?]
	at cpw.mods.modlauncher.Launcher.run(Launcher.java:108) ~[modlauncher-10.0.9.jar%2355!/:?]
	at cpw.mods.modlauncher.Launcher.main(Launcher.java:78) ~[modlauncher-10.0.9.jar%2355!/:?]
	at cpw.mods.modlauncher.BootstrapLaunchConsumer.accept(BootstrapLaunchConsumer.java:26) ~[modlauncher-10.0.9.jar%2355!/:?]
	at cpw.mods.modlauncher.BootstrapLaunchConsumer.accept(BootstrapLaunchConsumer.java:23) ~[modlauncher-10.0.9.jar%2355!/:?]
	at cpw.mods.bootstraplauncher.BootstrapLauncher.main(BootstrapLauncher.java:141) ~[bootstraplauncher-1.1.2.jar:?]
[05Dec2025 00:58:56.406] [main/DEBUG] [io.netty.util.internal.PlatformDependent0/]: java.nio.DirectByteBuffer.<init>(long, int): unavailable
[05Dec2025 00:58:56.406] [main/DEBUG] [io.netty.util.internal.PlatformDependent/]: sun.misc.Unsafe: available
[05Dec2025 00:58:56.406] [main/DEBUG] [io.netty.util.internal.PlatformDependent/]: maxDirectMemory: 17179869184 bytes (maybe)
[05Dec2025 00:58:56.406] [main/DEBUG] [io.netty.util.internal.PlatformDependent/]: -Dio.netty.tmpdir: /tmp (java.io.tmpdir)
[05Dec2025 00:58:56.407] [main/DEBUG] [io.netty.util.internal.PlatformDependent/]: -Dio.netty.bitMode: 64 (sun.arch.data.model)
[05Dec2025 00:58:56.407] [main/DEBUG] [io.netty.util.internal.PlatformDependent/]: -Dio.netty.maxDirectMemory: -1 bytes
[05Dec2025 00:58:56.407] [main/DEBUG] [io.netty.util.internal.PlatformDependent/]: -Dio.netty.uninitializedArrayAllocationThreshold: -1
[05Dec2025 00:58:56.408] [main/DEBUG] [io.netty.util.internal.CleanerJava9/]: java.nio.ByteBuffer.cleaner(): available
[05Dec2025 00:58:56.408] [main/DEBUG] [io.netty.util.internal.PlatformDependent/]: -Dio.netty.noPreferDirect: false
[05Dec2025 00:58:56.516] [main/DEBUG] [mixin/]: Mixing MixinFallingBlockEntity from architectury.mixins.json into net.minecraft.world.entity.item.FallingBlockEntity
[05Dec2025 00:58:56.552] [main/DEBUG] [mixin/]: Mixing accessor.DispenserBlockEntityAccessor from moonlight-common.mixins.json into net.minecraft.world.level.block.entity.DispenserBlockEntity
[05Dec2025 00:58:56.554] [main/DEBUG] [mixin/]: Mixing MixinRandomizableContainerBlockEntity from lootr.mixins.json into net.minecraft.world.level.block.entity.RandomizableContainerBlockEntity
[05Dec2025 00:58:56.564] [main/DEBUG] [mixin/]: Mixing patches.block.entity.MixinBaseContainerBlockEntity from bookshelf.forge.mixins.json into net.minecraft.world.level.block.entity.BaseContainerBlockEntity
[05Dec2025 00:58:56.622] [main/DEBUG] [mixin/]: Mixing PistonBlockEntityMixin from moonlight-common.mixins.json into net.minecraft.world.level.block.piston.PistonMovingBlockEntity
[05Dec2025 00:58:56.638] [main/DEBUG] [mixin/]: Mixing AccessorRangedAttribute from attributefix.mixins.json into net.minecraft.world.entity.ai.attributes.RangedAttribute
[05Dec2025 00:58:56.700] [main/DEBUG] [mixin/]: Mixing SpawnerBlockEntityMixin from gateways.mixins.json into net.minecraft.world.level.block.entity.SpawnerBlockEntity
[05Dec2025 00:58:56.731] [main/DEBUG] [mixin/]: Mixing AbstractContainerMenuInvoker from placebo.mixins.json into net.minecraft.world.inventory.AbstractContainerMenu
[05Dec2025 00:58:56.735] [main/DEBUG] [mixin/]: Mixing accessors.inventory.AccessorCraftingMenu from bookshelf.common.mixins.json into net.minecraft.world.inventory.CraftingMenu
[05Dec2025 00:58:56.735] [main/DEBUG] [mixin/]: Mixing MixinCraftingMenu from fastbench.mixins.json into net.minecraft.world.inventory.CraftingMenu
[05Dec2025 00:58:56.736] [main/DEBUG] [mixin/]: Renaming synthetic method lambda$slotsChanged$0(Lnet/minecraft/world/level/Level;Lnet/minecraft/core/BlockPos;)V to mdc04f64$lambda$slotsChanged$0$0 in fastbench.mixins.json:MixinCraftingMenu
[05Dec2025 00:58:56.739] [main/DEBUG] [mixin/]: Mixing AccessorCraftingMenu from polymorph.mixins.json into net.minecraft.world.inventory.CraftingMenu
[05Dec2025 00:58:56.739] [main/DEBUG] [mixin/]: Mixing MixinCraftingMenu from polymorph.mixins.json into net.minecraft.world.inventory.CraftingMenu
[05Dec2025 00:58:56.751] [main/DEBUG] [mixin/]: Mixing AccessorAbstractFurnaceBlockEntity from polymorph.mixins.json into net.minecraft.world.level.block.entity.AbstractFurnaceBlockEntity
[05Dec2025 00:58:56.751] [main/DEBUG] [mixin/]: Mixing MixinAbstractFurnaceBlockEntity from fastfurnace.mixins.json into net.minecraft.world.level.block.entity.AbstractFurnaceBlockEntity
[05Dec2025 00:58:56.753] [main/DEBUG] [net.minecraftforge.coremod.transformer.CoreModBaseTransformer/COREMOD]: Transforming getEnchantmentLevel with desc (Lnet/minecraft/world/item/enchantment/Enchantment;)I
[05Dec2025 00:58:56.754] [main/INFO] [net.minecraftforge.coremod.CoreMod.placebo/COREMODLOG]: Patching IForgeItemStack#getEnchantmentLevel
[05Dec2025 00:58:56.754] [main/DEBUG] [net.minecraftforge.coremod.transformer.CoreModBaseTransformer/COREMOD]: Transforming getAllEnchantments with desc ()Ljava/util/Map;
[05Dec2025 00:58:56.755] [main/INFO] [net.minecraftforge.coremod.CoreMod.placebo/COREMODLOG]: Patching IForgeItemStack#getEnchantmentLevel
[05Dec2025 00:58:56.764] [main/DEBUG] [mixin/]: Mixing accessors.block.entity.AccessorSignBlockEntity from bookshelf.common.mixins.json into net.minecraft.world.level.block.entity.SignBlockEntity
[05Dec2025 00:58:56.814] [main/DEBUG] [mixin/]: Mixing accessors.entity.AccessorMob from bookshelf.common.mixins.json into net.minecraft.world.entity.Mob
[05Dec2025 00:58:56.815] [main/DEBUG] [mixin/]: Mixing EntityMixin from moonlight-common.mixins.json into net.minecraft.world.entity.Mob
[05Dec2025 00:58:56.879] [main/DEBUG] [net.minecraftforge.coremod.transformer.CoreModBaseTransformer/COREMOD]: Transforming net/minecraft/world/item/ItemStack
[05Dec2025 00:58:56.880] [main/DEBUG] [mixin/]: Mixing ItemStackMixin from tetra.mixins.json into net.minecraft.world.item.ItemStack
[05Dec2025 00:58:56.886] [main/DEBUG] [mixin/]: Mixing ItemStackMixin from placebo.mixins.json into net.minecraft.world.item.ItemStack
[05Dec2025 00:58:56.886] [main/DEBUG] [mixin/]: Renaming synthetic method lambda$getOrCreate$0(Ljava/util/function/Function;Ljava/util/function/ToIntFunction;Lnet/minecraft/resources/ResourceLocation;)Ldev/shadowsoffire/placebo/util/CachedObject; to mdc04f64$lambda$getOrCreate$0$0 in placebo.mixins.json:ItemStackMixin
[05Dec2025 00:58:56.890] [main/DEBUG] [mixin/]: Mixing ItemStackMixin from attributeslib.mixins.json into net.minecraft.world.item.ItemStack
[05Dec2025 00:58:56.910] [main/DEBUG] [net.minecraftforge.coremod.transformer.CoreModBaseTransformer/COREMOD]: Transforming getEnchantmentLevel with desc (Lnet/minecraft/world/item/enchantment/Enchantment;)I
[05Dec2025 00:58:56.910] [main/INFO] [net.minecraftforge.coremod.CoreMod.placebo/COREMODLOG]: Patching IForgeItemStack#getEnchantmentLevel
[05Dec2025 00:58:56.911] [main/DEBUG] [net.minecraftforge.coremod.transformer.CoreModBaseTransformer/COREMOD]: Transforming getAllEnchantments with desc ()Ljava/util/Map;
[05Dec2025 00:58:56.911] [main/INFO] [net.minecraftforge.coremod.CoreMod.placebo/COREMODLOG]: Patching IForgeItemStack#getEnchantmentLevel
[05Dec2025 00:58:57.090] [main/DEBUG] [mixin/]: Mixing GrindstoneContainerMixin from tetra.mixins.json into net.minecraft.world.inventory.GrindstoneMenu
[05Dec2025 00:58:57.096] [main/DEBUG] [mixin/]: Mixing MixinSmithingMenu from polymorph.mixins.json into net.minecraft.world.inventory.SmithingMenu
[05Dec2025 00:58:57.149] [main/DEBUG] [mixin/]: Mixing patches.entity.MixinLightningBolt from bookshelf.common.mixins.json into net.minecraft.world.entity.LightningBolt
[05Dec2025 00:58:57.150] [main/DEBUG] [mixin/]: Mixing LightningEntityMixin from moonlight-common.mixins.json into net.minecraft.world.entity.LightningBolt
[05Dec2025 00:58:57.151] [main/DEBUG] [mixin/]: Mixing MixinLightningBolt from architectury-common.mixins.json into net.minecraft.world.entity.LightningBolt
[05Dec2025 00:58:57.179] [main/DEBUG] [net.minecraftforge.coremod.transformer.CoreModBaseTransformer/COREMOD]: Transforming net/minecraft/world/entity/animal/frog/Tadpole
[05Dec2025 00:58:57.213] [main/DEBUG] [mixin/]: Mixing BlockItemMixin from moonlight-common.mixins.json into net.minecraft.world.item.BlockItem
[05Dec2025 00:58:57.224] [main/DEBUG] [mixin/]: Mixing SwordItemMixin from dummmmmmy-common.mixins.json into net.minecraft.world.item.SwordItem
[05Dec2025 00:58:57.229] [main/DEBUG] [mixin/]: Mixing ToolItemMixin from dummmmmmy-common.mixins.json into net.minecraft.world.item.DiggerItem
[05Dec2025 00:58:57.236] [main/DEBUG] [net.minecraftforge.coremod.transformer.CoreModBaseTransformer/COREMOD]: Transforming net/minecraft/world/item/BucketItem
[05Dec2025 00:58:57.236] [main/DEBUG] [mixin/]: Mixing inject.MixinBucketItem from architectury-common.mixins.json into net.minecraft.world.item.BucketItem
[05Dec2025 00:58:57.246] [main/DEBUG] [mixin/]: Mixing MapItemMixin from moonlight-common.mixins.json into net.minecraft.world.item.MapItem
[05Dec2025 00:58:57.247] [main/DEBUG] [mixin/]: Renaming synthetic method lambda$update$1(Lnet/minecraft/world/level/saveddata/maps/MapItemSavedData;Lnet/minecraft/world/entity/Entity;Ljava/util/concurrent/atomic/AtomicBoolean;Lnet/minecraft/resources/ResourceLocation;Lnet/mehvahdjukaar/moonlight/api/map/CustomMapData;)V to mdc04f64$lambda$update$1$0 in moonlight-common.mixins.json:MapItemMixin
[05Dec2025 00:58:57.247] [main/DEBUG] [mixin/]: Renaming synthetic method lambda$appendHoverText$0(Lnet/minecraft/world/level/saveddata/maps/MapItemSavedData;Lnet/minecraft/world/item/ItemStack;Ljava/util/List;Lnet/minecraft/resources/ResourceLocation;Lnet/mehvahdjukaar/moonlight/api/map/CustomMapData;)V to mdc04f64$lambda$appendHoverText$0$1 in moonlight-common.mixins.json:MapItemMixin
[05Dec2025 00:58:57.252] [main/DEBUG] [mixin/]: Mixing ShearItemMixin from moonlight-common.mixins.json into net.minecraft.world.item.ShearsItem
[05Dec2025 00:58:57.253] [main/DEBUG] [mixin/]: Mixing MixinShearsItem from curios.mixins.json into net.minecraft.world.item.ShearsItem
[05Dec2025 00:58:57.264] [main/DEBUG] [mixin/]: Mixing ArmorStandFIxMixin from dummmmmmy-common.mixins.json into net.minecraft.world.item.ArmorStandItem
[05Dec2025 00:58:57.285] [main/DEBUG] [mixin/]: Mixing inject.MixinItemProperties from architectury-common.mixins.json into net.minecraft.world.item.Item$Properties
[05Dec2025 00:58:57.331] [main/DEBUG] [mixin/]: Mixing AbstractDecorationEntityMixin from bettervillage.mixins.json into net.minecraft.world.entity.decoration.HangingEntity
[05Dec2025 00:58:57.339] [main/DEBUG] [mixin/]: Mixing perf.dynamic_dfu.EntityTypeBuilderMixin from modernfix-common.mixins.json into net.minecraft.world.entity.EntityType$Builder
[05Dec2025 00:58:57.357] [main/DEBUG] [mixin/]: Mixing ExperienceOrbAccess from clumps.mixins.json into net.minecraft.world.entity.ExperienceOrb
[05Dec2025 00:58:57.357] [main/DEBUG] [mixin/]: Mixing MixinExperienceOrb from clumps.mixins.json into net.minecraft.world.entity.ExperienceOrb
[05Dec2025 00:58:57.358] [main/DEBUG] [mixin/]: Renaming synthetic method lambda$clumps$resolve$7(Ljava/util/Map$Entry;)Ljava/lang/Integer; to mdc04f64$lambda$clumps$resolve$7$0 in clumps.mixins.json:MixinExperienceOrb
[05Dec2025 00:58:57.358] [main/DEBUG] [mixin/]: Renaming synthetic method lambda$addAdditionalSaveData$6(Lnet/minecraft/nbt/CompoundTag;Ljava/lang/Integer;Ljava/lang/Integer;)V to mdc04f64$lambda$addAdditionalSaveData$6$1 in clumps.mixins.json:MixinExperienceOrb
[05Dec2025 00:58:57.358] [main/DEBUG] [mixin/]: Renaming synthetic method lambda$tryMergeToExisting$5(Ljava/util/Map;)Ljava/util/stream/Stream; to mdc04f64$lambda$tryMergeToExisting$5$2 in clumps.mixins.json:MixinExperienceOrb
[05Dec2025 00:58:57.359] [main/DEBUG] [mixin/]: Renaming synthetic method lambda$tryMergeToExisting$4(IILnet/minecraft/world/entity/ExperienceOrb;)Z to mdc04f64$lambda$tryMergeToExisting$4$3 in clumps.mixins.json:MixinExperienceOrb
[05Dec2025 00:58:57.359] [main/DEBUG] [mixin/]: Renaming synthetic method lambda$merge$3(Ljava/util/Map;)Ljava/util/stream/Stream; to mdc04f64$lambda$merge$3$4 in clumps.mixins.json:MixinExperienceOrb
[05Dec2025 00:58:57.359] [main/DEBUG] [mixin/]: Renaming synthetic method lambda$clumps$repairPlayerItems$2(ILnet/minecraft/world/entity/player/Player;Lnet/minecraft/world/item/ItemStack;)Ljava/lang/Integer; to mdc04f64$lambda$clumps$repairPlayerItems$2$5 in clumps.mixins.json:MixinExperienceOrb
[05Dec2025 00:58:57.359] [main/DEBUG] [mixin/]: Renaming synthetic method lambda$clumps$repairPlayerItems$1(Lnet/minecraft/world/item/ItemStack;Ljava/lang/Integer;)Ljava/lang/Float; to mdc04f64$lambda$clumps$repairPlayerItems$1$6 in clumps.mixins.json:MixinExperienceOrb
[05Dec2025 00:58:57.359] [main/DEBUG] [mixin/]: Renaming synthetic method lambda$playerTouch$0(Lnet/minecraft/world/entity/player/Player;Ljava/util/concurrent/atomic/AtomicInteger;Ljava/lang/Integer;Ljava/lang/Integer;)V to mdc04f64$lambda$playerTouch$0$7 in clumps.mixins.json:MixinExperienceOrb
[05Dec2025 00:58:57.387] [main/DEBUG] [mixin/]: Mixing perf.ticking_chunk_alloc.BatMixin from modernfix-common.mixins.json into net.minecraft.world.entity.ambient.Bat
[05Dec2025 00:58:57.400] [main/DEBUG] [mixin/]: Mixing BeeGoalMixin from moonlight-common.mixins.json into net.minecraft.world.entity.animal.Bee$BeeGrowCropGoal
[05Dec2025 00:58:57.410] [main/DEBUG] [mixin/]: Mixing NearestAttackableTargetGoalMixin from attributeslib.mixins.json into net.minecraft.world.entity.ai.goal.target.NearestAttackableTargetGoal
[05Dec2025 00:58:57.440] [main/DEBUG] [mixin/]: Mixing MixinCatSitOnBlockGoal from lootr.mixins.json into net.minecraft.world.entity.ai.goal.CatSitOnBlockGoal
[05Dec2025 00:58:57.447] [main/DEBUG] [net.minecraftforge.coremod.transformer.CoreModBaseTransformer/COREMOD]: Transforming net/minecraft/world/entity/monster/Spider
[05Dec2025 00:58:57.493] [main/DEBUG] [net.minecraftforge.coremod.transformer.CoreModBaseTransformer/COREMOD]: Transforming net/minecraft/world/entity/monster/Zombie
[05Dec2025 00:58:57.534] [main/DEBUG] [net.minecraftforge.coremod.transformer.CoreModBaseTransformer/COREMOD]: Transforming net/minecraft/world/entity/monster/ZombieVillager
[05Dec2025 00:58:57.560] [main/DEBUG] [mixin/]: Mixing ThrownTridentMixin from attributeslib.mixins.json into net.minecraft.world.entity.projectile.ThrownTrident
[05Dec2025 00:58:57.597] [main/DEBUG] [net.minecraftforge.coremod.transformer.CoreModBaseTransformer/COREMOD]: Transforming net/minecraft/world/entity/monster/Evoker$EvokerSummonSpellGoal
[05Dec2025 00:58:57.608] [main/DEBUG] [mixin/]: Mixing FixBlockPlaceContextMixin from moonlight-common.mixins.json into net.minecraft.world.item.context.BlockPlaceContext
[05Dec2025 00:58:57.708] [main/DEBUG] [mixin/]: Mixing ThrownPotionMixin from moonlight-common.mixins.json into net.minecraft.world.entity.projectile.ThrownPotion
[05Dec2025 00:58:57.735] [main/DEBUG] [net.minecraftforge.coremod.transformer.CoreModBaseTransformer/COREMOD]: Transforming net/minecraft/world/entity/animal/horse/SkeletonTrapGoal
[05Dec2025 00:58:57.788] [main/DEBUG] [net.minecraftforge.coremod.transformer.CoreModBaseTransformer/COREMOD]: Transforming net/minecraft/world/entity/monster/Strider
[05Dec2025 00:58:57.834] [main/DEBUG] [mixin/]: Mixing common.PoseMixin from parcool.mixins.json into net.minecraft.world.entity.Pose
[05Dec2025 00:58:57.835] [main/DEBUG] [mixin/]: Renaming @Invoker method newPose(Ljava/lang/String;I)Lnet/minecraft/world/entity/Pose; to newPose_$md$c04f64$0 in parcool.mixins.json:common.PoseMixin
[05Dec2025 00:58:57.854] [main/DEBUG] [mixin/]: Mixing ServerPlayerMixin from netherportalfix.mixins.json into net.minecraft.server.level.ServerPlayer
[05Dec2025 00:58:57.856] [main/DEBUG] [mixin/]: Mixing ForgeServerPlayerMixin from netherportalfix.mixins.json into net.minecraft.server.level.ServerPlayer
[05Dec2025 00:58:57.857] [main/DEBUG] [mixin/]: Mixing MixinServerPlayer from xaeroworldmap.mixins.json into net.minecraft.server.level.ServerPlayer
[05Dec2025 00:58:57.858] [main/DEBUG] [mixin/]: Mixing ServerPlayerMixin from moonlight-common.mixins.json into net.minecraft.server.level.ServerPlayer
[05Dec2025 00:58:57.858] [main/DEBUG] [mixin/]: Mixing MixinServerPlayer from xaerohud.mixins.json into net.minecraft.server.level.ServerPlayer
[05Dec2025 00:58:57.891] [main/DEBUG] [mixin/]: Mixing perf.ticking_chunk_alloc.ChunkAccessMixin from modernfix-common.mixins.json into net.minecraft.world.level.chunk.ChunkAccess
[05Dec2025 00:58:57.896] [main/DEBUG] [mixin/]: Mixing LevelChunkMixin from moonlight-common.mixins.json into net.minecraft.world.level.chunk.LevelChunk
[05Dec2025 00:58:57.897] [main/DEBUG] [mixin/]: Mixing MixinLevelChunk from lootr.mixins.json into net.minecraft.world.level.chunk.LevelChunk
[05Dec2025 00:58:57.920] [main/DEBUG] [net.minecraftforge.coremod.transformer.CoreModBaseTransformer/COREMOD]: Transforming net/minecraft/world/entity/npc/Villager
[05Dec2025 00:58:58.025] [main/DEBUG] [mixin/]: Mixing VillagerMixin from moonlight-common.mixins.json into net.minecraft.world.entity.npc.Villager
[05Dec2025 00:58:58.071] [main/DEBUG] [mixin/]: Mixing perf.faster_ingredients.IngredientMixin from modernfix-forge.mixins.json into net.minecraft.world.item.crafting.Ingredient
[05Dec2025 00:58:58.072] [main/DEBUG] [mixin/]: Renaming synthetic method lambda$computeItemsArray$1(I)[Lnet/minecraft/world/item/ItemStack; to mdc04f64$lambda$computeItemsArray$1$0 in modernfix-forge.mixins.json:perf.faster_ingredients.IngredientMixin
[05Dec2025 00:58:58.072] [main/DEBUG] [mixin/]: Renaming synthetic method lambda$modernfix$fasterTagIngredientStacking$0(Lnet/minecraft/core/Holder;)I to mdc04f64$lambda$modernfix$fasterTagIngredientStacking$0$1 in modernfix-forge.mixins.json:perf.faster_ingredients.IngredientMixin
[05Dec2025 00:58:58.082] [main/DEBUG] [mixin/]: Mixing perf.smart_ingredient_sync.IngredientMixin from modernfix-forge.mixins.json into net.minecraft.world.item.crafting.Ingredient
[05Dec2025 00:58:58.099] [main/DEBUG] [mixin/]: Mixing inject.MixinFoodPropertiesBuilder from architectury-common.mixins.json into net.minecraft.world.food.FoodProperties$Builder
[05Dec2025 00:58:58.102] [main/DEBUG] [net.minecraftforge.coremod.transformer.CoreModBaseTransformer/COREMOD]: Transforming net/minecraft/world/effect/MobEffectInstance
[05Dec2025 00:58:58.102] [main/DEBUG] [mixin/]: Mixing accessors.effect.AccessorMobEffectInstance from bookshelf.common.mixins.json into net.minecraft.world.effect.MobEffectInstance
[05Dec2025 00:58:58.133] [main/DEBUG] [mixin/]: Mixing ServerPlayNetHandlerMixin from tetra.mixins.json into net.minecraft.server.network.ServerGamePacketListenerImpl
[05Dec2025 00:58:58.134] [main/DEBUG] [mixin/]: Mixing bugfix.forge_vehicle_packets.ServerGamePacketListenerImplMixin from modernfix-forge.mixins.json into net.minecraft.server.network.ServerGamePacketListenerImpl
[05Dec2025 00:58:58.252] [main/DEBUG] [mixin/]: Mixing perf.dynamic_structure_manager.StructureManagerMixin from modernfix-common.mixins.json into net.minecraft.world.level.levelgen.structure.templatesystem.StructureTemplateManager
[05Dec2025 00:58:58.254] [main/DEBUG] [mixin/]: Mixing perf.cache_upgraded_structures.StructureManagerMixin from modernfix-common.mixins.json into net.minecraft.world.level.levelgen.structure.templatesystem.StructureTemplateManager
[05Dec2025 00:58:58.288] [main/DEBUG] [mixin/]: Mixing MixinInventory from curios.mixins.json into net.minecraft.world.entity.player.Inventory
[05Dec2025 00:58:58.289] [main/DEBUG] [mixin/]: Mixing InventoryMixin from carryon.mixins.json into net.minecraft.world.entity.player.Inventory
[05Dec2025 00:58:58.290] [main/DEBUG] [mixin/]: Mixing InventoryMixin from moonlight-common.mixins.json into net.minecraft.world.entity.player.Inventory
[05Dec2025 00:58:58.301] [main/DEBUG] [mixin/]: Mixing SlotAccessor from balm.mixins.json into net.minecraft.world.inventory.Slot
[05Dec2025 00:58:58.306] [main/DEBUG] [mixin/]: Mixing accessors.inventory.AccessorTransientCraftingContainer from bookshelf.common.mixins.json into net.minecraft.world.inventory.TransientCraftingContainer
[05Dec2025 00:58:58.310] [main/DEBUG] [mixin/]: Mixing GrindstoneMenuSlotMixin from moonlight-common.mixins.json into net.minecraft.world.inventory.GrindstoneMenu$4
[05Dec2025 00:58:58.325] [main/DEBUG] [mixin/]: Mixing MapExtendingRecipeMixin from moonlight-common.mixins.json into net.minecraft.world.item.crafting.MapExtendingRecipe
[05Dec2025 00:58:58.328] [main/DEBUG] [mixin/]: Mixing accessors.item.crafting.AccessorShapedRecipe from bookshelf.common.mixins.json into net.minecraft.world.item.crafting.ShapedRecipe
[05Dec2025 00:58:58.329] [main/DEBUG] [mixin/]: Renaming @Invoker method bookshelf$keyFromJson(Lcom/google/gson/JsonObject;)Ljava/util/Map; to bookshelf$keyFromJson_$md$c04f64$0 in bookshelf.common.mixins.json:accessors.item.crafting.AccessorShapedRecipe
[05Dec2025 00:58:58.329] [main/DEBUG] [mixin/]: Renaming @Invoker method bookshelf$shrink([Ljava/lang/String;)[Ljava/lang/String; to bookshelf$shrink_$md$c04f64$1 in bookshelf.common.mixins.json:accessors.item.crafting.AccessorShapedRecipe
[05Dec2025 00:58:58.329] [main/DEBUG] [mixin/]: Renaming @Invoker method bookshelf$patternFromJson(Lcom/google/gson/JsonArray;)[Ljava/lang/String; to bookshelf$patternFromJson_$md$c04f64$2 in bookshelf.common.mixins.json:accessors.item.crafting.AccessorShapedRecipe
[05Dec2025 00:58:58.330] [main/DEBUG] [mixin/]: Renaming @Invoker method bookshelf$dissolvePattern([Ljava/lang/String;Ljava/util/Map;II)Lnet/minecraft/core/NonNullList; to bookshelf$dissolvePattern_$md$c04f64$3 in bookshelf.common.mixins.json:accessors.item.crafting.AccessorShapedRecipe
[05Dec2025 00:58:58.504] [main/DEBUG] [mixin/]: Mixing MixinApplyBonusCount from curios.mixins.json into net.minecraft.world.level.storage.loot.functions.ApplyBonusCount
[05Dec2025 00:58:58.556] [main/DEBUG] [mixin/]: Mixing accessors.util.random.AccessorWeightedRandomList from bookshelf.common.mixins.json into net.minecraft.util.random.WeightedRandomList
[05Dec2025 00:58:58.711] [main/DEBUG] [mixin/]: Mixing StructureSetMixin from bettervillage.mixins.json into net.minecraft.world.level.levelgen.structure.StructureSet
[05Dec2025 00:58:58.712] [main/DEBUG] [mixin/]: Renaming synthetic method lambda$onCreateStructureSet$1(Lnet/minecraft/world/level/levelgen/structure/StructureSet$StructureSelectionEntry;)Z to mdc04f64$lambda$onCreateStructureSet$1$0 in bettervillage.mixins.json:StructureSetMixin
[05Dec2025 00:58:58.712] [main/DEBUG] [mixin/]: Renaming synthetic method lambda$onCreateStructureSet$0(Lnet/minecraft/resources/ResourceKey;)Ljava/lang/Boolean; to mdc04f64$lambda$onCreateStructureSet$0$1 in bettervillage.mixins.json:StructureSetMixin
[05Dec2025 00:58:58.717] [main/DEBUG] [net.minecraftforge.coremod.transformer.CoreModBaseTransformer/COREMOD]: Transforming net/minecraft/world/level/levelgen/structure/Structure
[05Dec2025 00:58:58.753] [main/DEBUG] [net.minecraftforge.coremod.transformer.CoreModBaseTransformer/COREMOD]: Transforming net/minecraft/world/level/levelgen/structure/structures/OceanRuinPieces$OceanRuinPiece
[05Dec2025 00:58:58.767] [main/DEBUG] [net.minecraftforge.coremod.transformer.CoreModBaseTransformer/COREMOD]: Transforming net/minecraft/world/level/levelgen/structure/structures/SwampHutPiece
[05Dec2025 00:58:58.781] [main/DEBUG] [net.minecraftforge.coremod.transformer.CoreModBaseTransformer/COREMOD]: Transforming net/minecraft/world/level/levelgen/structure/structures/OceanMonumentPieces$OceanMonumentPiece
[05Dec2025 00:58:58.798] [main/DEBUG] [mixin/]: Mixing MixinEndCityPieces$EndCityPiece from lootr.mixins.json into net.minecraft.world.level.levelgen.structure.structures.EndCityPieces$EndCityPiece
[05Dec2025 00:58:58.804] [main/DEBUG] [net.minecraftforge.coremod.transformer.CoreModBaseTransformer/COREMOD]: Transforming net/minecraft/world/level/levelgen/structure/structures/WoodlandMansionPieces$WoodlandMansionPiece
[05Dec2025 00:58:58.831] [main/DEBUG] [mixin/]: Mixing StructureTemplatePoolAccessor from waystones.mixins.json into net.minecraft.world.level.levelgen.structure.pools.StructureTemplatePool
[05Dec2025 00:58:58.831] [main/DEBUG] [mixin/]: Mixing accessors.world.AccessorStructureTemplatePool from bookshelf.common.mixins.json into net.minecraft.world.level.levelgen.structure.pools.StructureTemplatePool
[05Dec2025 00:58:58.894] [main/DEBUG] [net.minecraftforge.coremod.transformer.CoreModBaseTransformer/COREMOD]: Transforming net/minecraft/world/level/biome/Biome
[05Dec2025 00:58:58.894] [main/DEBUG] [mixin/]: Mixing perf.remove_biome_temperature_cache.BiomeMixin from modernfix-common.mixins.json into net.minecraft.world.level.biome.Biome
[05Dec2025 00:58:58.895] [main/WARN] [mixin/]: Static binding violation: PRIVATE @Overwrite method m_47505_ in modernfix-common.mixins.json:perf.remove_biome_temperature_cache.BiomeMixin cannot reduce visibiliy of PUBLIC target method, visibility will be upgraded.
[05Dec2025 00:58:59.002] [main/DEBUG] [mixin/]: Mixing SinglePoolElementMixin from waystones.mixins.json into net.minecraft.world.level.levelgen.structure.pools.SinglePoolElement
[05Dec2025 00:58:59.003] [main/DEBUG] [mixin/]: Renaming synthetic method lambda$waystones$isWaystone$1(Lnet/minecraft/world/level/levelgen/structure/templatesystem/StructureTemplate;)V to mdc04f64$lambda$waystones$isWaystone$1$0 in waystones.mixins.json:SinglePoolElementMixin
[05Dec2025 00:58:59.003] [main/DEBUG] [mixin/]: Renaming synthetic method lambda$waystones$isWaystone$0(Lnet/minecraft/resources/ResourceLocation;)V to mdc04f64$lambda$waystones$isWaystone$0$1 in waystones.mixins.json:SinglePoolElementMixin
[05Dec2025 00:58:59.082] [main/DEBUG] [mixin/]: Mixing core.NetworkHooksMixin from modernfix-forge.mixins.json into net.minecraftforge.network.NetworkHooks
[05Dec2025 00:58:59.086] [main/DEBUG] [net.minecraftforge.network.NetworkHooks/]: Loading Network data for FML net version: FML3
[05Dec2025 00:58:59.106] [main/DEBUG] [net.minecraftforge.common.ForgeI18n/CORE]: Loading I18N data entries: 6434
[05Dec2025 00:58:59.119] [main/DEBUG] [net.minecraftforge.fml.ModWorkManager/LOADING]: Using 4 threads for parallel mod-loading
[05Dec2025 00:58:59.123] [main/DEBUG] [net.minecraftforge.fml.javafmlmod.FMLJavaModLanguageProvider/LOADING]: Loading FMLModContainer from classloader cpw.mods.modlauncher.TransformingClassLoader@40943a6 - got cpw.mods.cl.ModuleClassLoader@2822c6ff
[05Dec2025 00:58:59.125] [main/DEBUG] [net.minecraftforge.fml.javafmlmod.FMLModContainer/LOADING]: Creating FMLModContainer instance for se.mickelus.tetra.TetraMod
[05Dec2025 00:58:59.127] [main/DEBUG] [net.minecraftforge.fml.javafmlmod.FMLJavaModLanguageProvider/LOADING]: Loading FMLModContainer from classloader cpw.mods.modlauncher.TransformingClassLoader@40943a6 - got cpw.mods.cl.ModuleClassLoader@2822c6ff
[05Dec2025 00:58:59.128] [main/DEBUG] [net.minecraftforge.fml.javafmlmod.FMLModContainer/LOADING]: Creating FMLModContainer instance for cpw.mods.inventorysorter.InventorySorter
[05Dec2025 00:58:59.129] [main/DEBUG] [net.minecraftforge.fml.javafmlmod.FMLJavaModLanguageProvider/LOADING]: Loading FMLModContainer from classloader cpw.mods.modlauncher.TransformingClassLoader@40943a6 - got cpw.mods.cl.ModuleClassLoader@2822c6ff
[05Dec2025 00:58:59.129] [main/DEBUG] [net.minecraftforge.fml.javafmlmod.FMLModContainer/LOADING]: Creating FMLModContainer instance for net.blay09.mods.kuma.forge.ForgeKumaAPI
[05Dec2025 00:58:59.129] [main/DEBUG] [net.minecraftforge.fml.javafmlmod.FMLJavaModLanguageProvider/LOADING]: Loading FMLModContainer from classloader cpw.mods.modlauncher.TransformingClassLoader@40943a6 - got cpw.mods.cl.ModuleClassLoader@2822c6ff
[05Dec2025 00:58:59.129] [main/DEBUG] [net.minecraftforge.fml.javafmlmod.FMLModContainer/LOADING]: Creating FMLModContainer instance for io.github.bumblesoftware.fastload.init.Fastload
[05Dec2025 00:58:59.130] [main/DEBUG] [net.minecraftforge.fml.javafmlmod.FMLJavaModLanguageProvider/LOADING]: Loading FMLModContainer from classloader cpw.mods.modlauncher.TransformingClassLoader@40943a6 - got cpw.mods.cl.ModuleClassLoader@2822c6ff
[05Dec2025 00:58:59.130] [main/DEBUG] [net.minecraftforge.fml.javafmlmod.FMLModContainer/LOADING]: Creating FMLModContainer instance for net.blay09.mods.trashslot.ForgeTrashSlot
[05Dec2025 00:58:59.130] [main/DEBUG] [net.minecraftforge.fml.javafmlmod.FMLJavaModLanguageProvider/LOADING]: Loading FMLModContainer from classloader cpw.mods.modlauncher.TransformingClassLoader@40943a6 - got cpw.mods.cl.ModuleClassLoader@2822c6ff
[05Dec2025 00:58:59.130] [main/DEBUG] [net.minecraftforge.fml.javafmlmod.FMLModContainer/LOADING]: Creating FMLModContainer instance for net.blay09.mods.netherportalfix.ForgeNetherPortalFix
[05Dec2025 00:58:59.131] [main/DEBUG] [net.minecraftforge.fml.javafmlmod.FMLJavaModLanguageProvider/LOADING]: Loading FMLModContainer from classloader cpw.mods.modlauncher.TransformingClassLoader@40943a6 - got cpw.mods.cl.ModuleClassLoader@2822c6ff
[05Dec2025 00:58:59.131] [main/DEBUG] [net.minecraftforge.fml.javafmlmod.FMLModContainer/LOADING]: Creating FMLModContainer instance for software.bernie.example.GeckoLibMod
[05Dec2025 00:58:59.131] [main/DEBUG] [net.minecraftforge.fml.javafmlmod.FMLJavaModLanguageProvider/LOADING]: Loading FMLModContainer from classloader cpw.mods.modlauncher.TransformingClassLoader@40943a6 - got cpw.mods.cl.ModuleClassLoader@2822c6ff
[05Dec2025 00:58:59.131] [main/DEBUG] [net.minecraftforge.fml.javafmlmod.FMLModContainer/LOADING]: Creating FMLModContainer instance for com.communi.suggestu.scena.forge.Forge
[05Dec2025 00:58:59.132] [main/DEBUG] [net.minecraftforge.fml.javafmlmod.FMLJavaModLanguageProvider/LOADING]: Loading FMLModContainer from classloader cpw.mods.modlauncher.TransformingClassLoader@40943a6 - got cpw.mods.cl.ModuleClassLoader@2822c6ff
[05Dec2025 00:58:59.132] [main/DEBUG] [net.minecraftforge.fml.javafmlmod.FMLModContainer/LOADING]: Creating FMLModContainer instance for com.silverminer.shrines.Shrines
[05Dec2025 00:58:59.132] [main/DEBUG] [net.minecraftforge.fml.javafmlmod.FMLJavaModLanguageProvider/LOADING]: Loading FMLModContainer from classloader cpw.mods.modlauncher.TransformingClassLoader@40943a6 - got cpw.mods.cl.ModuleClassLoader@2822c6ff
[05Dec2025 00:58:59.132] [main/DEBUG] [net.minecraftforge.fml.javafmlmod.FMLModContainer/LOADING]: Creating FMLModContainer instance for dev.kosmx.playerAnim.forge.ForgeModInterface
[05Dec2025 00:58:59.132] [main/DEBUG] [net.minecraftforge.fml.javafmlmod.FMLJavaModLanguageProvider/LOADING]: Loading FMLModContainer from classloader cpw.mods.modlauncher.TransformingClassLoader@40943a6 - got cpw.mods.cl.ModuleClassLoader@2822c6ff
[05Dec2025 00:58:59.133] [main/DEBUG] [net.minecraftforge.fml.javafmlmod.FMLModContainer/LOADING]: Creating FMLModContainer instance for mezz.jei.forge.JustEnoughItems
[05Dec2025 00:58:59.133] [main/DEBUG] [net.minecraftforge.fml.javafmlmod.FMLJavaModLanguageProvider/LOADING]: Loading FMLModContainer from classloader cpw.mods.modlauncher.TransformingClassLoader@40943a6 - got cpw.mods.cl.ModuleClassLoader@2822c6ff
[05Dec2025 00:58:59.134] [main/DEBUG] [net.minecraftforge.fml.javafmlmod.FMLModContainer/LOADING]: Creating FMLModContainer instance for net.darkhax.attributefix.AttributeFixForge
[05Dec2025 00:58:59.134] [main/DEBUG] [net.minecraftforge.fml.javafmlmod.FMLJavaModLanguageProvider/LOADING]: Loading FMLModContainer from classloader cpw.mods.modlauncher.TransformingClassLoader@40943a6 - got cpw.mods.cl.ModuleClassLoader@2822c6ff
[05Dec2025 00:58:59.134] [main/DEBUG] [net.minecraftforge.fml.javafmlmod.FMLModContainer/LOADING]: Creating FMLModContainer instance for mcjty.incontrol.InControl
[05Dec2025 00:58:59.134] [main/DEBUG] [net.minecraftforge.fml.javafmlmod.FMLJavaModLanguageProvider/LOADING]: Loading FMLModContainer from classloader cpw.mods.modlauncher.TransformingClassLoader@40943a6 - got cpw.mods.cl.ModuleClassLoader@2822c6ff
[05Dec2025 00:58:59.135] [main/DEBUG] [net.minecraftforge.fml.javafmlmod.FMLModContainer/LOADING]: Creating FMLModContainer instance for com.jtorleonstudios.libraryferret.LibraryFerret
[05Dec2025 00:58:59.135] [main/DEBUG] [net.minecraftforge.fml.javafmlmod.FMLJavaModLanguageProvider/LOADING]: Loading FMLModContainer from classloader cpw.mods.modlauncher.TransformingClassLoader@40943a6 - got cpw.mods.cl.ModuleClassLoader@2822c6ff
[05Dec2025 00:58:59.135] [main/DEBUG] [net.minecraftforge.fml.javafmlmod.FMLModContainer/LOADING]: Creating FMLModContainer instance for de.maxhenkel.reap.Main
[05Dec2025 00:58:59.136] [main/DEBUG] [net.minecraftforge.fml.javafmlmod.FMLJavaModLanguageProvider/LOADING]: Loading FMLModContainer from classloader cpw.mods.modlauncher.TransformingClassLoader@40943a6 - got cpw.mods.cl.ModuleClassLoader@2822c6ff
[05Dec2025 00:58:59.136] [main/DEBUG] [net.minecraftforge.fml.javafmlmod.FMLModContainer/LOADING]: Creating FMLModContainer instance for net.blay09.mods.waystones.ForgeWaystones
[05Dec2025 00:58:59.137] [main/DEBUG] [net.minecraftforge.fml.javafmlmod.FMLJavaModLanguageProvider/LOADING]: Loading FMLModContainer from classloader cpw.mods.modlauncher.TransformingClassLoader@40943a6 - got cpw.mods.cl.ModuleClassLoader@2822c6ff
[05Dec2025 00:58:59.137] [main/DEBUG] [net.minecraftforge.fml.javafmlmod.FMLModContainer/LOADING]: Creating FMLModContainer instance for com.blamejared.clumps.Clumps
[05Dec2025 00:58:59.137] [main/DEBUG] [net.minecraftforge.fml.javafmlmod.FMLJavaModLanguageProvider/LOADING]: Loading FMLModContainer from classloader cpw.mods.modlauncher.TransformingClassLoader@40943a6 - got cpw.mods.cl.ModuleClassLoader@2822c6ff
[05Dec2025 00:58:59.137] [main/DEBUG] [net.minecraftforge.fml.javafmlmod.FMLModContainer/LOADING]: Creating FMLModContainer instance for xaero.map.WorldMapForge
[05Dec2025 00:58:59.138] [main/DEBUG] [net.minecraftforge.fml.javafmlmod.FMLJavaModLanguageProvider/LOADING]: Loading FMLModContainer from classloader cpw.mods.modlauncher.TransformingClassLoader@40943a6 - got cpw.mods.cl.ModuleClassLoader@2822c6ff
[05Dec2025 00:58:59.138] [main/DEBUG] [net.minecraftforge.fml.javafmlmod.FMLModContainer/LOADING]: Creating FMLModContainer instance for com.anthonyhilyard.prism.Prism
[05Dec2025 00:58:59.139] [main/DEBUG] [net.minecraftforge.fml.javafmlmod.FMLJavaModLanguageProvider/LOADING]: Loading FMLModContainer from classloader cpw.mods.modlauncher.TransformingClassLoader@40943a6 - got cpw.mods.cl.ModuleClassLoader@2822c6ff
[05Dec2025 00:58:59.139] [main/DEBUG] [net.minecraftforge.fml.javafmlmod.FMLModContainer/LOADING]: Creating FMLModContainer instance for dev.shadowsoffire.placebo.Placebo
[05Dec2025 00:58:59.139] [main/DEBUG] [net.minecraftforge.fml.javafmlmod.FMLJavaModLanguageProvider/LOADING]: Loading FMLModContainer from classloader cpw.mods.modlauncher.TransformingClassLoader@40943a6 - got cpw.mods.cl.ModuleClassLoader@2822c6ff
[05Dec2025 00:58:59.139] [main/DEBUG] [net.minecraftforge.fml.javafmlmod.FMLModContainer/LOADING]: Creating FMLModContainer instance for org.embeddedt.modernfix.forge.init.ModernFixForge
[05Dec2025 00:58:59.140] [main/DEBUG] [net.minecraftforge.fml.javafmlmod.FMLJavaModLanguageProvider/LOADING]: Loading FMLModContainer from classloader cpw.mods.modlauncher.TransformingClassLoader@40943a6 - got cpw.mods.cl.ModuleClassLoader@2822c6ff
[05Dec2025 00:58:59.140] [main/DEBUG] [net.minecraftforge.fml.javafmlmod.FMLModContainer/LOADING]: Creating FMLModContainer instance for com.tiviacz.travelersbackpack.TravelersBackpack
[05Dec2025 00:58:59.141] [main/DEBUG] [net.minecraftforge.fml.javafmlmod.FMLJavaModLanguageProvider/LOADING]: Loading FMLModContainer from classloader cpw.mods.modlauncher.TransformingClassLoader@40943a6 - got cpw.mods.cl.ModuleClassLoader@2822c6ff
[05Dec2025 00:58:59.141] [main/DEBUG] [net.minecraftforge.fml.javafmlmod.FMLModContainer/LOADING]: Creating FMLModContainer instance for com.chaosthedude.naturescompass.NaturesCompass
[05Dec2025 00:58:59.142] [main/DEBUG] [net.minecraftforge.fml.javafmlmod.FMLJavaModLanguageProvider/LOADING]: Loading FMLModContainer from classloader cpw.mods.modlauncher.TransformingClassLoader@40943a6 - got cpw.mods.cl.ModuleClassLoader@2822c6ff
[05Dec2025 00:58:59.142] [main/DEBUG] [net.minecraftforge.fml.javafmlmod.FMLModContainer/LOADING]: Creating FMLModContainer instance for com.mrcrayfish.configured.Configured
[05Dec2025 00:58:59.143] [main/DEBUG] [net.minecraftforge.fml.javafmlmod.FMLJavaModLanguageProvider/LOADING]: Loading FMLModContainer from classloader cpw.mods.modlauncher.TransformingClassLoader@40943a6 - got cpw.mods.cl.ModuleClassLoader@2822c6ff
[05Dec2025 00:58:59.143] [main/DEBUG] [net.minecraftforge.fml.javafmlmod.FMLModContainer/LOADING]: Creating FMLModContainer instance for dev.shadowsoffire.gateways.Gateways
[05Dec2025 00:58:59.143] [main/DEBUG] [net.minecraftforge.fml.javafmlmod.FMLJavaModLanguageProvider/LOADING]: Loading FMLModContainer from classloader cpw.mods.modlauncher.TransformingClassLoader@40943a6 - got cpw.mods.cl.ModuleClassLoader@2822c6ff
[05Dec2025 00:58:59.143] [main/DEBUG] [net.minecraftforge.fml.javafmlmod.FMLModContainer/LOADING]: Creating FMLModContainer instance for net.darkhax.maxhealthfix.MaxHealthFixForge
[05Dec2025 00:58:59.144] [main/DEBUG] [net.minecraftforge.fml.javafmlmod.FMLJavaModLanguageProvider/LOADING]: Loading FMLModContainer from classloader cpw.mods.modlauncher.TransformingClassLoader@40943a6 - got cpw.mods.cl.ModuleClassLoader@2822c6ff
[05Dec2025 00:58:59.144] [main/DEBUG] [net.minecraftforge.fml.javafmlmod.FMLModContainer/LOADING]: Creating FMLModContainer instance for com.llamalad7.mixinextras.platform.forge.MixinExtrasMod
[05Dec2025 00:58:59.144] [main/DEBUG] [net.minecraftforge.fml.javafmlmod.FMLJavaModLanguageProvider/LOADING]: Loading FMLModContainer from classloader cpw.mods.modlauncher.TransformingClassLoader@40943a6 - got cpw.mods.cl.ModuleClassLoader@2822c6ff
[05Dec2025 00:58:59.144] [main/DEBUG] [net.minecraftforge.fml.javafmlmod.FMLModContainer/LOADING]: Creating FMLModContainer instance for net.darkhax.bookshelf.BookshelfForge
[05Dec2025 00:58:59.145] [main/DEBUG] [net.minecraftforge.fml.javafmlmod.FMLJavaModLanguageProvider/LOADING]: Loading FMLModContainer from classloader cpw.mods.modlauncher.TransformingClassLoader@40943a6 - got cpw.mods.cl.ModuleClassLoader@2822c6ff
[05Dec2025 00:58:59.145] [main/DEBUG] [net.minecraftforge.fml.javafmlmod.FMLModContainer/LOADING]: Creating FMLModContainer instance for net.blay09.mods.balm.forge.ForgeBalm
[05Dec2025 00:58:59.145] [main/DEBUG] [net.minecraftforge.fml.javafmlmod.FMLJavaModLanguageProvider/LOADING]: Loading FMLModContainer from classloader cpw.mods.modlauncher.TransformingClassLoader@40943a6 - got cpw.mods.cl.ModuleClassLoader@2822c6ff
[05Dec2025 00:58:59.145] [main/DEBUG] [net.minecraftforge.fml.javafmlmod.FMLModContainer/LOADING]: Creating FMLModContainer instance for tschipp.carryon.CarryOnForge
[05Dec2025 00:58:59.146] [main/DEBUG] [net.minecraftforge.fml.javafmlmod.FMLJavaModLanguageProvider/LOADING]: Loading FMLModContainer from classloader cpw.mods.modlauncher.TransformingClassLoader@40943a6 - got cpw.mods.cl.ModuleClassLoader@2822c6ff
[05Dec2025 00:58:59.146] [main/DEBUG] [net.minecraftforge.fml.javafmlmod.FMLModContainer/LOADING]: Creating FMLModContainer instance for toni.sodiumoptionsapi.SodiumOptionsAPI
[05Dec2025 00:58:59.146] [main/DEBUG] [net.minecraftforge.fml.javafmlmod.FMLJavaModLanguageProvider/LOADING]: Loading FMLModContainer from classloader cpw.mods.modlauncher.TransformingClassLoader@40943a6 - got cpw.mods.cl.ModuleClassLoader@2822c6ff
[05Dec2025 00:58:59.146] [main/DEBUG] [net.minecraftforge.fml.javafmlmod.FMLModContainer/LOADING]: Creating FMLModContainer instance for jeresources.JEResources
[05Dec2025 00:58:59.147] [main/DEBUG] [net.minecraftforge.fml.javafmlmod.FMLJavaModLanguageProvider/LOADING]: Loading FMLModContainer from classloader cpw.mods.modlauncher.TransformingClassLoader@40943a6 - got cpw.mods.cl.ModuleClassLoader@2822c6ff
[05Dec2025 00:58:59.147] [main/DEBUG] [net.minecraftforge.fml.javafmlmod.FMLModContainer/LOADING]: Creating FMLModContainer instance for me.shedaniel.clothconfig.ClothConfigForge
[05Dec2025 00:58:59.147] [main/DEBUG] [net.minecraftforge.fml.javafmlmod.FMLJavaModLanguageProvider/LOADING]: Loading FMLModContainer from classloader cpw.mods.modlauncher.TransformingClassLoader@40943a6 - got cpw.mods.cl.ModuleClassLoader@2822c6ff
[05Dec2025 00:58:59.147] [main/DEBUG] [net.minecraftforge.fml.javafmlmod.FMLModContainer/LOADING]: Creating FMLModContainer instance for net.minecraftforge.common.ForgeMod
[05Dec2025 00:58:59.149] [main/DEBUG] [net.minecraftforge.fml.javafmlmod.FMLJavaModLanguageProvider/LOADING]: Loading FMLModContainer from classloader cpw.mods.modlauncher.TransformingClassLoader@40943a6 - got cpw.mods.cl.ModuleClassLoader@2822c6ff
[05Dec2025 00:58:59.150] [main/DEBUG] [net.minecraftforge.fml.javafmlmod.FMLModContainer/LOADING]: Creating FMLModContainer instance for net.mehvahdjukaar.dummmmmmy.forge.DummmmmmyForge
[05Dec2025 00:58:59.150] [main/DEBUG] [net.minecraftforge.fml.javafmlmod.FMLJavaModLanguageProvider/LOADING]: Loading FMLModContainer from classloader cpw.mods.modlauncher.TransformingClassLoader@40943a6 - got cpw.mods.cl.ModuleClassLoader@2822c6ff
[05Dec2025 00:58:59.150] [main/DEBUG] [net.minecraftforge.fml.javafmlmod.FMLModContainer/LOADING]: Creating FMLModContainer instance for toni.sodiumdynamiclights.SodiumDynamicLights
[05Dec2025 00:58:59.151] [main/DEBUG] [net.minecraftforge.fml.javafmlmod.FMLJavaModLanguageProvider/LOADING]: Loading FMLModContainer from classloader cpw.mods.modlauncher.TransformingClassLoader@40943a6 - got cpw.mods.cl.ModuleClassLoader@2822c6ff
[05Dec2025 00:58:59.151] [main/DEBUG] [net.minecraftforge.fml.javafmlmod.FMLModContainer/LOADING]: Creating FMLModContainer instance for com.progwml6.ironchest.IronChests
[05Dec2025 00:58:59.152] [main/DEBUG] [net.minecraftforge.fml.javafmlmod.FMLJavaModLanguageProvider/LOADING]: Loading FMLModContainer from classloader cpw.mods.modlauncher.TransformingClassLoader@40943a6 - got cpw.mods.cl.ModuleClassLoader@2822c6ff
[05Dec2025 00:58:59.152] [main/DEBUG] [net.minecraftforge.fml.javafmlmod.FMLModContainer/LOADING]: Creating FMLModContainer instance for com.anthonyhilyard.advancementplaques.Loader
[05Dec2025 00:58:59.152] [main/DEBUG] [net.minecraftforge.fml.javafmlmod.FMLJavaModLanguageProvider/LOADING]: Loading FMLModContainer from classloader cpw.mods.modlauncher.TransformingClassLoader@40943a6 - got cpw.mods.cl.ModuleClassLoader@2822c6ff
[05Dec2025 00:58:59.153] [main/DEBUG] [net.minecraftforge.fml.javafmlmod.FMLModContainer/LOADING]: Creating FMLModContainer instance for net.blay09.mods.craftingtweaks.ForgeCraftingTweaks
[05Dec2025 00:58:59.153] [main/DEBUG] [net.minecraftforge.fml.javafmlmod.FMLJavaModLanguageProvider/LOADING]: Loading FMLModContainer from classloader cpw.mods.modlauncher.TransformingClassLoader@40943a6 - got cpw.mods.cl.ModuleClassLoader@2822c6ff
[05Dec2025 00:58:59.153] [main/DEBUG] [net.minecraftforge.fml.javafmlmod.FMLModContainer/LOADING]: Creating FMLModContainer instance for fr.shoqapik.w2w2.W2w2Mod
[05Dec2025 00:58:59.154] [main/DEBUG] [net.minecraftforge.fml.javafmlmod.FMLJavaModLanguageProvider/LOADING]: Loading FMLModContainer from classloader cpw.mods.modlauncher.TransformingClassLoader@40943a6 - got cpw.mods.cl.ModuleClassLoader@2822c6ff
[05Dec2025 00:58:59.154] [main/DEBUG] [net.minecraftforge.fml.javafmlmod.FMLModContainer/LOADING]: Creating FMLModContainer instance for net.mehvahdjukaar.moonlight.forge.MoonlightForge
[05Dec2025 00:58:59.155] [main/DEBUG] [net.minecraftforge.fml.javafmlmod.FMLJavaModLanguageProvider/LOADING]: Loading FMLModContainer from classloader cpw.mods.modlauncher.TransformingClassLoader@40943a6 - got cpw.mods.cl.ModuleClassLoader@2822c6ff
[05Dec2025 00:58:59.155] [main/DEBUG] [net.minecraftforge.fml.javafmlmod.FMLModContainer/LOADING]: Creating FMLModContainer instance for net.fabricmc.fabric.impl.base.event.FabricApiBaseMod
[05Dec2025 00:58:59.155] [main/DEBUG] [net.minecraftforge.fml.javafmlmod.FMLJavaModLanguageProvider/LOADING]: Loading FMLModContainer from classloader cpw.mods.modlauncher.TransformingClassLoader@40943a6 - got cpw.mods.cl.ModuleClassLoader@2822c6ff
[05Dec2025 00:58:59.155] [main/DEBUG] [net.minecraftforge.fml.javafmlmod.FMLModContainer/LOADING]: Creating FMLModContainer instance for snownee.jade.util.CommonProxy
[05Dec2025 00:58:59.157] [main/DEBUG] [net.minecraftforge.fml.javafmlmod.FMLJavaModLanguageProvider/LOADING]: Loading FMLModContainer from classloader cpw.mods.modlauncher.TransformingClassLoader@40943a6 - got cpw.mods.cl.ModuleClassLoader@2822c6ff
[05Dec2025 00:58:59.157] [main/DEBUG] [net.minecraftforge.fml.javafmlmod.FMLModContainer/LOADING]: Creating FMLModContainer instance for ironfurnaces.IronFurnaces
[05Dec2025 00:58:59.157] [main/DEBUG] [net.minecraftforge.fml.javafmlmod.FMLJavaModLanguageProvider/LOADING]: Loading FMLModContainer from classloader cpw.mods.modlauncher.TransformingClassLoader@40943a6 - got cpw.mods.cl.ModuleClassLoader@2822c6ff
[05Dec2025 00:58:59.157] [main/DEBUG] [net.minecraftforge.fml.javafmlmod.FMLModContainer/LOADING]: Creating FMLModContainer instance for team.creative.creativecore.CreativeCore
[05Dec2025 00:58:59.158] [main/DEBUG] [net.minecraftforge.fml.javafmlmod.FMLJavaModLanguageProvider/LOADING]: Loading FMLModContainer from classloader cpw.mods.modlauncher.TransformingClassLoader@40943a6 - got cpw.mods.cl.ModuleClassLoader@2822c6ff
[05Dec2025 00:58:59.158] [main/DEBUG] [net.minecraftforge.fml.javafmlmod.FMLModContainer/LOADING]: Creating FMLModContainer instance for com.ldtteam.cleanswing.CleanSwing
[05Dec2025 00:58:59.158] [main/DEBUG] [net.minecraftforge.fml.javafmlmod.FMLJavaModLanguageProvider/LOADING]: Loading FMLModContainer from classloader cpw.mods.modlauncher.TransformingClassLoader@40943a6 - got cpw.mods.cl.ModuleClassLoader@2822c6ff
[05Dec2025 00:58:59.158] [main/DEBUG] [net.minecraftforge.fml.javafmlmod.FMLModContainer/LOADING]: Creating FMLModContainer instance for com.illusivesoulworks.spectrelib.SpectreForgeMod
[05Dec2025 00:58:59.159] [main/DEBUG] [net.minecraftforge.fml.javafmlmod.FMLJavaModLanguageProvider/LOADING]: Loading FMLModContainer from classloader cpw.mods.modlauncher.TransformingClassLoader@40943a6 - got cpw.mods.cl.ModuleClassLoader@2822c6ff
[05Dec2025 00:58:59.159] [main/DEBUG] [net.minecraftforge.fml.javafmlmod.FMLModContainer/LOADING]: Creating FMLModContainer instance for com.abdelaziz.smoothboot.SmoothBoot
[05Dec2025 00:58:59.159] [main/DEBUG] [net.minecraftforge.fml.javafmlmod.FMLJavaModLanguageProvider/LOADING]: Loading FMLModContainer from classloader cpw.mods.modlauncher.TransformingClassLoader@40943a6 - got cpw.mods.cl.ModuleClassLoader@2822c6ff
[05Dec2025 00:58:59.159] [main/DEBUG] [net.minecraftforge.fml.javafmlmod.FMLModContainer/LOADING]: Creating FMLModContainer instance for com.anthonyhilyard.highlighter.Loader
[05Dec2025 00:58:59.160] [main/DEBUG] [net.minecraftforge.fml.javafmlmod.FMLJavaModLanguageProvider/LOADING]: Loading FMLModContainer from classloader cpw.mods.modlauncher.TransformingClassLoader@40943a6 - got cpw.mods.cl.ModuleClassLoader@2822c6ff
[05Dec2025 00:58:59.160] [main/DEBUG] [net.minecraftforge.fml.javafmlmod.FMLModContainer/LOADING]: Creating FMLModContainer instance for com.snowshock35.jeiintegration.JEIIntegration
[05Dec2025 00:58:59.160] [main/DEBUG] [net.minecraftforge.fml.javafmlmod.FMLJavaModLanguageProvider/LOADING]: Loading FMLModContainer from classloader cpw.mods.modlauncher.TransformingClassLoader@40943a6 - got cpw.mods.cl.ModuleClassLoader@2822c6ff
[05Dec2025 00:58:59.160] [main/DEBUG] [net.minecraftforge.fml.javafmlmod.FMLModContainer/LOADING]: Creating FMLModContainer instance for com.anthonyhilyard.iceberg.Loader
[05Dec2025 00:58:59.160] [main/DEBUG] [net.minecraftforge.fml.javafmlmod.FMLJavaModLanguageProvider/LOADING]: Loading FMLModContainer from classloader cpw.mods.modlauncher.TransformingClassLoader@40943a6 - got cpw.mods.cl.ModuleClassLoader@2822c6ff
[05Dec2025 00:58:59.161] [main/DEBUG] [net.minecraftforge.fml.javafmlmod.FMLModContainer/LOADING]: Creating FMLModContainer instance for top.theillusivec4.curios.Curios
[05Dec2025 00:58:59.161] [main/DEBUG] [net.minecraftforge.fml.javafmlmod.FMLJavaModLanguageProvider/LOADING]: Loading FMLModContainer from classloader cpw.mods.modlauncher.TransformingClassLoader@40943a6 - got cpw.mods.cl.ModuleClassLoader@2822c6ff
[05Dec2025 00:58:59.161] [main/DEBUG] [net.minecraftforge.fml.javafmlmod.FMLModContainer/LOADING]: Creating FMLModContainer instance for se.mickelus.mutil.MUtilMod
[05Dec2025 00:58:59.162] [main/DEBUG] [net.minecraftforge.fml.javafmlmod.FMLJavaModLanguageProvider/LOADING]: Loading FMLModContainer from classloader cpw.mods.modlauncher.TransformingClassLoader@40943a6 - got cpw.mods.cl.ModuleClassLoader@2822c6ff
[05Dec2025 00:58:59.162] [main/DEBUG] [net.minecraftforge.fml.javafmlmod.FMLModContainer/LOADING]: Creating FMLModContainer instance for xaero.minimap.XaeroMinimapForge
[05Dec2025 00:58:59.163] [main/DEBUG] [net.minecraftforge.fml.javafmlmod.FMLJavaModLanguageProvider/LOADING]: Loading FMLModContainer from classloader cpw.mods.modlauncher.TransformingClassLoader@40943a6 - got cpw.mods.cl.ModuleClassLoader@2822c6ff
[05Dec2025 00:58:59.164] [main/DEBUG] [net.minecraftforge.fml.javafmlmod.FMLModContainer/LOADING]: Creating FMLModContainer instance for de.maxhenkel.gravestone.Main
[05Dec2025 00:58:59.164] [main/DEBUG] [net.minecraftforge.fml.javafmlmod.FMLJavaModLanguageProvider/LOADING]: Loading FMLModContainer from classloader cpw.mods.modlauncher.TransformingClassLoader@40943a6 - got cpw.mods.cl.ModuleClassLoader@2822c6ff
[05Dec2025 00:58:59.164] [main/DEBUG] [net.minecraftforge.fml.javafmlmod.FMLModContainer/LOADING]: Creating FMLModContainer instance for dev.shadowsoffire.fastbench.FastBench
[05Dec2025 00:58:59.165] [main/DEBUG] [net.minecraftforge.fml.javafmlmod.FMLJavaModLanguageProvider/LOADING]: Loading FMLModContainer from classloader cpw.mods.modlauncher.TransformingClassLoader@40943a6 - got cpw.mods.cl.ModuleClassLoader@2822c6ff
[05Dec2025 00:58:59.165] [main/DEBUG] [net.minecraftforge.fml.javafmlmod.FMLModContainer/LOADING]: Creating FMLModContainer instance for com.blamejared.searchables.SearchablesForge
[05Dec2025 00:58:59.165] [main/DEBUG] [net.minecraftforge.fml.javafmlmod.FMLJavaModLanguageProvider/LOADING]: Loading FMLModContainer from classloader cpw.mods.modlauncher.TransformingClassLoader@40943a6 - got cpw.mods.cl.ModuleClassLoader@2822c6ff
[05Dec2025 00:58:59.165] [main/DEBUG] [net.minecraftforge.fml.javafmlmod.FMLModContainer/LOADING]: Creating FMLModContainer instance for com.illusivesoulworks.polymorph.PolymorphForgeMod
[05Dec2025 00:58:59.166] [main/DEBUG] [net.minecraftforge.fml.javafmlmod.FMLJavaModLanguageProvider/LOADING]: Loading FMLModContainer from classloader cpw.mods.modlauncher.TransformingClassLoader@40943a6 - got cpw.mods.cl.ModuleClassLoader@2822c6ff
[05Dec2025 00:58:59.166] [main/DEBUG] [net.minecraftforge.fml.javafmlmod.FMLModContainer/LOADING]: Creating FMLModContainer instance for bl4ckscor3.mod.sit.Sit
[05Dec2025 00:58:59.166] [main/DEBUG] [net.minecraftforge.fml.javafmlmod.FMLJavaModLanguageProvider/LOADING]: Loading FMLModContainer from classloader cpw.mods.modlauncher.TransformingClassLoader@40943a6 - got cpw.mods.cl.ModuleClassLoader@2822c6ff
[05Dec2025 00:58:59.166] [main/DEBUG] [net.minecraftforge.fml.javafmlmod.FMLModContainer/LOADING]: Creating FMLModContainer instance for com.alrex.parcool.ParCool
[05Dec2025 00:58:59.167] [main/DEBUG] [net.minecraftforge.fml.javafmlmod.FMLJavaModLanguageProvider/LOADING]: Loading FMLModContainer from classloader cpw.mods.modlauncher.TransformingClassLoader@40943a6 - got cpw.mods.cl.ModuleClassLoader@2822c6ff
[05Dec2025 00:58:59.167] [main/DEBUG] [net.minecraftforge.fml.javafmlmod.FMLModContainer/LOADING]: Creating FMLModContainer instance for dev.shadowsoffire.attributeslib.AttributesLib
[05Dec2025 00:58:59.168] [main/DEBUG] [net.minecraftforge.fml.javafmlmod.FMLJavaModLanguageProvider/LOADING]: Loading FMLModContainer from classloader cpw.mods.modlauncher.TransformingClassLoader@40943a6 - got cpw.mods.cl.ModuleClassLoader@2822c6ff
[05Dec2025 00:58:59.168] [main/DEBUG] [net.minecraftforge.fml.javafmlmod.FMLModContainer/LOADING]: Creating FMLModContainer instance for com.jtorleonstudios.bettervillage.Main
[05Dec2025 00:58:59.168] [main/DEBUG] [net.minecraftforge.fml.javafmlmod.FMLJavaModLanguageProvider/LOADING]: Loading FMLModContainer from classloader cpw.mods.modlauncher.TransformingClassLoader@40943a6 - got cpw.mods.cl.ModuleClassLoader@2822c6ff
[05Dec2025 00:58:59.168] [main/DEBUG] [net.minecraftforge.fml.javafmlmod.FMLModContainer/LOADING]: Creating FMLModContainer instance for mcjty.lostcities.LostCities
[05Dec2025 00:58:59.169] [main/DEBUG] [net.minecraftforge.fml.javafmlmod.FMLJavaModLanguageProvider/LOADING]: Loading FMLModContainer from classloader cpw.mods.modlauncher.TransformingClassLoader@40943a6 - got cpw.mods.cl.ModuleClassLoader@2822c6ff
[05Dec2025 00:58:59.169] [main/DEBUG] [net.minecraftforge.fml.javafmlmod.FMLModContainer/LOADING]: Creating FMLModContainer instance for net.mcreator.jujutsucraft.JujutsucraftMod
[05Dec2025 00:58:59.170] [main/DEBUG] [net.minecraftforge.fml.javafmlmod.FMLJavaModLanguageProvider/LOADING]: Loading FMLModContainer from classloader cpw.mods.modlauncher.TransformingClassLoader@40943a6 - got cpw.mods.cl.ModuleClassLoader@2822c6ff
[05Dec2025 00:58:59.170] [main/DEBUG] [net.minecraftforge.fml.javafmlmod.FMLModContainer/LOADING]: Creating FMLModContainer instance for dev.shadowsoffire.fastfurnace.FastFurnace
[05Dec2025 00:58:59.170] [main/DEBUG] [net.minecraftforge.fml.javafmlmod.FMLJavaModLanguageProvider/LOADING]: Loading FMLModContainer from classloader cpw.mods.modlauncher.TransformingClassLoader@40943a6 - got cpw.mods.cl.ModuleClassLoader@2822c6ff
[05Dec2025 00:58:59.170] [main/DEBUG] [net.minecraftforge.fml.javafmlmod.FMLModContainer/LOADING]: Creating FMLModContainer instance for dev.architectury.forge.ArchitecturyForge
[05Dec2025 00:58:59.170] [main/DEBUG] [net.minecraftforge.fml.javafmlmod.FMLJavaModLanguageProvider/LOADING]: Loading FMLModContainer from classloader cpw.mods.modlauncher.TransformingClassLoader@40943a6 - got cpw.mods.cl.ModuleClassLoader@2822c6ff
[05Dec2025 00:58:59.171] [main/DEBUG] [net.minecraftforge.fml.javafmlmod.FMLModContainer/LOADING]: Creating FMLModContainer instance for noobanidus.mods.lootr.Lootr
[05Dec2025 00:58:59.171] [main/DEBUG] [net.minecraftforge.fml.javafmlmod.FMLJavaModLanguageProvider/LOADING]: Loading FMLModContainer from classloader cpw.mods.modlauncher.TransformingClassLoader@40943a6 - got cpw.mods.cl.ModuleClassLoader@2822c6ff
[05Dec2025 00:58:59.171] [main/DEBUG] [net.minecraftforge.fml.javafmlmod.FMLModContainer/LOADING]: Creating FMLModContainer instance for malte0811.ferritecore.ModMainForge
[05Dec2025 00:58:59.172] [main/DEBUG] [net.minecraftforge.fml.javafmlmod.FMLJavaModLanguageProvider/LOADING]: Loading FMLModContainer from classloader cpw.mods.modlauncher.TransformingClassLoader@40943a6 - got cpw.mods.cl.ModuleClassLoader@2822c6ff
[05Dec2025 00:58:59.172] [main/DEBUG] [net.minecraftforge.fml.javafmlmod.FMLModContainer/LOADING]: Creating FMLModContainer instance for com.builtbroken.ai.improvements.AIImprovements
[05Dec2025 00:58:59.172] [main/DEBUG] [net.minecraftforge.fml.javafmlmod.FMLJavaModLanguageProvider/LOADING]: Loading FMLModContainer from classloader cpw.mods.modlauncher.TransformingClassLoader@40943a6 - got cpw.mods.cl.ModuleClassLoader@2822c6ff
[05Dec2025 00:58:59.172] [main/DEBUG] [net.minecraftforge.fml.javafmlmod.FMLModContainer/LOADING]: Creating FMLModContainer instance for com.mrcrayfish.framework.FrameworkForge
[05Dec2025 00:58:59.173] [main/DEBUG] [net.minecraftforge.fml.javafmlmod.FMLJavaModLanguageProvider/LOADING]: Loading FMLModContainer from classloader cpw.mods.modlauncher.TransformingClassLoader@40943a6 - got cpw.mods.cl.ModuleClassLoader@2822c6ff
[05Dec2025 00:58:59.173] [main/DEBUG] [net.minecraftforge.fml.javafmlmod.FMLModContainer/LOADING]: Creating FMLModContainer instance for net.olafski.fastleafdecay.FastLeafDecay
[05Dec2025 00:58:59.173] [main/DEBUG] [net.minecraftforge.fml.javafmlmod.FMLJavaModLanguageProvider/LOADING]: Loading FMLModContainer from classloader cpw.mods.modlauncher.TransformingClassLoader@40943a6 - got cpw.mods.cl.ModuleClassLoader@2822c6ff
[05Dec2025 00:58:59.173] [main/DEBUG] [net.minecraftforge.fml.javafmlmod.FMLModContainer/LOADING]: Creating FMLModContainer instance for lain.mods.cos.init.forge.ForgeCosmeticArmorReworked
[05Dec2025 00:58:59.174] [main/DEBUG] [net.minecraftforge.fml.javafmlmod.FMLJavaModLanguageProvider/LOADING]: Loading FMLModContainer from classloader cpw.mods.modlauncher.TransformingClassLoader@40943a6 - got cpw.mods.cl.ModuleClassLoader@2822c6ff
[05Dec2025 00:58:59.174] [main/DEBUG] [net.minecraftforge.fml.javafmlmod.FMLModContainer/LOADING]: Creating FMLModContainer instance for mod.chiselsandbits.forge.Forge
[05Dec2025 00:58:59.175] [main/DEBUG] [net.minecraftforge.fml.javafmlmod.FMLJavaModLanguageProvider/LOADING]: Loading FMLModContainer from classloader cpw.mods.modlauncher.TransformingClassLoader@40943a6 - got cpw.mods.cl.ModuleClassLoader@2822c6ff
[05Dec2025 00:58:59.175] [main/DEBUG] [net.minecraftforge.fml.javafmlmod.FMLModContainer/LOADING]: Creating FMLModContainer instance for bl4ckscor3.mod.xptome.XPTome
[05Dec2025 00:58:59.268] [modloading-worker-0/DEBUG] [mixin/]: Mixing perf.forge_registry_lambda.RegistryObjectMixin from modernfix-forge.mixins.json into net.minecraftforge.registries.RegistryObject
[05Dec2025 00:58:59.270] [modloading-worker-0/DEBUG] [net.minecraftforge.fml.javafmlmod.AutomaticEventSubscriber/LOADING]: Attempting to inject @EventBusSubscriber classes into the eventbus for kuma_api
[05Dec2025 00:58:59.277] [modloading-worker-0/DEBUG] [net.minecraftforge.fml.javafmlmod.AutomaticEventSubscriber/LOADING]: Attempting to inject @EventBusSubscriber classes into the eventbus for fastload
[05Dec2025 00:58:59.310] [modloading-worker-0/DEBUG] [net.minecraftforge.fml.config.ConfigTracker/CONFIG]: Config file inventorysorter-client.toml for inventorysorter tracking
[05Dec2025 00:58:59.316] [modloading-worker-0/DEBUG] [net.minecraftforge.fml.config.ConfigTracker/CONFIG]: Config file inventorysorter-server.toml for inventorysorter tracking
[05Dec2025 00:58:59.318] [modloading-worker-0/DEBUG] [net.minecraftforge.fml.javafmlmod.AutomaticEventSubscriber/LOADING]: Attempting to inject @EventBusSubscriber classes into the eventbus for inventorysorter
[05Dec2025 00:58:59.338] [modloading-worker-0/DEBUG] [net.minecraftforge.fml.javafmlmod.AutomaticEventSubscriber/LOADING]: Attempting to inject @EventBusSubscriber classes into the eventbus for geckolib
[05Dec2025 00:58:59.340] [modloading-worker-0/DEBUG] [net.minecraftforge.fml.javafmlmod.AutomaticEventSubscriber/LOADING]: Auto-subscribing software.bernie.example.GeckoLibMod to FORGE
[05Dec2025 00:58:59.340] [modloading-worker-0/DEBUG] [net.minecraftforge.fml.javafmlmod.AutomaticEventSubscriber/LOADING]: Auto-subscribing software.bernie.example.CommonListener to MOD
[05Dec2025 00:58:59.346] [modloading-worker-0/INFO] [scena-forge/]: Initialized scena-forge
[05Dec2025 00:58:59.346] [modloading-worker-0/DEBUG] [net.minecraftforge.fml.javafmlmod.AutomaticEventSubscriber/LOADING]: Attempting to inject @EventBusSubscriber classes into the eventbus for scena
[05Dec2025 00:58:59.346] [modloading-worker-0/DEBUG] [net.minecraftforge.fml.javafmlmod.AutomaticEventSubscriber/LOADING]: Auto-subscribing com.communi.suggestu.scena.forge.platform.creativetab.ForgeCreativeTabManager to MOD
[05Dec2025 00:58:59.349] [modloading-worker-0/INFO] [com.silverminer.shrines.Shrines/]: Shrines 1.20.1-6.0.2 initialized
[05Dec2025 00:58:59.349] [modloading-worker-0/DEBUG] [net.minecraftforge.fml.javafmlmod.AutomaticEventSubscriber/LOADING]: Attempting to inject @EventBusSubscriber classes into the eventbus for shrines
[05Dec2025 00:58:59.350] [modloading-worker-0/DEBUG] [net.minecraftforge.fml.javafmlmod.AutomaticEventSubscriber/LOADING]: Attempting to inject @EventBusSubscriber classes into the eventbus for playeranimator
[05Dec2025 00:58:59.352] [modloading-worker-0/DEBUG] [net.minecraftforge.fml.config.ConfigTracker/CONFIG]: Config file jei-server.toml for jei tracking
[05Dec2025 00:58:59.355] [modloading-worker-0/DEBUG] [net.minecraftforge.fml.javafmlmod.AutomaticEventSubscriber/LOADING]: Attempting to inject @EventBusSubscriber classes into the eventbus for jei
[05Dec2025 00:58:59.356] [modloading-worker-0/DEBUG] [net.minecraftforge.fml.javafmlmod.AutomaticEventSubscriber/LOADING]: Attempting to inject @EventBusSubscriber classes into the eventbus for attributefix
[05Dec2025 00:58:59.356] [modloading-worker-0/DEBUG] [net.minecraftforge.fml.javafmlmod.AutomaticEventSubscriber/LOADING]: Auto-subscribing net.darkhax.attributefix.AttributeFixForge to MOD
[05Dec2025 00:58:59.360] [modloading-worker-0/DEBUG] [net.minecraftforge.fml.config.ConfigTracker/CONFIG]: Config file incontrol-server.toml for incontrol tracking
[05Dec2025 00:58:59.363] [modloading-worker-0/DEBUG] [net.minecraftforge.fml.javafmlmod.AutomaticEventSubscriber/LOADING]: Attempting to inject @EventBusSubscriber classes into the eventbus for incontrol
[05Dec2025 00:58:59.385] [modloading-worker-0/INFO] [com.jtorleonstudios.libraryferret.LibraryFerret/]: Initialize mod Library Ferret
[05Dec2025 00:58:59.387] [modloading-worker-0/DEBUG] [net.minecraftforge.fml.javafmlmod.AutomaticEventSubscriber/LOADING]: Attempting to inject @EventBusSubscriber classes into the eventbus for netherportalfix
[05Dec2025 00:58:59.393] [modloading-worker-0/DEBUG] [net.minecraftforge.fml.config.ConfigTracker/CONFIG]: Config file reap-server.toml for reap tracking
[05Dec2025 00:58:59.393] [modloading-worker-0/DEBUG] [net.minecraftforge.fml.javafmlmod.AutomaticEventSubscriber/LOADING]: Attempting to inject @EventBusSubscriber classes into the eventbus for reap
[05Dec2025 00:58:59.397] [modloading-worker-0/INFO] [com.jtorleonstudios.libraryferret.LibraryFerret/]: Initialized mod Library Ferret
[05Dec2025 00:58:59.397] [modloading-worker-0/DEBUG] [net.minecraftforge.fml.javafmlmod.AutomaticEventSubscriber/LOADING]: Attempting to inject @EventBusSubscriber classes into the eventbus for libraryferret
[05Dec2025 00:58:59.398] [modloading-worker-0/DEBUG] [net.minecraftforge.fml.javafmlmod.AutomaticEventSubscriber/LOADING]: Auto-subscribing com.jtorleonstudios.libraryferret.CommonEvent to FORGE
[05Dec2025 00:58:59.400] [modloading-worker-0/DEBUG] [net.minecraftforge.fml.javafmlmod.AutomaticEventSubscriber/LOADING]: Attempting to inject @EventBusSubscriber classes into the eventbus for clumps
[05Dec2025 00:58:59.412] [modloading-worker-0/DEBUG] [net.minecraftforge.fml.config.ConfigTracker/CONFIG]: Config file trashslot-common.toml for trashslot tracking
[05Dec2025 00:58:59.414] [modloading-worker-0/DEBUG] [xaero.map.WorldMap/]: Loaded xaero.map.platform.services.ForgePlatformHelper@3984e164 for service interface xaero.map.platform.services.IPlatformHelper
[05Dec2025 00:58:59.425] [modloading-worker-0/DEBUG] [net.minecraftforge.fml.config.ConfigTracker/CONFIG]: Config file waystones-common.toml for waystones tracking
[05Dec2025 00:58:59.433] [modloading-worker-0/DEBUG] [net.minecraftforge.fml.javafmlmod.AutomaticEventSubscriber/LOADING]: Attempting to inject @EventBusSubscriber classes into the eventbus for trashslot
[05Dec2025 00:58:59.434] [modloading-worker-0/DEBUG] [net.minecraftforge.fml.javafmlmod.AutomaticEventSubscriber/LOADING]: Attempting to inject @EventBusSubscriber classes into the eventbus for prism
[05Dec2025 00:58:59.441] [modloading-worker-0/DEBUG] [net.minecraftforge.fml.javafmlmod.AutomaticEventSubscriber/LOADING]: Attempting to inject @EventBusSubscriber classes into the eventbus for xaeroworldmap
[05Dec2025 00:58:59.445] [modloading-worker-0/DEBUG] [net.minecraftforge.fml.javafmlmod.AutomaticEventSubscriber/LOADING]: Attempting to inject @EventBusSubscriber classes into the eventbus for placebo
[05Dec2025 00:58:59.447] [modloading-worker-0/DEBUG] [net.minecraftforge.fml.javafmlmod.AutomaticEventSubscriber/LOADING]: Auto-subscribing dev.shadowsoffire.placebo.util.PlaceboTaskQueue to FORGE
[05Dec2025 00:58:59.473] [modloading-worker-0/DEBUG] [net.minecraftforge.fml.config.ConfigTracker/CONFIG]: Config file travelersbackpack-server.toml for travelersbackpack tracking
[05Dec2025 00:58:59.474] [modloading-worker-0/DEBUG] [mixin/]: Mixing MixinPlayerList from xaeroworldmap.mixins.json into net.minecraft.server.players.PlayerList
[05Dec2025 00:58:59.475] [modloading-worker-0/DEBUG] [mixin/]: Mixing perf.smart_ingredient_sync.PlayerListMixin from modernfix-forge.mixins.json into net.minecraft.server.players.PlayerList
[05Dec2025 00:58:59.476] [modloading-worker-0/INFO] [STDOUT/]: [com.tiviacz.travelersbackpack.TravelersBackpack:readOldCommonConfig:180]: curiosIntegration not found in the [common.backpackSettings] section.
[05Dec2025 00:58:59.477] [modloading-worker-0/DEBUG] [net.minecraftforge.fml.config.ConfigTracker/CONFIG]: Config file travelersbackpack-common.toml for travelersbackpack tracking
[05Dec2025 00:58:59.477] [modloading-worker-0/DEBUG] [net.minecraftforge.fml.config.ConfigTracker/CONFIG]: Config file travelersbackpack-client.toml for travelersbackpack tracking
[05Dec2025 00:58:59.477] [modloading-worker-0/DEBUG] [mixin/]: Mixing MixinPlayerList from maxhealthfix.common.mixins.json into net.minecraft.server.players.PlayerList
[05Dec2025 00:58:59.478] [modloading-worker-0/DEBUG] [mixin/]: Mixing PlayerListMixin from balm.mixins.json into net.minecraft.server.players.PlayerList
[05Dec2025 00:58:59.478] [modloading-worker-0/DEBUG] [mixin/]: Mixing MixinPlayerList from xaerohud.mixins.json into net.minecraft.server.players.PlayerList
[05Dec2025 00:58:59.511] [modloading-worker-0/DEBUG] [net.minecraftforge.fml.config.ConfigTracker/CONFIG]: Config file modernfix-common.toml for modernfix tracking
[05Dec2025 00:58:59.516] [modloading-worker-0/DEBUG] [net.minecraftforge.fml.javafmlmod.AutomaticEventSubscriber/LOADING]: Attempting to inject @EventBusSubscriber classes into the eventbus for modernfix
[05Dec2025 00:58:59.520] [modloading-worker-0/DEBUG] [net.minecraftforge.fml.config.ConfigTracker/CONFIG]: Config file naturescompass-common.toml for naturescompass tracking
[05Dec2025 00:58:59.520] [modloading-worker-0/DEBUG] [net.minecraftforge.fml.config.ConfigTracker/CONFIG]: Config file naturescompass-client.toml for naturescompass tracking
[05Dec2025 00:58:59.521] [modloading-worker-0/DEBUG] [net.minecraftforge.fml.javafmlmod.AutomaticEventSubscriber/LOADING]: Attempting to inject @EventBusSubscriber classes into the eventbus for naturescompass
[05Dec2025 00:58:59.521] [modloading-worker-0/DEBUG] [net.minecraftforge.fml.javafmlmod.AutomaticEventSubscriber/LOADING]: Auto-subscribing com.chaosthedude.naturescompass.registry.NaturesCompassRegistry to MOD
[05Dec2025 00:58:59.524] [modloading-worker-0/DEBUG] [net.minecraftforge.fml.javafmlmod.AutomaticEventSubscriber/LOADING]: Attempting to inject @EventBusSubscriber classes into the eventbus for configured
[05Dec2025 00:58:59.552] [modloading-worker-0/DEBUG] [net.minecraftforge.fml.javafmlmod.AutomaticEventSubscriber/LOADING]: Attempting to inject @EventBusSubscriber classes into the eventbus for gateways
[05Dec2025 00:58:59.555] [modloading-worker-0/INFO] [MaxHealthFix/]: Loaded maxhealthfix for Forge.
[05Dec2025 00:58:59.555] [modloading-worker-0/DEBUG] [net.minecraftforge.fml.javafmlmod.AutomaticEventSubscriber/LOADING]: Attempting to inject @EventBusSubscriber classes into the eventbus for maxhealthfix
[05Dec2025 00:58:59.555] [modloading-worker-0/DEBUG] [net.minecraftforge.fml.javafmlmod.AutomaticEventSubscriber/LOADING]: Attempting to inject @EventBusSubscriber classes into the eventbus for waystones
[05Dec2025 00:58:59.556] [modloading-worker-0/DEBUG] [net.minecraftforge.fml.javafmlmod.AutomaticEventSubscriber/LOADING]: Attempting to inject @EventBusSubscriber classes into the eventbus for mixinextras
[05Dec2025 00:58:59.559] [modloading-worker-0/DEBUG] [Bookshelf/]: Loaded net.darkhax.bookshelf.impl.util.PlatformHelperForge@372712b5 for service interface net.darkhax.bookshelf.api.util.IPlatformHelper.
[05Dec2025 00:58:59.560] [modloading-worker-0/DEBUG] [Bookshelf/]: Loaded net.darkhax.bookshelf.impl.event.EventHelperForge@381d4fd5 for service interface net.darkhax.bookshelf.api.event.IEventHelper.
[05Dec2025 00:58:59.562] [modloading-worker-0/DEBUG] [Bookshelf/]: Loaded net.darkhax.bookshelf.impl.registry.ContentLoaderForge@3b7ec546 for service interface net.darkhax.bookshelf.api.registry.IContentLoader.
[05Dec2025 00:58:59.565] [modloading-worker-0/DEBUG] [Bookshelf/]: Loaded net.darkhax.bookshelf.impl.data.TagHelperForge@43183df2 for service interface net.darkhax.bookshelf.api.data.ITagHelper.
[05Dec2025 00:58:59.567] [modloading-worker-0/DEBUG] [Bookshelf/]: Loaded net.darkhax.bookshelf.impl.util.InventoryHelperForge@762fe9a8 for service interface net.darkhax.bookshelf.api.util.IInventoryHelper.
[05Dec2025 00:58:59.568] [modloading-worker-0/DEBUG] [Bookshelf/]: Loaded net.darkhax.bookshelf.impl.util.ConstructHelperForge@5c2bc464 for service interface net.darkhax.bookshelf.api.util.IConstructHelper.
[05Dec2025 00:58:59.605] [modloading-worker-0/DEBUG] [net.minecraftforge.fml.javafmlmod.AutomaticEventSubscriber/LOADING]: Attempting to inject @EventBusSubscriber classes into the eventbus for balm
[05Dec2025 00:58:59.607] [modloading-worker-0/DEBUG] [mixin/]: Mixing ServerResourcesMixin from placebo.mixins.json into net.minecraft.server.ReloadableServerResources
[05Dec2025 00:58:59.608] [modloading-worker-0/DEBUG] [mixin/]: Mixing ReloadableServerResourcesMixin from balm.mixins.json into net.minecraft.server.ReloadableServerResources
[05Dec2025 00:58:59.608] [modloading-worker-0/DEBUG] [mixin/]: Renaming synthetic method lambda$loadResources$0(Lnet/minecraft/server/ReloadableServerResources;)V to mdc04f64$lambda$loadResources$0$0 in balm.mixins.json:ReloadableServerResourcesMixin
[05Dec2025 00:58:59.609] [modloading-worker-0/DEBUG] [mixin/]: Mixing ReloadableServerResourcesMixin from moonlight-common.mixins.json into net.minecraft.server.ReloadableServerResources
[05Dec2025 00:58:59.612] [modloading-worker-0/INFO] [Bookshelf/]: Fixing MC-151457. Crafting remainder for minecraft:pufferfish_bucket is now minecraft:bucket.
[05Dec2025 00:58:59.613] [modloading-worker-0/INFO] [Bookshelf/]: Fixing MC-151457. Crafting remainder for minecraft:salmon_bucket is now minecraft:bucket.
[05Dec2025 00:58:59.613] [modloading-worker-0/INFO] [Bookshelf/]: Fixing MC-151457. Crafting remainder for minecraft:cod_bucket is now minecraft:bucket.
[05Dec2025 00:58:59.613] [modloading-worker-0/INFO] [Bookshelf/]: Fixing MC-151457. Crafting remainder for minecraft:tropical_fish_bucket is now minecraft:bucket.
[05Dec2025 00:58:59.613] [modloading-worker-0/INFO] [Bookshelf/]: Fixing MC-151457. Crafting remainder for minecraft:axolotl_bucket is now minecraft:bucket.
[05Dec2025 00:58:59.613] [modloading-worker-0/INFO] [Bookshelf/]: Fixing MC-151457. Crafting remainder for minecraft:powder_snow_bucket is now minecraft:bucket.
[05Dec2025 00:58:59.616] [modloading-worker-0/INFO] [Bookshelf/]: Fixing MC-151457. Crafting remainder for minecraft:tadpole_bucket is now minecraft:bucket.
[05Dec2025 00:58:59.621] [modloading-worker-0/DEBUG] [net.minecraftforge.fml.javafmlmod.AutomaticEventSubscriber/LOADING]: Attempting to inject @EventBusSubscriber classes into the eventbus for bookshelf
[05Dec2025 00:58:59.621] [modloading-worker-0/DEBUG] [net.minecraftforge.fml.javafmlmod.AutomaticEventSubscriber/LOADING]: Auto-subscribing net.darkhax.bookshelf.impl.gametest.BookshelfForgeGameTests to MOD
[05Dec2025 00:58:59.623] [modloading-worker-0/DEBUG] [mixin/]: Mixing ConditionHackMixin from moonlight.mixins.json into net.minecraft.server.packs.resources.SimplePreparableReloadListener
[05Dec2025 00:58:59.624] [modloading-worker-0/DEBUG] [net.minecraftforge.fml.javafmlmod.AutomaticEventSubscriber/LOADING]: Attempting to inject @EventBusSubscriber classes into the eventbus for sodiumoptionsapi
[05Dec2025 00:58:59.634] [modloading-worker-0/DEBUG] [net.minecraftforge.fml.config.ConfigTracker/CONFIG]: Config file jeresources-common.toml for jeresources tracking
[05Dec2025 00:58:59.642] [modloading-worker-0/DEBUG] [jeresources/]: Loaded jeresources.forge.ForgePlatformHelper@429f3903 for service interface jeresources.platform.IPlatformHelper
[05Dec2025 00:58:59.642] [modloading-worker-0/DEBUG] [jeresources/]: Loading config file /workspaces/server-de-minecraft/servidor_minecraft/config/jeresources.toml
[05Dec2025 00:58:59.643] [modloading-worker-0/DEBUG] [jeresources/]: Built TOML config for /workspaces/server-de-minecraft/servidor_minecraft/config/jeresources.toml
[05Dec2025 00:58:59.645] [modloading-worker-0/DEBUG] [jeresources/]: Loaded TOML config file /workspaces/server-de-minecraft/servidor_minecraft/config/jeresources.toml
[05Dec2025 00:58:59.648] [modloading-worker-0/DEBUG] [Carry On/]: Loaded tschipp.carryon.platform.ForgePlatformHelper@7496d49f for service interface tschipp.carryon.platform.services.IPlatformHelper
[05Dec2025 00:58:59.649] [modloading-worker-0/DEBUG] [Carry On/]: Loaded tschipp.carryon.platform.ForgeGamestagesHelper@9c06926 for service interface tschipp.carryon.platform.services.IGamestagePlatformHelper
[05Dec2025 00:58:59.657] [modloading-worker-0/DEBUG] [net.minecraftforge.fml.config.ConfigTracker/CONFIG]: Config file carryon-client.toml for carryon tracking
[05Dec2025 00:58:59.658] [modloading-worker-0/DEBUG] [net.minecraftforge.fml.config.ConfigTracker/CONFIG]: Config file carryon-common.toml for carryon tracking
[05Dec2025 00:58:59.658] [modloading-worker-0/DEBUG] [net.minecraftforge.fml.javafmlmod.AutomaticEventSubscriber/LOADING]: Attempting to inject @EventBusSubscriber classes into the eventbus for carryon
[05Dec2025 00:58:59.658] [modloading-worker-0/DEBUG] [net.minecraftforge.fml.javafmlmod.AutomaticEventSubscriber/LOADING]: Auto-subscribing tschipp.carryon.CarryOnForge to MOD
[05Dec2025 00:58:59.658] [modloading-worker-0/DEBUG] [net.minecraftforge.fml.javafmlmod.AutomaticEventSubscriber/LOADING]: Auto-subscribing tschipp.carryon.events.CommonEvents to FORGE
[05Dec2025 00:58:59.670] [modloading-worker-0/DEBUG] [net.minecraftforge.fml.javafmlmod.AutomaticEventSubscriber/LOADING]: Auto-subscribing tschipp.carryon.events.ModBusEvents to MOD
[05Dec2025 00:58:59.673] [modloading-worker-0/DEBUG] [net.minecraftforge.fml.javafmlmod.AutomaticEventSubscriber/LOADING]: Attempting to inject @EventBusSubscriber classes into the eventbus for jeresources
[05Dec2025 00:58:59.674] [modloading-worker-0/DEBUG] [net.minecraftforge.versions.forge.ForgeVersion/CORE]: Forge Version package package net.minecraftforge.versions.forge, Forge, version 47.4 from cpw.mods.modlauncher.TransformingClassLoader@40943a6
[05Dec2025 00:58:59.674] [modloading-worker-0/DEBUG] [net.minecraftforge.versions.forge.ForgeVersion/CORE]: Found Forge version 47.4.3
[05Dec2025 00:58:59.674] [modloading-worker-0/DEBUG] [net.minecraftforge.versions.forge.ForgeVersion/CORE]: Found Forge spec 47.4
[05Dec2025 00:58:59.675] [modloading-worker-0/DEBUG] [net.minecraftforge.versions.forge.ForgeVersion/CORE]: Found Forge group net.minecraftforge
[05Dec2025 00:58:59.675] [modloading-worker-0/DEBUG] [net.minecraftforge.versions.mcp.MCPVersion/CORE]: MCP Version package package net.minecraftforge.versions.mcp, Minecraft, version 1.20.1 from cpw.mods.modlauncher.TransformingClassLoader@40943a6
[05Dec2025 00:58:59.675] [modloading-worker-0/DEBUG] [net.minecraftforge.versions.mcp.MCPVersion/CORE]: Found MC version information 1.20.1
[05Dec2025 00:58:59.675] [modloading-worker-0/DEBUG] [net.minecraftforge.versions.mcp.MCPVersion/CORE]: Found MCP version information 20230612.114412
[05Dec2025 00:58:59.675] [modloading-worker-0/DEBUG] [net.minecraftforge.fml.javafmlmod.AutomaticEventSubscriber/LOADING]: Attempting to inject @EventBusSubscriber classes into the eventbus for cloth_config
[05Dec2025 00:58:59.675] [modloading-worker-0/INFO] [net.minecraftforge.common.ForgeMod/FORGEMOD]: Forge mod loading, version 47.4.3, for MC 1.20.1 with MCP 20230612.114412
[05Dec2025 00:58:59.675] [modloading-worker-0/INFO] [net.minecraftforge.common.MinecraftForge/FORGE]: MinecraftForge v47.4.3 Initialized
[05Dec2025 00:58:59.691] [modloading-worker-0/DEBUG] [mixin/]: Mixing MixinLevelEvent from architectury.mixins.json into net.minecraftforge.event.level.LevelEvent
[05Dec2025 00:58:59.716] [modloading-worker-0/DEBUG] [net.minecraftforge.fml.config.ConfigTracker/CONFIG]: Config file forge-client.toml for forge tracking
[05Dec2025 00:58:59.718] [modloading-worker-0/DEBUG] [net.minecraftforge.fml.config.ConfigTracker/CONFIG]: Config file forge-server.toml for forge tracking
[05Dec2025 00:58:59.719] [modloading-worker-0/DEBUG] [net.minecraftforge.fml.ModLoadingContext/]: Attempted to register an empty config for type COMMON on mod forge
[05Dec2025 00:58:59.733] [modloading-worker-0/DEBUG] [net.minecraftforge.fml.config.ConfigTracker/CONFIG]: Config file dummmmmmy-common.toml for dummmmmmy tracking
[05Dec2025 00:58:59.735] [modloading-worker-0/DEBUG] [mixin/]: Mixing patches.packs.resources.MixinSimpleJsonResourceReloadListener from bookshelf.common.mixins.json into net.minecraft.server.packs.resources.SimpleJsonResourceReloadListener
[05Dec2025 00:58:59.738] [modloading-worker-0/DEBUG] [mixin/]: Renaming synthetic method lambda$prepare$0(Ljava/util/Map$Entry;)Z to mdc04f64$lambda$prepare$0$0 in bookshelf.common.mixins.json:patches.packs.resources.MixinSimpleJsonResourceReloadListener
[05Dec2025 00:58:59.748] [modloading-worker-0/DEBUG] [net.minecraftforge.fml.javafmlmod.AutomaticEventSubscriber/LOADING]: Attempting to inject @EventBusSubscriber classes into the eventbus for dummmmmmy
[05Dec2025 00:58:59.753] [modloading-worker-0/DEBUG] [net.minecraftforge.fml.javafmlmod.AutomaticEventSubscriber/LOADING]: Attempting to inject @EventBusSubscriber classes into the eventbus for forge
[05Dec2025 00:58:59.755] [modloading-worker-0/DEBUG] [net.minecraftforge.fml.javafmlmod.AutomaticEventSubscriber/LOADING]: Auto-subscribing net.minecraftforge.common.ForgeSpawnEggItem$CommonHandler to MOD
[05Dec2025 00:58:59.756] [modloading-worker-0/DEBUG] [net.minecraftforge.fml.config.ConfigTracker/CONFIG]: Config file sodiumdynamiclights-client.toml for sodiumdynamiclights tracking
[05Dec2025 00:58:59.756] [modloading-worker-0/DEBUG] [net.minecraftforge.fml.javafmlmod.AutomaticEventSubscriber/LOADING]: Attempting to inject @EventBusSubscriber classes into the eventbus for sodiumdynamiclights
[05Dec2025 00:58:59.760] [modloading-worker-0/DEBUG] [net.minecraftforge.fml.javafmlmod.AutomaticEventSubscriber/LOADING]: Attempting to inject @EventBusSubscriber classes into the eventbus for advancementplaques
[05Dec2025 00:58:59.760] [modloading-worker-0/DEBUG] [net.minecraftforge.fml.javafmlmod.AutomaticEventSubscriber/LOADING]: Auto-subscribing com.anthonyhilyard.advancementplaques.config.AdvancementPlaquesConfig to MOD
[05Dec2025 00:58:59.766] [modloading-worker-0/DEBUG] [net.minecraftforge.fml.javafmlmod.AutomaticEventSubscriber/LOADING]: Auto-subscribing com.anthonyhilyard.advancementplaques.AdvancementPlaques to MOD
[05Dec2025 00:58:59.770] [modloading-worker-0/DEBUG] [net.minecraftforge.fml.config.ConfigTracker/CONFIG]: Config file craftingtweaks-common.toml for craftingtweaks tracking
[05Dec2025 00:58:59.786] [modloading-worker-0/DEBUG] [net.minecraftforge.fml.javafmlmod.AutomaticEventSubscriber/LOADING]: Attempting to inject @EventBusSubscriber classes into the eventbus for craftingtweaks
[05Dec2025 00:58:59.793] [modloading-worker-0/DEBUG] [net.minecraftforge.fml.javafmlmod.AutomaticEventSubscriber/LOADING]: Attempting to inject @EventBusSubscriber classes into the eventbus for w2w2
[05Dec2025 00:58:59.794] [modloading-worker-0/DEBUG] [net.minecraftforge.fml.config.ConfigTracker/CONFIG]: Config file moonlight-common.toml for moonlight tracking
[05Dec2025 00:58:59.813] [modloading-worker-0/DEBUG] [net.minecraftforge.fml.javafmlmod.AutomaticEventSubscriber/LOADING]: Attempting to inject @EventBusSubscriber classes into the eventbus for ironchest
[05Dec2025 00:58:59.814] [modloading-worker-0/DEBUG] [net.minecraftforge.fml.javafmlmod.AutomaticEventSubscriber/LOADING]: Auto-subscribing com.progwml6.ironchest.common.ai.CatsSitOnChestsHandler to FORGE
[05Dec2025 00:58:59.814] [modloading-worker-0/DEBUG] [net.minecraftforge.fml.javafmlmod.AutomaticEventSubscriber/LOADING]: Attempting to inject @EventBusSubscriber classes into the eventbus for tetra
[05Dec2025 00:58:59.815] [modloading-worker-0/DEBUG] [net.minecraftforge.fml.javafmlmod.AutomaticEventSubscriber/LOADING]: Auto-subscribing se.mickelus.tetra.TetraMod to MOD
[05Dec2025 00:58:59.816] [modloading-worker-0/DEBUG] [net.minecraftforge.fml.javafmlmod.AutomaticEventSubscriber/LOADING]: Auto-subscribing se.mickelus.tetra.ConfigHandler to MOD
[05Dec2025 00:58:59.815] [modloading-worker-0/DEBUG] [net.minecraftforge.fml.javafmlmod.AutomaticEventSubscriber/LOADING]: Attempting to inject @EventBusSubscriber classes into the eventbus for fabric_api_base
[05Dec2025 00:58:59.822] [modloading-worker-0/DEBUG] [net.minecraftforge.fml.config.ConfigTracker/CONFIG]: Config file ironfurnaces-client.toml for ironfurnaces tracking
[05Dec2025 00:58:59.822] [modloading-worker-0/DEBUG] [net.minecraftforge.fml.ModLoadingContext/]: Attempted to register an empty config for type SERVER on mod ironfurnaces
[05Dec2025 00:58:59.825] [modloading-worker-0/DEBUG] [net.minecraftforge.fml.javafmlmod.AutomaticEventSubscriber/LOADING]: Attempting to inject @EventBusSubscriber classes into the eventbus for jade
[05Dec2025 00:58:59.859] [modloading-worker-0/DEBUG] [ironfurnaces.IronFurnaces/]: Loading config file /workspaces/server-de-minecraft/servidor_minecraft/config/ironfurnaces-client.toml
[05Dec2025 00:58:59.859] [modloading-worker-0/DEBUG] [ironfurnaces.IronFurnaces/]: Built TOML config for /workspaces/server-de-minecraft/servidor_minecraft/config/ironfurnaces-client.toml
[05Dec2025 00:58:59.860] [modloading-worker-0/DEBUG] [ironfurnaces.IronFurnaces/]: Loaded TOML config file /workspaces/server-de-minecraft/servidor_minecraft/config/ironfurnaces-client.toml
[05Dec2025 00:58:59.861] [modloading-worker-0/DEBUG] [ironfurnaces.IronFurnaces/]: Loading config file /workspaces/server-de-minecraft/servidor_minecraft/config/ironfurnaces.toml
[05Dec2025 00:58:59.861] [modloading-worker-0/DEBUG] [ironfurnaces.IronFurnaces/]: Built TOML config for /workspaces/server-de-minecraft/servidor_minecraft/config/ironfurnaces.toml
[05Dec2025 00:58:59.861] [modloading-worker-0/DEBUG] [ironfurnaces.IronFurnaces/]: Loaded TOML config file /workspaces/server-de-minecraft/servidor_minecraft/config/ironfurnaces.toml
[05Dec2025 00:58:59.861] [modloading-worker-0/WARN] [ironfurnaces.IronFurnaces/]: You have disabled Iron Furnaces's Update Checker, to re-enable: change the value of Update Checker in .minecraft->config->ironfurnaces-client.toml to 'true'.
[05Dec2025 00:58:59.861] [modloading-worker-0/DEBUG] [net.minecraftforge.fml.javafmlmod.AutomaticEventSubscriber/LOADING]: Attempting to inject @EventBusSubscriber classes into the eventbus for ironfurnaces
[05Dec2025 00:58:59.861] [modloading-worker-0/DEBUG] [net.minecraftforge.fml.javafmlmod.AutomaticEventSubscriber/LOADING]: Auto-subscribing ironfurnaces.util.EventHandler to FORGE
[05Dec2025 00:58:59.865] [modloading-worker-0/DEBUG] [net.minecraftforge.fml.javafmlmod.AutomaticEventSubscriber/LOADING]: Auto-subscribing ironfurnaces.update.UpdateChecker to FORGE
[05Dec2025 00:58:59.865] [modloading-worker-0/DEBUG] [net.minecraftforge.fml.javafmlmod.AutomaticEventSubscriber/LOADING]: Auto-subscribing ironfurnaces.init.Registration to MOD
[05Dec2025 00:58:59.866] [modloading-worker-0/DEBUG] [net.minecraftforge.fml.javafmlmod.AutomaticEventSubscriber/LOADING]: Auto-subscribing ironfurnaces.init.ModSetup to MOD
[05Dec2025 00:58:59.866] [modloading-worker-0/DEBUG] [net.minecraftforge.fml.javafmlmod.AutomaticEventSubscriber/LOADING]: Auto-subscribing ironfurnaces.IronFurnaces to MOD
[05Dec2025 00:58:59.866] [modloading-worker-0/DEBUG] [net.minecraftforge.fml.javafmlmod.AutomaticEventSubscriber/LOADING]: Auto-subscribing ironfurnaces.Config to FORGE
[05Dec2025 00:58:59.868] [modloading-worker-0/DEBUG] [mixin/]: Mixing GameTypeMixin from attributeslib.mixins.json into net.minecraft.world.level.GameType
[05Dec2025 00:58:59.872] [modloading-worker-0/DEBUG] [net.minecraftforge.fml.javafmlmod.AutomaticEventSubscriber/LOADING]: Attempting to inject @EventBusSubscriber classes into the eventbus for cleanswing
[05Dec2025 00:58:59.874] [modloading-worker-0/DEBUG] [net.minecraftforge.fml.javafmlmod.AutomaticEventSubscriber/LOADING]: Attempting to inject @EventBusSubscriber classes into the eventbus for spectrelib
[05Dec2025 00:58:59.874] [modloading-worker-0/DEBUG] [net.minecraftforge.fml.javafmlmod.AutomaticEventSubscriber/LOADING]: Attempting to inject @EventBusSubscriber classes into the eventbus for smoothboot
[05Dec2025 00:58:59.875] [modloading-worker-0/DEBUG] [net.minecraftforge.fml.javafmlmod.AutomaticEventSubscriber/LOADING]: Attempting to inject @EventBusSubscriber classes into the eventbus for highlighter
[05Dec2025 00:58:59.875] [modloading-worker-0/DEBUG] [net.minecraftforge.fml.javafmlmod.AutomaticEventSubscriber/LOADING]: Auto-subscribing com.anthonyhilyard.highlighter.HighlighterConfig to MOD
[05Dec2025 00:58:59.875] [modloading-worker-0/DEBUG] [creativecore/]: Created network creativecore:main
[05Dec2025 00:58:59.880] [modloading-worker-0/DEBUG] [net.minecraftforge.fml.javafmlmod.AutomaticEventSubscriber/LOADING]: Attempting to inject @EventBusSubscriber classes into the eventbus for creativecore
[05Dec2025 00:58:59.881] [modloading-worker-0/DEBUG] [net.minecraftforge.fml.javafmlmod.AutomaticEventSubscriber/LOADING]: Attempting to inject @EventBusSubscriber classes into the eventbus for iceberg
[05Dec2025 00:58:59.881] [modloading-worker-0/DEBUG] [net.minecraftforge.fml.javafmlmod.AutomaticEventSubscriber/LOADING]: Auto-subscribing com.anthonyhilyard.iceberg.IcebergServer to MOD
[05Dec2025 00:58:59.883] [modloading-worker-0/DEBUG] [net.minecraftforge.fml.config.ConfigTracker/CONFIG]: Config file jeiintegration-client.toml for jeiintegration tracking
[05Dec2025 00:58:59.884] [modloading-worker-0/DEBUG] [net.minecraftforge.fml.javafmlmod.AutomaticEventSubscriber/LOADING]: Attempting to inject @EventBusSubscriber classes into the eventbus for jeiintegration
[05Dec2025 00:58:59.885] [modloading-worker-0/DEBUG] [net.minecraftforge.fml.javafmlmod.AutomaticEventSubscriber/LOADING]: Attempting to inject @EventBusSubscriber classes into the eventbus for mutil
[05Dec2025 00:58:59.885] [modloading-worker-0/DEBUG] [net.minecraftforge.fml.javafmlmod.AutomaticEventSubscriber/LOADING]: Auto-subscribing se.mickelus.mutil.MUtilMod to MOD
[05Dec2025 00:58:59.885] [modloading-worker-0/DEBUG] [net.minecraftforge.fml.javafmlmod.AutomaticEventSubscriber/LOADING]: Auto-subscribing se.mickelus.mutil.ConfigHandler to MOD
[05Dec2025 00:58:59.889] [modloading-worker-0/DEBUG] [net.minecraftforge.fml.config.ConfigTracker/CONFIG]: Config file curios-client.toml for curios tracking
[05Dec2025 00:58:59.891] [modloading-worker-0/DEBUG] [net.minecraftforge.fml.config.ConfigTracker/CONFIG]: Config file curios-common.toml for curios tracking
[05Dec2025 00:58:59.891] [modloading-worker-0/DEBUG] [net.minecraftforge.fml.config.ConfigTracker/CONFIG]: Config file curios-server.toml for curios tracking
[05Dec2025 00:58:59.892] [modloading-worker-0/DEBUG] [net.minecraftforge.fml.javafmlmod.AutomaticEventSubscriber/LOADING]: Attempting to inject @EventBusSubscriber classes into the eventbus for curios
[05Dec2025 00:58:59.904] [modloading-worker-0/DEBUG] [net.minecraftforge.fml.config.ConfigTracker/CONFIG]: Config file gravestone-server.toml for gravestone tracking
[05Dec2025 00:58:59.905] [modloading-worker-0/DEBUG] [net.minecraftforge.fml.config.ConfigTracker/CONFIG]: Config file gravestone-client.toml for gravestone tracking
[05Dec2025 00:58:59.906] [modloading-worker-0/DEBUG] [net.minecraftforge.fml.javafmlmod.AutomaticEventSubscriber/LOADING]: Attempting to inject @EventBusSubscriber classes into the eventbus for gravestone
[05Dec2025 00:58:59.906] [modloading-worker-0/DEBUG] [net.minecraftforge.fml.javafmlmod.AutomaticEventSubscriber/LOADING]: Auto-subscribing de.maxhenkel.gravestone.Main to FORGE
[05Dec2025 00:58:59.916] [modloading-worker-0/DEBUG] [xaero.hud.minimap.MinimapLogs/]: Loaded xaero.common.platform.services.ForgePlatformHelper@5b7f9ad9 for service interface xaero.common.platform.services.IPlatformHelper
[05Dec2025 00:58:59.927] [modloading-worker-0/DEBUG] [net.minecraftforge.fml.javafmlmod.AutomaticEventSubscriber/LOADING]: Attempting to inject @EventBusSubscriber classes into the eventbus for fastbench
[05Dec2025 00:58:59.929] [modloading-worker-0/DEBUG] [net.minecraftforge.fml.javafmlmod.AutomaticEventSubscriber/LOADING]: Auto-subscribing dev.shadowsoffire.fastbench.util.SlotUpdateManager to FORGE
[05Dec2025 00:58:59.934] [modloading-worker-0/DEBUG] [net.minecraftforge.fml.javafmlmod.AutomaticEventSubscriber/LOADING]: Attempting to inject @EventBusSubscriber classes into the eventbus for searchables
[05Dec2025 00:58:59.935] [modloading-worker-0/DEBUG] [net.minecraftforge.fml.javafmlmod.AutomaticEventSubscriber/LOADING]: Attempting to inject @EventBusSubscriber classes into the eventbus for xaerominimap
[05Dec2025 00:58:59.936] [modloading-worker-0/DEBUG] [net.minecraftforge.fml.config.ConfigTracker/CONFIG]: Config file sit-server.toml for sit tracking
[05Dec2025 00:58:59.939] [modloading-worker-0/DEBUG] [net.minecraftforge.fml.javafmlmod.AutomaticEventSubscriber/LOADING]: Attempting to inject @EventBusSubscriber classes into the eventbus for sit
[05Dec2025 00:58:59.939] [modloading-worker-0/DEBUG] [net.minecraftforge.fml.javafmlmod.AutomaticEventSubscriber/LOADING]: Auto-subscribing bl4ckscor3.mod.sit.SitHandler to FORGE
[05Dec2025 00:58:59.941] [modloading-worker-0/DEBUG] [net.minecraftforge.fml.javafmlmod.AutomaticEventSubscriber/LOADING]: Auto-subscribing bl4ckscor3.mod.sit.Sit to MOD
[05Dec2025 00:58:59.939] [modloading-worker-0/DEBUG] [net.minecraftforge.fml.javafmlmod.AutomaticEventSubscriber/LOADING]: Attempting to inject @EventBusSubscriber classes into the eventbus for polymorph
[05Dec2025 00:58:59.966] [modloading-worker-0/DEBUG] [mixin/]: Mixing AttributeInstanceAccessor from attributeslib.mixins.json into net.minecraft.world.entity.ai.attributes.AttributeInstance
[05Dec2025 00:58:59.995] [modloading-worker-0/DEBUG] [net.minecraftforge.fml.javafmlmod.AutomaticEventSubscriber/LOADING]: Attempting to inject @EventBusSubscriber classes into the eventbus for attributeslib
[05Dec2025 00:58:59.999] [modloading-worker-0/DEBUG] [net.minecraftforge.fml.javafmlmod.AutomaticEventSubscriber/LOADING]: Attempting to inject @EventBusSubscriber classes into the eventbus for bettervillage
[05Dec2025 00:59:00.007] [modloading-worker-0/DEBUG] [net.minecraftforge.fml.ModLoadingContext/]: Attempted to register an empty config for type CLIENT on mod lostcities using file name lostcities/client.toml
[05Dec2025 00:59:00.008] [modloading-worker-0/DEBUG] [net.minecraftforge.fml.config.ConfigTracker/CONFIG]: Config file lostcities/common.toml for lostcities tracking
[05Dec2025 00:59:00.008] [modloading-worker-0/DEBUG] [net.minecraftforge.fml.config.ConfigTracker/CONFIG]: Config file lostcities-server.toml for lostcities tracking
[05Dec2025 00:59:00.009] [modloading-worker-0/INFO] [lostcities/]: Creating standard profiles into 'config/lostcities/profiles'
[05Dec2025 00:59:00.063] [modloading-worker-0/INFO] [lostcities/]: Reading existing profiles from 'config/lostcities/profiles'
[05Dec2025 00:59:00.076] [modloading-worker-0/DEBUG] [net.minecraftforge.fml.config.ConfigTracker/CONFIG]: Config file parcool-server.toml for parcool tracking
[05Dec2025 00:59:00.102] [modloading-worker-0/DEBUG] [net.minecraftforge.fml.config.ConfigTracker/CONFIG]: Config file parcool-client.toml for parcool tracking
[05Dec2025 00:59:00.102] [modloading-worker-0/DEBUG] [net.minecraftforge.fml.javafmlmod.AutomaticEventSubscriber/LOADING]: Attempting to inject @EventBusSubscriber classes into the eventbus for parcool
[05Dec2025 00:59:00.110] [modloading-worker-0/DEBUG] [net.minecraftforge.fml.javafmlmod.AutomaticEventSubscriber/LOADING]: Attempting to inject @EventBusSubscriber classes into the eventbus for lostcities
[05Dec2025 00:59:00.110] [modloading-worker-0/DEBUG] [net.minecraftforge.fml.javafmlmod.AutomaticEventSubscriber/LOADING]: Auto-subscribing mcjty.lostcities.datagen.DataGenerators to MOD
[05Dec2025 00:59:00.111] [modloading-worker-0/DEBUG] [net.minecraftforge.fml.javafmlmod.AutomaticEventSubscriber/LOADING]: Auto-subscribing mcjty.lostcities.LostCities to MOD
[05Dec2025 00:59:00.111] [modloading-worker-0/DEBUG] [net.minecraftforge.fml.javafmlmod.AutomaticEventSubscriber/LOADING]: Attempting to inject @EventBusSubscriber classes into the eventbus for moonlight
[05Dec2025 00:59:00.112] [modloading-worker-0/DEBUG] [net.minecraftforge.fml.javafmlmod.AutomaticEventSubscriber/LOADING]: Attempting to inject @EventBusSubscriber classes into the eventbus for fastfurnace
[05Dec2025 00:59:00.119] [modloading-worker-0/DEBUG] [net.minecraftforge.fml.config.ConfigTracker/CONFIG]: Config file lootr-common.toml for lootr tracking
[05Dec2025 00:59:00.120] [modloading-worker-0/DEBUG] [net.minecraftforge.fml.config.ConfigTracker/CONFIG]: Config file lootr-client.toml for lootr tracking
[05Dec2025 00:59:00.146] [modloading-worker-0/DEBUG] [mixin/]: Mixing LootTableMixin from balm.mixins.json into net.minecraft.world.level.storage.loot.LootTable
[05Dec2025 00:59:00.152] [modloading-worker-0/DEBUG] [net.minecraftforge.fml.javafmlmod.AutomaticEventSubscriber/LOADING]: Attempting to inject @EventBusSubscriber classes into the eventbus for lootr
[05Dec2025 00:59:00.152] [modloading-worker-0/DEBUG] [net.minecraftforge.fml.javafmlmod.AutomaticEventSubscriber/LOADING]: Auto-subscribing noobanidus.mods.lootr.setup.CommonSetup to MOD
[05Dec2025 00:59:00.155] [modloading-worker-0/DEBUG] [net.minecraftforge.fml.javafmlmod.AutomaticEventSubscriber/LOADING]: Auto-subscribing noobanidus.mods.lootr.init.ModTabs to MOD
[05Dec2025 00:59:00.155] [modloading-worker-0/DEBUG] [net.minecraftforge.fml.javafmlmod.AutomaticEventSubscriber/LOADING]: Auto-subscribing noobanidus.mods.lootr.init.ModItems to MOD
[05Dec2025 00:59:00.156] [modloading-worker-0/DEBUG] [net.minecraftforge.fml.javafmlmod.AutomaticEventSubscriber/LOADING]: Auto-subscribing noobanidus.mods.lootr.gen.LootrDataGenerators to MOD
[05Dec2025 00:59:00.159] [modloading-worker-0/DEBUG] [net.minecraftforge.fml.javafmlmod.AutomaticEventSubscriber/LOADING]: Auto-subscribing noobanidus.mods.lootr.event.HandleChunk to FORGE
[05Dec2025 00:59:00.163] [modloading-worker-0/DEBUG] [net.minecraftforge.fml.javafmlmod.AutomaticEventSubscriber/LOADING]: Attempting to inject @EventBusSubscriber classes into the eventbus for architectury
[05Dec2025 00:59:00.166] [modloading-worker-0/DEBUG] [net.minecraftforge.fml.javafmlmod.AutomaticEventSubscriber/LOADING]: Auto-subscribing dev.architectury.registry.level.entity.trade.forge.TradeRegistryImpl to FORGE
[05Dec2025 00:59:00.168] [modloading-worker-0/DEBUG] [net.minecraftforge.fml.javafmlmod.AutomaticEventSubscriber/LOADING]: Auto-subscribing dev.architectury.registry.forge.ReloadListenerRegistryImpl to FORGE
[05Dec2025 00:59:00.168] [modloading-worker-0/DEBUG] [net.minecraftforge.fml.javafmlmod.AutomaticEventSubscriber/LOADING]: Auto-subscribing noobanidus.mods.lootr.event.HandleCart to FORGE
[05Dec2025 00:59:00.171] [modloading-worker-0/DEBUG] [net.minecraftforge.fml.javafmlmod.AutomaticEventSubscriber/LOADING]: Auto-subscribing dev.architectury.networking.forge.NetworkManagerImpl to FORGE
[05Dec2025 00:59:00.175] [modloading-worker-0/DEBUG] [net.minecraftforge.fml.javafmlmod.AutomaticEventSubscriber/LOADING]: Auto-subscribing noobanidus.mods.lootr.event.HandleBreak to FORGE
[05Dec2025 00:59:00.175] [modloading-worker-0/DEBUG] [net.minecraftforge.fml.javafmlmod.AutomaticEventSubscriber/LOADING]: Auto-subscribing noobanidus.mods.lootr.event.HandleAdvancement to FORGE
[05Dec2025 00:59:00.178] [modloading-worker-0/DEBUG] [net.minecraftforge.fml.javafmlmod.AutomaticEventSubscriber/LOADING]: Auto-subscribing noobanidus.mods.lootr.entity.EntityTicker to FORGE
[05Dec2025 00:59:00.181] [modloading-worker-0/DEBUG] [net.minecraftforge.fml.javafmlmod.AutomaticEventSubscriber/LOADING]: Auto-subscribing noobanidus.mods.lootr.config.ConfigManager to MOD
[05Dec2025 00:59:00.182] [modloading-worker-0/DEBUG] [net.minecraftforge.fml.javafmlmod.AutomaticEventSubscriber/LOADING]: Auto-subscribing noobanidus.mods.lootr.block.entities.TileTicker to FORGE
[05Dec2025 00:59:00.181] [modloading-worker-0/INFO] [dev.architectury.networking.forge.NetworkManagerImpl/]: Registering C2S receiver with id architectury:sync_ids
[05Dec2025 00:59:00.185] [modloading-worker-0/DEBUG] [net.minecraftforge.fml.javafmlmod.AutomaticEventSubscriber/LOADING]: Attempting to inject @EventBusSubscriber classes into the eventbus for ferritecore
[05Dec2025 00:59:00.188] [modloading-worker-0/DEBUG] [net.minecraftforge.fml.config.ConfigTracker/CONFIG]: Config file aiimprovements-common.toml for aiimprovements tracking
[05Dec2025 00:59:00.189] [modloading-worker-0/DEBUG] [net.minecraftforge.fml.javafmlmod.AutomaticEventSubscriber/LOADING]: Attempting to inject @EventBusSubscriber classes into the eventbus for aiimprovements
[05Dec2025 00:59:00.190] [modloading-worker-0/DEBUG] [net.minecraftforge.fml.javafmlmod.AutomaticEventSubscriber/LOADING]: Auto-subscribing com.builtbroken.ai.improvements.modifier.ModifierSystem to FORGE
[05Dec2025 00:59:00.198] [modloading-worker-0/DEBUG] [net.minecraftforge.fml.javafmlmod.AutomaticEventSubscriber/LOADING]: Attempting to inject @EventBusSubscriber classes into the eventbus for travelersbackpack
[05Dec2025 00:59:00.198] [modloading-worker-0/DEBUG] [net.minecraftforge.fml.javafmlmod.AutomaticEventSubscriber/LOADING]: Auto-subscribing com.tiviacz.travelersbackpack.handlers.NeoForgeEventHandler to FORGE
[05Dec2025 00:59:00.204] [modloading-worker-0/DEBUG] [Framework/]: Loaded com.mrcrayfish.framework.platform.ForgePlatformHelper@1422b33b for service interface com.mrcrayfish.framework.platform.services.IPlatformHelper
[05Dec2025 00:59:00.209] [modloading-worker-0/DEBUG] [Framework/]: Loaded com.mrcrayfish.framework.platform.ForgeNetworkHelper@3405fc97 for service interface com.mrcrayfish.framework.platform.services.INetworkHelper
[05Dec2025 00:59:00.206] [modloading-worker-0/DEBUG] [net.minecraftforge.fml.javafmlmod.AutomaticEventSubscriber/LOADING]: Auto-subscribing com.builtbroken.ai.improvements.AIImprovements to MOD
[05Dec2025 00:59:00.214] [modloading-worker-0/DEBUG] [Framework/]: Loaded com.mrcrayfish.framework.platform.ForgeRegistrationHelper@79f5bb63 for service interface com.mrcrayfish.framework.platform.services.IRegistrationHelper
[05Dec2025 00:59:00.217] [modloading-worker-0/DEBUG] [net.minecraftforge.fml.config.ConfigTracker/CONFIG]: Config file fastleafdecay-server.toml for fastleafdecay tracking
[05Dec2025 00:59:00.217] [modloading-worker-0/DEBUG] [net.minecraftforge.fml.javafmlmod.AutomaticEventSubscriber/LOADING]: Attempting to inject @EventBusSubscriber classes into the eventbus for fastleafdecay
[05Dec2025 00:59:00.217] [modloading-worker-0/DEBUG] [net.minecraftforge.fml.javafmlmod.AutomaticEventSubscriber/LOADING]: Auto-subscribing net.olafski.fastleafdecay.FldConfiguration to MOD
[05Dec2025 00:59:00.224] [modloading-worker-0/DEBUG] [Framework/]: Loaded com.mrcrayfish.framework.platform.ForgeEntityHelper@4e592a12 for service interface com.mrcrayfish.framework.platform.services.IEntityHelper
[05Dec2025 00:59:00.225] [modloading-worker-0/DEBUG] [Framework/]: Loaded com.mrcrayfish.framework.platform.ForgeItemHelper@6c625faf for service interface com.mrcrayfish.framework.platform.services.IItemHelper
[05Dec2025 00:59:00.226] [modloading-worker-0/DEBUG] [Framework/]: Loaded com.mrcrayfish.framework.platform.ForgeConfigHelper@67d752f9 for service interface com.mrcrayfish.framework.platform.services.IConfigHelper
[05Dec2025 00:59:00.229] [modloading-worker-0/DEBUG] [net.minecraftforge.fml.config.ConfigTracker/CONFIG]: Config file cosmeticarmorreworked-client.toml for cosmeticarmorreworked tracking
[05Dec2025 00:59:00.230] [modloading-worker-0/DEBUG] [net.minecraftforge.fml.config.ConfigTracker/CONFIG]: Config file cosmeticarmorreworked-common.toml for cosmeticarmorreworked tracking
[05Dec2025 00:59:00.230] [modloading-worker-0/DEBUG] [net.minecraftforge.fml.javafmlmod.AutomaticEventSubscriber/LOADING]: Attempting to inject @EventBusSubscriber classes into the eventbus for cosmeticarmorreworked
[05Dec2025 00:59:00.231] [modloading-worker-0/DEBUG] [net.minecraftforge.fml.javafmlmod.AutomaticEventSubscriber/LOADING]: Auto-subscribing com.tiviacz.travelersbackpack.handlers.ModEventHandler to MOD
[05Dec2025 00:59:00.231] [modloading-worker-0/INFO] [mod.chiselsandbits.forge.Forge/]: Initialized Chisels&Bits - Forge
[05Dec2025 00:59:00.249] [modloading-worker-0/DEBUG] [net.minecraftforge.fml.config.ConfigTracker/CONFIG]: Config file xptome-server.toml for xpbook tracking
[05Dec2025 00:59:00.249] [modloading-worker-0/DEBUG] [net.minecraftforge.fml.javafmlmod.AutomaticEventSubscriber/LOADING]: Attempting to inject @EventBusSubscriber classes into the eventbus for xpbook
[05Dec2025 00:59:00.249] [modloading-worker-0/DEBUG] [net.minecraftforge.fml.javafmlmod.AutomaticEventSubscriber/LOADING]: Auto-subscribing bl4ckscor3.mod.xptome.XPTome to FORGE
[05Dec2025 00:59:00.268] [modloading-worker-0/DEBUG] [mixin/]: Mixing perf.smart_ingredient_sync.ConnectionMixin from modernfix-forge.mixins.json into net.minecraft.network.Connection
[05Dec2025 00:59:00.306] [modloading-worker-0/DEBUG] [net.minecraftforge.fml.javafmlmod.AutomaticEventSubscriber/LOADING]: Attempting to inject @EventBusSubscriber classes into the eventbus for framework
[05Dec2025 00:59:00.306] [modloading-worker-0/DEBUG] [net.minecraftforge.fml.javafmlmod.AutomaticEventSubscriber/LOADING]: Auto-subscribing com.mrcrayfish.framework.entity.sync.ForgeSyncedEntityDataHandler to FORGE
[05Dec2025 00:59:00.308] [modloading-worker-0/DEBUG] [net.minecraftforge.fml.config.ConfigTracker/CONFIG]: Config file chiselsandbits-client.toml for chiselsandbits tracking
[05Dec2025 00:59:00.309] [modloading-worker-0/DEBUG] [net.minecraftforge.fml.config.ConfigTracker/CONFIG]: Config file chiselsandbits-common.toml for chiselsandbits tracking
[05Dec2025 00:59:00.311] [modloading-worker-0/DEBUG] [net.minecraftforge.fml.config.ConfigTracker/CONFIG]: Config file chiselsandbits-server.toml for chiselsandbits tracking
[05Dec2025 00:59:00.325] [modloading-worker-0/INFO] [mod.chiselsandbits.registrars.ModBlockEntityTypes/]: Loaded block entity configuration.
[05Dec2025 00:59:00.343] [modloading-worker-0/INFO] [mod.chiselsandbits.registrars.ModBlocks/]: Loaded block configuration.
[05Dec2025 00:59:00.353] [modloading-worker-0/INFO] [mod.chiselsandbits.registrars.ModChiselModeGroups/]: Loaded chisel mode group configuration.
[05Dec2025 00:59:01.057] [modloading-worker-0/INFO] [mod.chiselsandbits.registrars.ModChiselModes/]: Loaded chisel mode configuration.
[05Dec2025 00:59:01.059] [modloading-worker-0/INFO] [mod.chiselsandbits.registrars.ModContainerTypes/]: Loaded container type configuration.
[05Dec2025 00:59:01.062] [modloading-worker-0/INFO] [mod.chiselsandbits.registrars.ModCreativeTabs/]: Loaded item group configuration.
[05Dec2025 00:59:01.081] [modloading-worker-0/INFO] [mod.chiselsandbits.registrars.ModItems/]: Loaded item configuration.
[05Dec2025 00:59:01.084] [modloading-worker-0/INFO] [mod.chiselsandbits.registrars.ModMetadataKeys/]: Loaded metadata key configuration.
[05Dec2025 00:59:01.089] [modloading-worker-0/INFO] [mod.chiselsandbits.registrars.ModModelProperties/]: Loaded model property configuration.
[05Dec2025 00:59:01.092] [modloading-worker-0/INFO] [mod.chiselsandbits.registrars.ModModificationOperation/]: Loaded modification operation configuration.
[05Dec2025 00:59:01.095] [modloading-worker-0/INFO] [mod.chiselsandbits.registrars.ModModificationOperationGroups/]: Loaded modification operation group configuration.
[05Dec2025 00:59:01.103] [modloading-worker-0/INFO] [mod.chiselsandbits.registrars.ModPatternPlacementTypes/]: Loaded pattern placement type configuration.
[05Dec2025 00:59:01.106] [modloading-worker-0/INFO] [mod.chiselsandbits.registrars.ModRecipeSerializers/]: Loaded recipe serializer configuration.
[05Dec2025 00:59:01.107] [modloading-worker-0/INFO] [mod.chiselsandbits.registrars.ModTags/]: Loaded tag configuration.
[05Dec2025 00:59:01.108] [modloading-worker-0/INFO] [mod.chiselsandbits.registrars.ModRecipeTypes/]: Registering recipe types.
[05Dec2025 00:59:01.110] [modloading-worker-0/INFO] [mod.chiselsandbits.registrars.ModEventHandler/]: Registering event handlers
[05Dec2025 00:59:01.133] [modloading-worker-0/DEBUG] [net.minecraftforge.fml.javafmlmod.AutomaticEventSubscriber/LOADING]: Attempting to inject @EventBusSubscriber classes into the eventbus for chiselsandbits
[05Dec2025 00:59:01.134] [modloading-worker-0/DEBUG] [net.minecraftforge.fml.javafmlmod.AutomaticEventSubscriber/LOADING]: Auto-subscribing mod.chiselsandbits.forge.data.tag.TagGeneratorEventHandler to MOD
[05Dec2025 00:59:01.135] [modloading-worker-0/DEBUG] [net.minecraftforge.fml.javafmlmod.AutomaticEventSubscriber/LOADING]: Auto-subscribing mod.chiselsandbits.forge.data.recipe.SpecialCraftingRecipeGenerator to MOD
[05Dec2025 00:59:01.137] [modloading-worker-0/DEBUG] [net.minecraftforge.fml.javafmlmod.AutomaticEventSubscriber/LOADING]: Auto-subscribing mod.chiselsandbits.forge.data.recipe.SimpleItemsRecipeGenerator to MOD
[05Dec2025 00:59:01.145] [modloading-worker-0/DEBUG] [net.minecraftforge.fml.javafmlmod.AutomaticEventSubscriber/LOADING]: Auto-subscribing mod.chiselsandbits.forge.data.recipe.ModificationOperationRecipeProvider to MOD
[05Dec2025 00:59:01.145] [modloading-worker-0/DEBUG] [net.minecraftforge.fml.javafmlmod.AutomaticEventSubscriber/LOADING]: Auto-subscribing mod.chiselsandbits.forge.data.recipe.MachineBlocksRecipeGenerator to MOD
[05Dec2025 00:59:01.146] [modloading-worker-0/DEBUG] [net.minecraftforge.fml.javafmlmod.AutomaticEventSubscriber/LOADING]: Auto-subscribing mod.chiselsandbits.forge.data.recipe.ChiselRecipeGenerator to MOD
[05Dec2025 00:59:01.147] [modloading-worker-0/DEBUG] [net.minecraftforge.fml.javafmlmod.AutomaticEventSubscriber/LOADING]: Auto-subscribing mod.chiselsandbits.forge.data.model.UnsealItemModelGenerator to MOD
[05Dec2025 00:59:01.153] [modloading-worker-0/DEBUG] [net.minecraftforge.fml.javafmlmod.AutomaticEventSubscriber/LOADING]: Auto-subscribing mod.chiselsandbits.forge.data.model.SealantItemModelGenerator to MOD
[05Dec2025 00:59:01.154] [modloading-worker-0/DEBUG] [net.minecraftforge.fml.javafmlmod.AutomaticEventSubscriber/LOADING]: Auto-subscribing mod.chiselsandbits.forge.data.model.QuillItemModelGenerator to MOD
[05Dec2025 00:59:01.155] [modloading-worker-0/DEBUG] [net.minecraftforge.fml.javafmlmod.AutomaticEventSubscriber/LOADING]: Auto-subscribing mod.chiselsandbits.forge.data.model.MeasuringTapeModelGenerator to MOD
[05Dec2025 00:59:01.156] [modloading-worker-0/DEBUG] [net.minecraftforge.fml.javafmlmod.AutomaticEventSubscriber/LOADING]: Auto-subscribing mod.chiselsandbits.forge.data.model.ChiselBlockItemModelGenerator to MOD
[05Dec2025 00:59:01.157] [modloading-worker-0/DEBUG] [net.minecraftforge.fml.javafmlmod.AutomaticEventSubscriber/LOADING]: Auto-subscribing mod.chiselsandbits.forge.data.model.BlockBitItemModelGenerator to MOD
[05Dec2025 00:59:01.158] [modloading-worker-0/DEBUG] [net.minecraftforge.fml.javafmlmod.AutomaticEventSubscriber/LOADING]: Auto-subscribing mod.chiselsandbits.forge.data.loottable.DropBlockLootTableGenerator to MOD
[05Dec2025 00:59:01.161] [modloading-worker-0/DEBUG] [net.minecraftforge.fml.javafmlmod.AutomaticEventSubscriber/LOADING]: Auto-subscribing mod.chiselsandbits.forge.data.lang.LangEntryLangGenerator to MOD
[05Dec2025 00:59:01.161] [modloading-worker-0/DEBUG] [net.minecraftforge.fml.javafmlmod.AutomaticEventSubscriber/LOADING]: Auto-subscribing mod.chiselsandbits.forge.data.lang.ConfigLangGenerator to MOD
[05Dec2025 00:59:01.162] [modloading-worker-0/DEBUG] [net.minecraftforge.fml.javafmlmod.AutomaticEventSubscriber/LOADING]: Auto-subscribing mod.chiselsandbits.forge.data.blockstate.ReflectionHelperBlockStateGenerator to MOD
[05Dec2025 00:59:01.170] [modloading-worker-0/DEBUG] [net.minecraftforge.fml.javafmlmod.AutomaticEventSubscriber/LOADING]: Auto-subscribing mod.chiselsandbits.forge.data.blockstate.PatternScannerBlockStateGenerator to MOD
[05Dec2025 00:59:01.171] [modloading-worker-0/DEBUG] [net.minecraftforge.fml.javafmlmod.AutomaticEventSubscriber/LOADING]: Auto-subscribing mod.chiselsandbits.forge.data.blockstate.ModificationTableBlockStateGenerator to MOD
[05Dec2025 00:59:01.173] [modloading-worker-0/DEBUG] [net.minecraftforge.fml.javafmlmod.AutomaticEventSubscriber/LOADING]: Auto-subscribing mod.chiselsandbits.forge.data.blockstate.ChiseledPrinterBlockStateGenerator to MOD
[05Dec2025 00:59:01.173] [modloading-worker-0/DEBUG] [net.minecraftforge.fml.javafmlmod.AutomaticEventSubscriber/LOADING]: Auto-subscribing mod.chiselsandbits.forge.data.blockstate.ChiseledBlockBlockStateGenerator to MOD
[05Dec2025 00:59:01.174] [modloading-worker-0/DEBUG] [net.minecraftforge.fml.javafmlmod.AutomaticEventSubscriber/LOADING]: Auto-subscribing mod.chiselsandbits.forge.data.advancement.ChiselsAndBitsAdvancementGenerator to MOD
[05Dec2025 00:59:01.178] [modloading-worker-0/DEBUG] [net.minecraftforge.fml.javafmlmod.AutomaticEventSubscriber/LOADING]: Attempting to inject @EventBusSubscriber classes into the eventbus for jujutsucraft
[05Dec2025 00:59:01.179] [modloading-worker-0/DEBUG] [net.minecraftforge.fml.javafmlmod.AutomaticEventSubscriber/LOADING]: Auto-subscribing net.mcreator.jujutsucraft.world.dimension.CursedSpiritManipulationDimensionDimension to FORGE
[05Dec2025 00:59:01.179] [modloading-worker-0/DEBUG] [net.minecraftforge.fml.javafmlmod.AutomaticEventSubscriber/LOADING]: Auto-subscribing net.mcreator.jujutsucraft.world.dimension.CursedSpiritManipulationDimensionDimension$CursedSpiritManipulationDimensionSpecialEffectsHandler to MOD
[05Dec2025 00:59:01.179] [modloading-worker-0/DEBUG] [net.minecraftforge.fml.javafmlmod.AutomaticEventSubscriber/LOADING]: Auto-subscribing net.mcreator.jujutsucraft.procedures.WhenRightClickToEntityProcedure to FORGE
[05Dec2025 00:59:01.180] [modloading-worker-0/DEBUG] [net.minecraftforge.fml.javafmlmod.AutomaticEventSubscriber/LOADING]: Auto-subscribing net.mcreator.jujutsucraft.procedures.WhenRespawnProcedure to FORGE
[05Dec2025 00:59:01.182] [modloading-worker-0/DEBUG] [net.minecraftforge.fml.javafmlmod.AutomaticEventSubscriber/LOADING]: Auto-subscribing net.mcreator.jujutsucraft.procedures.WhenPlayerJumpProcedure to FORGE
[05Dec2025 00:59:01.183] [modloading-worker-0/DEBUG] [net.minecraftforge.fml.javafmlmod.AutomaticEventSubscriber/LOADING]: Auto-subscribing net.mcreator.jujutsucraft.procedures.WhenPlayerJointheWorldProcedure to FORGE
[05Dec2025 00:59:01.183] [modloading-worker-0/DEBUG] [net.minecraftforge.fml.javafmlmod.AutomaticEventSubscriber/LOADING]: Auto-subscribing net.mcreator.jujutsucraft.procedures.WhenItemDroppedProcedure to FORGE
[05Dec2025 00:59:01.184] [modloading-worker-0/DEBUG] [net.minecraftforge.fml.javafmlmod.AutomaticEventSubscriber/LOADING]: Auto-subscribing net.mcreator.jujutsucraft.procedures.WhenEntityTakesDamageProcedure to FORGE
[05Dec2025 00:59:01.186] [modloading-worker-0/DEBUG] [net.minecraftforge.fml.javafmlmod.AutomaticEventSubscriber/LOADING]: Auto-subscribing net.mcreator.jujutsucraft.procedures.WhenEntitySpawnsProcedure to FORGE
[05Dec2025 00:59:01.187] [modloading-worker-0/DEBUG] [net.minecraftforge.fml.javafmlmod.AutomaticEventSubscriber/LOADING]: Auto-subscribing net.mcreator.jujutsucraft.procedures.WhenEntityHealedProcedure to FORGE
[05Dec2025 00:59:01.187] [modloading-worker-0/DEBUG] [net.minecraftforge.fml.javafmlmod.AutomaticEventSubscriber/LOADING]: Auto-subscribing net.mcreator.jujutsucraft.procedures.WhenEntityFallProcedure to FORGE
[05Dec2025 00:59:01.188] [modloading-worker-0/DEBUG] [net.minecraftforge.fml.javafmlmod.AutomaticEventSubscriber/LOADING]: Auto-subscribing net.mcreator.jujutsucraft.procedures.WhenEntityDieBySourceProcedure to FORGE
[05Dec2025 00:59:01.189] [modloading-worker-0/DEBUG] [net.minecraftforge.fml.javafmlmod.AutomaticEventSubscriber/LOADING]: Auto-subscribing net.mcreator.jujutsucraft.procedures.WhenEntityAttackedNoSourceEntityProcedure to FORGE
[05Dec2025 00:59:01.190] [modloading-worker-0/DEBUG] [net.minecraftforge.fml.javafmlmod.AutomaticEventSubscriber/LOADING]: Auto-subscribing net.mcreator.jujutsucraft.procedures.WhenBeforeEntityisHurtNoSourceProcedure to FORGE
[05Dec2025 00:59:01.190] [modloading-worker-0/DEBUG] [net.minecraftforge.fml.javafmlmod.AutomaticEventSubscriber/LOADING]: Auto-subscribing net.mcreator.jujutsucraft.procedures.WhenBackStepProcedure to FORGE
[05Dec2025 00:59:01.191] [modloading-worker-0/DEBUG] [net.minecraftforge.fml.javafmlmod.AutomaticEventSubscriber/LOADING]: Auto-subscribing net.mcreator.jujutsucraft.procedures.Test1Procedure to FORGE
[05Dec2025 00:59:01.231] [modloading-worker-0/DEBUG] [net.minecraftforge.fml.javafmlmod.AutomaticEventSubscriber/LOADING]: Auto-subscribing net.mcreator.jujutsucraft.procedures.SetupAnimationsProcedure$JujutsucraftModAnimationMessage to MOD
[05Dec2025 00:59:01.232] [modloading-worker-0/DEBUG] [net.minecraftforge.fml.javafmlmod.AutomaticEventSubscriber/LOADING]: Auto-subscribing net.mcreator.jujutsucraft.procedures.SetAttributeProcedure to FORGE
[05Dec2025 00:59:01.233] [modloading-worker-0/DEBUG] [net.minecraftforge.fml.javafmlmod.AutomaticEventSubscriber/LOADING]: Auto-subscribing net.mcreator.jujutsucraft.procedures.PlayerTickEventProcedure to FORGE
[05Dec2025 00:59:01.234] [modloading-worker-0/DEBUG] [net.minecraftforge.fml.javafmlmod.AutomaticEventSubscriber/LOADING]: Auto-subscribing net.mcreator.jujutsucraft.procedures.PlayerTickEvent2Procedure to FORGE
[05Dec2025 00:59:01.243] [modloading-worker-0/DEBUG] [net.minecraftforge.fml.javafmlmod.AutomaticEventSubscriber/LOADING]: Auto-subscribing net.mcreator.jujutsucraft.procedures.PlayerPhysicalAbilityProcedure to FORGE
[05Dec2025 00:59:01.246] [modloading-worker-0/DEBUG] [net.minecraftforge.fml.javafmlmod.AutomaticEventSubscriber/LOADING]: Auto-subscribing net.mcreator.jujutsucraft.procedures.PlayAnimationIfPossibleProcedure to FORGE
[05Dec2025 00:59:01.249] [modloading-worker-0/DEBUG] [net.minecraftforge.fml.javafmlmod.AutomaticEventSubscriber/LOADING]: Auto-subscribing net.mcreator.jujutsucraft.procedures.PlayAnimationEntityProcedure to FORGE
[05Dec2025 00:59:01.250] [modloading-worker-0/DEBUG] [net.minecraftforge.fml.javafmlmod.AutomaticEventSubscriber/LOADING]: Auto-subscribing net.mcreator.jujutsucraft.procedures.HelpMessagesProcedure to FORGE
[05Dec2025 00:59:01.256] [modloading-worker-0/DEBUG] [net.minecraftforge.fml.javafmlmod.AutomaticEventSubscriber/LOADING]: Auto-subscribing net.mcreator.jujutsucraft.procedures.HealCurseSpiritManipulationProcedure to FORGE
[05Dec2025 00:59:01.258] [modloading-worker-0/DEBUG] [net.minecraftforge.fml.javafmlmod.AutomaticEventSubscriber/LOADING]: Auto-subscribing net.mcreator.jujutsucraft.procedures.EntityDieProcedure to FORGE
[05Dec2025 00:59:01.266] [modloading-worker-0/DEBUG] [net.minecraftforge.fml.javafmlmod.AutomaticEventSubscriber/LOADING]: Auto-subscribing net.mcreator.jujutsucraft.procedures.EntityActiveProcedure to FORGE
[05Dec2025 00:59:01.271] [modloading-worker-0/DEBUG] [net.minecraftforge.fml.javafmlmod.AutomaticEventSubscriber/LOADING]: Auto-subscribing net.mcreator.jujutsucraft.procedures.CompletedAdvancementProcedure to FORGE
[05Dec2025 00:59:01.275] [modloading-worker-0/DEBUG] [net.minecraftforge.fml.javafmlmod.AutomaticEventSubscriber/LOADING]: Auto-subscribing net.mcreator.jujutsucraft.procedures.CompletedAdvancementCursedTechniqueReversalProcedure to FORGE
[05Dec2025 00:59:01.276] [modloading-worker-0/DEBUG] [net.minecraftforge.fml.javafmlmod.AutomaticEventSubscriber/LOADING]: Auto-subscribing net.mcreator.jujutsucraft.procedures.ClothesAngelChestplateTickEventProcedure to FORGE
[05Dec2025 00:59:01.277] [modloading-worker-0/DEBUG] [net.minecraftforge.fml.javafmlmod.AutomaticEventSubscriber/LOADING]: Auto-subscribing net.mcreator.jujutsucraft.procedures.ChangeTargetProcedure to FORGE
[05Dec2025 00:59:01.278] [modloading-worker-0/DEBUG] [net.minecraftforge.fml.javafmlmod.AutomaticEventSubscriber/LOADING]: Auto-subscribing net.mcreator.jujutsucraft.procedures.BlasterAwayProcedure to FORGE
[05Dec2025 00:59:01.279] [modloading-worker-0/DEBUG] [net.minecraftforge.fml.javafmlmod.AutomaticEventSubscriber/LOADING]: Auto-subscribing net.mcreator.jujutsucraft.procedures.AdvancementTsukumoProcedure to FORGE
[05Dec2025 00:59:01.280] [modloading-worker-0/DEBUG] [net.minecraftforge.fml.javafmlmod.AutomaticEventSubscriber/LOADING]: Auto-subscribing net.mcreator.jujutsucraft.procedures.AdvancementOtherProcedure to FORGE
[05Dec2025 00:59:01.281] [modloading-worker-0/DEBUG] [net.minecraftforge.fml.javafmlmod.AutomaticEventSubscriber/LOADING]: Auto-subscribing net.mcreator.jujutsucraft.procedures.AdvancementOkkotsuProcedure to FORGE
[05Dec2025 00:59:01.282] [modloading-worker-0/DEBUG] [net.minecraftforge.fml.javafmlmod.AutomaticEventSubscriber/LOADING]: Auto-subscribing net.mcreator.jujutsucraft.procedures.AdvancementMegumiProcedure to FORGE
[05Dec2025 00:59:01.283] [modloading-worker-0/DEBUG] [net.minecraftforge.fml.javafmlmod.AutomaticEventSubscriber/LOADING]: Auto-subscribing net.mcreator.jujutsucraft.procedures.AdvancementMahitoProcedure to FORGE
[05Dec2025 00:59:01.284] [modloading-worker-0/DEBUG] [net.minecraftforge.fml.javafmlmod.AutomaticEventSubscriber/LOADING]: Auto-subscribing net.mcreator.jujutsucraft.procedures.AdvancementKusakabeProcedure to FORGE
[05Dec2025 00:59:01.285] [modloading-worker-0/DEBUG] [net.minecraftforge.fml.javafmlmod.AutomaticEventSubscriber/LOADING]: Auto-subscribing net.mcreator.jujutsucraft.procedures.AdvancementJogoProcedure to FORGE
[05Dec2025 00:59:01.285] [modloading-worker-0/DEBUG] [net.minecraftforge.fml.javafmlmod.AutomaticEventSubscriber/LOADING]: Auto-subscribing net.mcreator.jujutsucraft.procedures.AdvancementItadoriProcedure to FORGE
[05Dec2025 00:59:01.286] [modloading-worker-0/DEBUG] [net.minecraftforge.fml.javafmlmod.AutomaticEventSubscriber/LOADING]: Auto-subscribing net.mcreator.jujutsucraft.procedures.AdvancementGojoProcedure to FORGE
[05Dec2025 00:59:01.287] [modloading-worker-0/DEBUG] [net.minecraftforge.fml.javafmlmod.AutomaticEventSubscriber/LOADING]: Auto-subscribing net.mcreator.jujutsucraft.procedures.AdvancementChosoProcedure to FORGE
[05Dec2025 00:59:01.290] [modloading-worker-0/DEBUG] [net.minecraftforge.fml.javafmlmod.AutomaticEventSubscriber/LOADING]: Auto-subscribing net.mcreator.jujutsucraft.network.SelectTechniqueButtonMessage to MOD
[05Dec2025 00:59:01.291] [modloading-worker-0/DEBUG] [net.minecraftforge.fml.javafmlmod.AutomaticEventSubscriber/LOADING]: Auto-subscribing net.mcreator.jujutsucraft.network.KeyUseMainSkillMessage to MOD
[05Dec2025 00:59:01.292] [modloading-worker-0/DEBUG] [net.minecraftforge.fml.javafmlmod.AutomaticEventSubscriber/LOADING]: Auto-subscribing net.mcreator.jujutsucraft.network.KeySwitchCursedTechniqueMessage to MOD
[05Dec2025 00:59:01.293] [modloading-worker-0/DEBUG] [net.minecraftforge.fml.javafmlmod.AutomaticEventSubscriber/LOADING]: Auto-subscribing net.mcreator.jujutsucraft.network.KeyStartTechniqueMessage to MOD
[05Dec2025 00:59:01.294] [modloading-worker-0/DEBUG] [net.minecraftforge.fml.javafmlmod.AutomaticEventSubscriber/LOADING]: Auto-subscribing net.mcreator.jujutsucraft.network.KeySpaceMessage to MOD
[05Dec2025 00:59:01.294] [modloading-worker-0/DEBUG] [net.minecraftforge.fml.javafmlmod.AutomaticEventSubscriber/LOADING]: Auto-subscribing net.mcreator.jujutsucraft.network.KeySimpleDomainMessage to MOD
[05Dec2025 00:59:01.296] [modloading-worker-0/DEBUG] [net.minecraftforge.fml.javafmlmod.AutomaticEventSubscriber/LOADING]: Auto-subscribing net.mcreator.jujutsucraft.network.KeyReverseCursedTechniqueMessage to MOD
[05Dec2025 00:59:01.297] [modloading-worker-0/DEBUG] [net.minecraftforge.fml.javafmlmod.AutomaticEventSubscriber/LOADING]: Auto-subscribing net.mcreator.jujutsucraft.network.KeyResetTechniqueMessage to MOD
[05Dec2025 00:59:01.298] [modloading-worker-0/DEBUG] [net.minecraftforge.fml.javafmlmod.AutomaticEventSubscriber/LOADING]: Auto-subscribing net.mcreator.jujutsucraft.network.KeyForwardMessage to MOD
[05Dec2025 00:59:01.298] [modloading-worker-0/DEBUG] [net.minecraftforge.fml.javafmlmod.AutomaticEventSubscriber/LOADING]: Auto-subscribing net.mcreator.jujutsucraft.network.KeyDomainAmplificationMessage to MOD
[05Dec2025 00:59:01.299] [modloading-worker-0/DEBUG] [net.minecraftforge.fml.javafmlmod.AutomaticEventSubscriber/LOADING]: Auto-subscribing net.mcreator.jujutsucraft.network.KeyChangeTechniqueMessage to MOD
[05Dec2025 00:59:01.300] [modloading-worker-0/DEBUG] [net.minecraftforge.fml.javafmlmod.AutomaticEventSubscriber/LOADING]: Auto-subscribing net.mcreator.jujutsucraft.network.KeyBackstepMessage to MOD
[05Dec2025 00:59:01.301] [modloading-worker-0/DEBUG] [net.minecraftforge.fml.javafmlmod.AutomaticEventSubscriber/LOADING]: Auto-subscribing net.mcreator.jujutsucraft.network.JujutsucraftModVariables to MOD
[05Dec2025 00:59:01.302] [modloading-worker-0/DEBUG] [net.minecraftforge.fml.javafmlmod.AutomaticEventSubscriber/LOADING]: Auto-subscribing net.mcreator.jujutsucraft.network.JujutsucraftModVariables$PlayerVariablesProvider to FORGE
[05Dec2025 00:59:01.304] [modloading-worker-0/DEBUG] [net.minecraftforge.fml.javafmlmod.AutomaticEventSubscriber/LOADING]: Auto-subscribing net.mcreator.jujutsucraft.network.JujutsucraftModVariables$EventBusVariableHandlers to FORGE
[05Dec2025 00:59:01.308] [modloading-worker-0/DEBUG] [net.minecraftforge.fml.javafmlmod.AutomaticEventSubscriber/LOADING]: Auto-subscribing net.mcreator.jujutsucraft.init.JujutsucraftModVillagerProfessions to MOD
[05Dec2025 00:59:01.308] [modloading-worker-0/DEBUG] [net.minecraftforge.fml.javafmlmod.AutomaticEventSubscriber/LOADING]: Auto-subscribing net.mcreator.jujutsucraft.init.JujutsucraftModTrades to FORGE
[05Dec2025 00:59:01.309] [modloading-worker-0/DEBUG] [net.minecraftforge.fml.javafmlmod.AutomaticEventSubscriber/LOADING]: Auto-subscribing net.mcreator.jujutsucraft.init.JujutsucraftModTabs to MOD
[05Dec2025 00:59:01.309] [modloading-worker-0/DEBUG] [net.minecraftforge.fml.javafmlmod.AutomaticEventSubscriber/LOADING]: Auto-subscribing net.mcreator.jujutsucraft.init.JujutsucraftModMenus to MOD
[05Dec2025 00:59:01.310] [modloading-worker-0/DEBUG] [net.minecraftforge.fml.javafmlmod.AutomaticEventSubscriber/LOADING]: Auto-subscribing net.mcreator.jujutsucraft.init.JujutsucraftModGameRules to MOD
[05Dec2025 00:59:01.322] [modloading-worker-0/DEBUG] [net.minecraftforge.fml.javafmlmod.AutomaticEventSubscriber/LOADING]: Auto-subscribing net.mcreator.jujutsucraft.init.JujutsucraftModEntities to MOD
[05Dec2025 00:59:01.323] [modloading-worker-0/DEBUG] [net.minecraftforge.fml.javafmlmod.AutomaticEventSubscriber/LOADING]: Auto-subscribing net.mcreator.jujutsucraft.init.JujutsucraftModAttributes to MOD
[05Dec2025 00:59:01.323] [modloading-worker-0/DEBUG] [net.minecraftforge.fml.javafmlmod.AutomaticEventSubscriber/LOADING]: Auto-subscribing net.mcreator.jujutsucraft.init.JujutsucraftModAttributes$PlayerAttributesSync to FORGE
[05Dec2025 00:59:01.324] [modloading-worker-0/DEBUG] [net.minecraftforge.fml.javafmlmod.AutomaticEventSubscriber/LOADING]: Auto-subscribing net.mcreator.jujutsucraft.init.ItemAnimationFactory to FORGE
[05Dec2025 00:59:01.325] [modloading-worker-0/DEBUG] [net.minecraftforge.fml.javafmlmod.AutomaticEventSubscriber/LOADING]: Auto-subscribing net.mcreator.jujutsucraft.init.EntityAnimationFactory to FORGE
[05Dec2025 00:59:01.327] [modloading-worker-0/DEBUG] [net.minecraftforge.fml.javafmlmod.AutomaticEventSubscriber/LOADING]: Auto-subscribing net.mcreator.jujutsucraft.init.ArmorAnimationFactory to FORGE
[05Dec2025 00:59:01.327] [modloading-worker-0/DEBUG] [net.minecraftforge.fml.javafmlmod.AutomaticEventSubscriber/LOADING]: Auto-subscribing net.mcreator.jujutsucraft.command.JujutsucraftCursePowerCommand to FORGE
[05Dec2025 00:59:01.328] [modloading-worker-0/DEBUG] [net.minecraftforge.fml.javafmlmod.AutomaticEventSubscriber/LOADING]: Auto-subscribing net.mcreator.jujutsucraft.command.JujutsuHealCommand to FORGE
[05Dec2025 00:59:01.329] [modloading-worker-0/DEBUG] [net.minecraftforge.fml.javafmlmod.AutomaticEventSubscriber/LOADING]: Auto-subscribing net.mcreator.jujutsucraft.command.BlastGameCommand to FORGE
[05Dec2025 00:59:01.330] [modloading-worker-0/DEBUG] [net.minecraftforge.fml.javafmlmod.AutomaticEventSubscriber/LOADING]: Auto-subscribing net.mcreator.jujutsucraft.PacketHandler to MOD
[05Dec2025 00:59:01.331] [modloading-worker-0/DEBUG] [net.minecraftforge.fml.javafmlmod.AutomaticEventSubscriber/LOADING]: Auto-subscribing net.mcreator.jujutsucraft.JujutsucraftConfig to FORGE
[05Dec2025 00:59:01.332] [modloading-worker-0/DEBUG] [net.minecraftforge.fml.config.ConfigTracker/CONFIG]: Config file jujutsucraft.toml for jujutsucraft tracking
[05Dec2025 00:59:01.355] [main/DEBUG] [net.minecraftforge.fml.DeferredWorkQueue/LOADING]: Dispatching synchronous work for work queue CONSTRUCT: 1 jobs
[05Dec2025 00:59:01.358] [main/DEBUG] [net.minecraftforge.fml.DeferredWorkQueue/LOADING]: Synchronous work queue completed in 1.807 ms
[05Dec2025 00:59:01.516] [main/DEBUG] [SpectreLib/CONFIG]: Loading global configs
[05Dec2025 00:59:02.063] [main/DEBUG] [net.minecraftforge.common.capabilities.CapabilityManager/CAPABILITIES]: Attempting to automatically register: Lcom/tiviacz/travelersbackpack/capability/ITravelersBackpack;
[05Dec2025 00:59:02.064] [main/DEBUG] [net.minecraftforge.common.capabilities.CapabilityManager/CAPABILITIES]: Attempting to automatically register: Lnet/minecraftforge/energy/IEnergyStorage;
[05Dec2025 00:59:02.064] [main/DEBUG] [net.minecraftforge.common.capabilities.CapabilityManager/CAPABILITIES]: Attempting to automatically register: Lnet/minecraftforge/fluids/capability/IFluidHandler;
[05Dec2025 00:59:02.064] [main/DEBUG] [net.minecraftforge.common.capabilities.CapabilityManager/CAPABILITIES]: Attempting to automatically register: Lnet/minecraftforge/fluids/capability/IFluidHandlerItem;
[05Dec2025 00:59:02.064] [main/DEBUG] [net.minecraftforge.common.capabilities.CapabilityManager/CAPABILITIES]: Attempting to automatically register: Lnet/minecraftforge/items/IItemHandler;
[05Dec2025 00:59:02.732] [main/DEBUG] [software.bernie.geckolib.GeckoLib/]: Registered SyncedAnimatable for class net.mcreator.jujutsucraft.item.PlayfulCloudItem
[05Dec2025 00:59:02.732] [main/DEBUG] [software.bernie.geckolib.GeckoLib/]: Registered SyncedAnimatable for class net.mcreator.jujutsucraft.item.BlackRopeItem
[05Dec2025 00:59:02.732] [main/DEBUG] [software.bernie.geckolib.GeckoLib/]: Registered SyncedAnimatable for class net.mcreator.jujutsucraft.item.MahitoHand1Item
[05Dec2025 00:59:02.754] [main/INFO] [Moonlight/]: Initialized block sets in 9ms
[05Dec2025 00:59:02.803] [main/DEBUG] [mixin/]: Mixing accessors.inventory.AccessorInventoryMenu from bookshelf.common.mixins.json into net.minecraft.world.inventory.InventoryMenu
[05Dec2025 00:59:02.803] [main/DEBUG] [mixin/]: Mixing MixinInventoryMenu from fastbench.mixins.json into net.minecraft.world.inventory.InventoryMenu
[05Dec2025 00:59:02.804] [main/DEBUG] [mixin/]: Mixing AccessorInventoryMenu from polymorph.mixins.json into net.minecraft.world.inventory.InventoryMenu
[05Dec2025 00:59:02.821] [main/DEBUG] [placebo/]: Registered 0 recipe types.
[05Dec2025 00:59:02.827] [main/DEBUG] [bookshelf/]: Built 2 minecraft:recipe_serializer entries. Took 1.29ms.
[05Dec2025 00:59:02.839] [main/DEBUG] [bookshelf/]: Built 2 minecraft:command_argument_type entries. Took 2.17ms.
[05Dec2025 00:59:02.892] [main/DEBUG] [mixin/]: Mixing perf.faster_ingredients.ForgeHooksMixin from modernfix-forge.mixins.json into net.minecraftforge.common.ForgeHooks
[05Dec2025 00:59:03.186] [main/DEBUG] [net.minecraftforge.fml.config.ConfigTracker/CONFIG]: Loading configs type COMMON
[05Dec2025 00:59:03.187] [main/DEBUG] [net.minecraftforge.fml.config.ConfigFileTypeHandler/CONFIG]: Built TOML config for /workspaces/server-de-minecraft/servidor_minecraft/config/trashslot-common.toml
[05Dec2025 00:59:03.187] [main/DEBUG] [net.minecraftforge.fml.config.ConfigFileTypeHandler/CONFIG]: Loaded TOML config file /workspaces/server-de-minecraft/servidor_minecraft/config/trashslot-common.toml
[05Dec2025 00:59:03.190] [main/DEBUG] [net.minecraftforge.fml.config.ConfigFileTypeHandler/CONFIG]: Watching TOML config file /workspaces/server-de-minecraft/servidor_minecraft/config/trashslot-common.toml for changes
[05Dec2025 00:59:03.192] [main/DEBUG] [net.minecraftforge.fml.config.ConfigFileTypeHandler/CONFIG]: Built TOML config for /workspaces/server-de-minecraft/servidor_minecraft/config/waystones-common.toml
[05Dec2025 00:59:03.193] [main/DEBUG] [net.minecraftforge.fml.config.ConfigFileTypeHandler/CONFIG]: Loaded TOML config file /workspaces/server-de-minecraft/servidor_minecraft/config/waystones-common.toml
[05Dec2025 00:59:03.193] [main/DEBUG] [net.minecraftforge.fml.config.ConfigFileTypeHandler/CONFIG]: Watching TOML config file /workspaces/server-de-minecraft/servidor_minecraft/config/waystones-common.toml for changes
[05Dec2025 00:59:03.198] [main/DEBUG] [net.minecraftforge.fml.config.ConfigFileTypeHandler/CONFIG]: Built TOML config for /workspaces/server-de-minecraft/servidor_minecraft/config/travelersbackpack-common.toml
[05Dec2025 00:59:03.198] [main/DEBUG] [net.minecraftforge.fml.config.ConfigFileTypeHandler/CONFIG]: Loaded TOML config file /workspaces/server-de-minecraft/servidor_minecraft/config/travelersbackpack-common.toml
[05Dec2025 00:59:03.198] [main/DEBUG] [net.minecraftforge.fml.config.ConfigFileTypeHandler/CONFIG]: Watching TOML config file /workspaces/server-de-minecraft/servidor_minecraft/config/travelersbackpack-common.toml for changes
[05Dec2025 00:59:03.199] [main/DEBUG] [net.minecraftforge.fml.config.ConfigFileTypeHandler/CONFIG]: Built TOML config for /workspaces/server-de-minecraft/servidor_minecraft/config/modernfix-common.toml
[05Dec2025 00:59:03.199] [main/DEBUG] [net.minecraftforge.fml.config.ConfigFileTypeHandler/CONFIG]: Loaded TOML config file /workspaces/server-de-minecraft/servidor_minecraft/config/modernfix-common.toml
[05Dec2025 00:59:03.199] [main/DEBUG] [net.minecraftforge.fml.config.ConfigFileTypeHandler/CONFIG]: Watching TOML config file /workspaces/server-de-minecraft/servidor_minecraft/config/modernfix-common.toml for changes
[05Dec2025 00:59:03.200] [main/DEBUG] [net.minecraftforge.fml.config.ConfigFileTypeHandler/CONFIG]: Built TOML config for /workspaces/server-de-minecraft/servidor_minecraft/config/naturescompass-common.toml
[05Dec2025 00:59:03.200] [main/DEBUG] [net.minecraftforge.fml.config.ConfigFileTypeHandler/CONFIG]: Loaded TOML config file /workspaces/server-de-minecraft/servidor_minecraft/config/naturescompass-common.toml
[05Dec2025 00:59:03.200] [main/DEBUG] [net.minecraftforge.fml.config.ConfigFileTypeHandler/CONFIG]: Watching TOML config file /workspaces/server-de-minecraft/servidor_minecraft/config/naturescompass-common.toml for changes
[05Dec2025 00:59:03.201] [main/DEBUG] [net.minecraftforge.fml.config.ConfigFileTypeHandler/CONFIG]: Built TOML config for /workspaces/server-de-minecraft/servidor_minecraft/config/jeresources-common.toml
[05Dec2025 00:59:03.201] [main/DEBUG] [net.minecraftforge.fml.config.ConfigFileTypeHandler/CONFIG]: Loaded TOML config file /workspaces/server-de-minecraft/servidor_minecraft/config/jeresources-common.toml
[05Dec2025 00:59:03.201] [main/DEBUG] [net.minecraftforge.fml.config.ConfigFileTypeHandler/CONFIG]: Watching TOML config file /workspaces/server-de-minecraft/servidor_minecraft/config/jeresources-common.toml for changes
[05Dec2025 00:59:03.201] [main/DEBUG] [net.minecraftforge.fml.config.ConfigFileTypeHandler/CONFIG]: Built TOML config for /workspaces/server-de-minecraft/servidor_minecraft/config/carryon-common.toml
[05Dec2025 00:59:03.203] [main/DEBUG] [net.minecraftforge.fml.config.ConfigFileTypeHandler/CONFIG]: Loaded TOML config file /workspaces/server-de-minecraft/servidor_minecraft/config/carryon-common.toml
[05Dec2025 00:59:03.203] [main/DEBUG] [net.minecraftforge.fml.config.ConfigFileTypeHandler/CONFIG]: Watching TOML config file /workspaces/server-de-minecraft/servidor_minecraft/config/carryon-common.toml for changes
[05Dec2025 00:59:03.235] [main/DEBUG] [net.minecraftforge.fml.config.ConfigFileTypeHandler/CONFIG]: Built TOML config for /workspaces/server-de-minecraft/servidor_minecraft/config/dummmmmmy-common.toml
[05Dec2025 00:59:03.235] [main/DEBUG] [net.minecraftforge.fml.config.ConfigFileTypeHandler/CONFIG]: Loaded TOML config file /workspaces/server-de-minecraft/servidor_minecraft/config/dummmmmmy-common.toml
[05Dec2025 00:59:03.235] [main/DEBUG] [net.minecraftforge.fml.config.ConfigFileTypeHandler/CONFIG]: Watching TOML config file /workspaces/server-de-minecraft/servidor_minecraft/config/dummmmmmy-common.toml for changes
[05Dec2025 00:59:03.236] [main/DEBUG] [net.minecraftforge.fml.config.ConfigFileTypeHandler/CONFIG]: Built TOML config for /workspaces/server-de-minecraft/servidor_minecraft/config/craftingtweaks-common.toml
[05Dec2025 00:59:03.236] [main/DEBUG] [net.minecraftforge.fml.config.ConfigFileTypeHandler/CONFIG]: Loaded TOML config file /workspaces/server-de-minecraft/servidor_minecraft/config/craftingtweaks-common.toml
[05Dec2025 00:59:03.237] [main/DEBUG] [net.minecraftforge.fml.config.ConfigFileTypeHandler/CONFIG]: Watching TOML config file /workspaces/server-de-minecraft/servidor_minecraft/config/craftingtweaks-common.toml for changes
[05Dec2025 00:59:03.242] [main/DEBUG] [net.minecraftforge.fml.config.ConfigFileTypeHandler/CONFIG]: Built TOML config for /workspaces/server-de-minecraft/servidor_minecraft/config/moonlight-common.toml
[05Dec2025 00:59:03.243] [main/DEBUG] [net.minecraftforge.fml.config.ConfigFileTypeHandler/CONFIG]: Loaded TOML config file /workspaces/server-de-minecraft/servidor_minecraft/config/moonlight-common.toml
[05Dec2025 00:59:03.243] [main/DEBUG] [net.minecraftforge.fml.config.ConfigFileTypeHandler/CONFIG]: Watching TOML config file /workspaces/server-de-minecraft/servidor_minecraft/config/moonlight-common.toml for changes
[05Dec2025 00:59:03.244] [main/DEBUG] [net.minecraftforge.fml.config.ConfigFileTypeHandler/CONFIG]: Built TOML config for /workspaces/server-de-minecraft/servidor_minecraft/config/curios-common.toml
[05Dec2025 00:59:03.244] [main/DEBUG] [net.minecraftforge.fml.config.ConfigFileTypeHandler/CONFIG]: Loaded TOML config file /workspaces/server-de-minecraft/servidor_minecraft/config/curios-common.toml
[05Dec2025 00:59:03.244] [main/DEBUG] [net.minecraftforge.fml.config.ConfigFileTypeHandler/CONFIG]: Watching TOML config file /workspaces/server-de-minecraft/servidor_minecraft/config/curios-common.toml for changes
[05Dec2025 00:59:03.245] [main/DEBUG] [net.minecraftforge.fml.config.ConfigFileTypeHandler/CONFIG]: Built TOML config for /workspaces/server-de-minecraft/servidor_minecraft/config/lostcities/common.toml
[05Dec2025 00:59:03.245] [main/DEBUG] [net.minecraftforge.fml.config.ConfigFileTypeHandler/CONFIG]: Loaded TOML config file /workspaces/server-de-minecraft/servidor_minecraft/config/lostcities/common.toml
[05Dec2025 00:59:03.246] [main/DEBUG] [net.minecraftforge.fml.config.ConfigFileTypeHandler/CONFIG]: Watching TOML config file /workspaces/server-de-minecraft/servidor_minecraft/config/lostcities/common.toml for changes
[05Dec2025 00:59:03.246] [main/DEBUG] [net.minecraftforge.fml.config.ConfigFileTypeHandler/CONFIG]: Built TOML config for /workspaces/server-de-minecraft/servidor_minecraft/config/lootr-common.toml
[05Dec2025 00:59:03.246] [main/DEBUG] [net.minecraftforge.fml.config.ConfigFileTypeHandler/CONFIG]: Loaded TOML config file /workspaces/server-de-minecraft/servidor_minecraft/config/lootr-common.toml
[05Dec2025 00:59:03.247] [main/DEBUG] [net.minecraftforge.fml.config.ConfigFileTypeHandler/CONFIG]: Watching TOML config file /workspaces/server-de-minecraft/servidor_minecraft/config/lootr-common.toml for changes
[05Dec2025 00:59:03.248] [main/DEBUG] [net.minecraftforge.fml.config.ConfigFileTypeHandler/CONFIG]: Built TOML config for /workspaces/server-de-minecraft/servidor_minecraft/config/aiimprovements-common.toml
[05Dec2025 00:59:03.249] [main/DEBUG] [net.minecraftforge.fml.config.ConfigFileTypeHandler/CONFIG]: Loaded TOML config file /workspaces/server-de-minecraft/servidor_minecraft/config/aiimprovements-common.toml
[05Dec2025 00:59:03.249] [main/DEBUG] [net.minecraftforge.fml.config.ConfigFileTypeHandler/CONFIG]: Watching TOML config file /workspaces/server-de-minecraft/servidor_minecraft/config/aiimprovements-common.toml for changes
[05Dec2025 00:59:03.250] [main/DEBUG] [net.minecraftforge.fml.config.ConfigFileTypeHandler/CONFIG]: Built TOML config for /workspaces/server-de-minecraft/servidor_minecraft/config/cosmeticarmorreworked-common.toml
[05Dec2025 00:59:03.250] [main/DEBUG] [net.minecraftforge.fml.config.ConfigFileTypeHandler/CONFIG]: Loaded TOML config file /workspaces/server-de-minecraft/servidor_minecraft/config/cosmeticarmorreworked-common.toml
[05Dec2025 00:59:03.251] [main/DEBUG] [net.minecraftforge.fml.config.ConfigFileTypeHandler/CONFIG]: Watching TOML config file /workspaces/server-de-minecraft/servidor_minecraft/config/cosmeticarmorreworked-common.toml for changes
[05Dec2025 00:59:03.251] [main/DEBUG] [net.minecraftforge.fml.config.ConfigFileTypeHandler/CONFIG]: Built TOML config for /workspaces/server-de-minecraft/servidor_minecraft/config/chiselsandbits-common.toml
[05Dec2025 00:59:03.252] [main/DEBUG] [net.minecraftforge.fml.config.ConfigFileTypeHandler/CONFIG]: Loaded TOML config file /workspaces/server-de-minecraft/servidor_minecraft/config/chiselsandbits-common.toml
[05Dec2025 00:59:03.252] [main/DEBUG] [net.minecraftforge.fml.config.ConfigFileTypeHandler/CONFIG]: Watching TOML config file /workspaces/server-de-minecraft/servidor_minecraft/config/chiselsandbits-common.toml for changes
[05Dec2025 00:59:03.252] [main/DEBUG] [net.minecraftforge.fml.config.ConfigFileTypeHandler/CONFIG]: Built TOML config for /workspaces/server-de-minecraft/servidor_minecraft/config/jujutsucraft.toml
[05Dec2025 00:59:03.253] [main/DEBUG] [net.minecraftforge.fml.config.ConfigFileTypeHandler/CONFIG]: Loaded TOML config file /workspaces/server-de-minecraft/servidor_minecraft/config/jujutsucraft.toml
[05Dec2025 00:59:03.253] [main/DEBUG] [net.minecraftforge.fml.config.ConfigFileTypeHandler/CONFIG]: Watching TOML config file /workspaces/server-de-minecraft/servidor_minecraft/config/jujutsucraft.toml for changes
[05Dec2025 00:59:03.411] [modloading-worker-0/INFO] [incontrol/]: Enabling support for Lost Cities
[05Dec2025 00:59:03.412] [modloading-worker-0/INFO] [incontrol/]: Enabling support for Lost Cities
[05Dec2025 00:59:03.439] [modloading-worker-0/DEBUG] [ModernFix/]: Cleared 1678 object holder stacktrace references
[05Dec2025 00:59:03.443] [modloading-worker-0/DEBUG] [mixin/]: Mixing accessor.BrainAccessor from moonlight-common.mixins.json into net.minecraft.world.entity.ai.Brain
[05Dec2025 00:59:03.453] [Forge Version Check/INFO] [net.minecraftforge.fml.VersionChecker/]: [fastload] Starting version check at https://github.com/BumbleSoftware/Fastload/raw/Forge-1.20.1/updates.json
[05Dec2025 00:59:03.457] [modloading-worker-0/DEBUG] [mixin/]: Mixing AttributeMapMixin from attributeslib.mixins.json into net.minecraft.world.entity.ai.attributes.AttributeMap
[05Dec2025 00:59:03.457] [modloading-worker-0/DEBUG] [mixin/]: Renaming synthetic method lambda$setAttributesUpdating$0(Lnet/minecraft/world/entity/ai/attributes/Attribute;Lcom/mojang/datafixers/util/Pair;)V to mdc04f64$lambda$setAttributesUpdating$0$0 in attributeslib.mixins.json:AttributeMapMixin
[05Dec2025 00:59:03.464] [modloading-worker-0/DEBUG] [mixin/]: Mixing MixinSlotAttribute from curios.mixins.json into top.theillusivec4.curios.api.SlotAttribute
[05Dec2025 00:59:03.469] [modloading-worker-0/DEBUG] [mixin/]: Mixing MixinCuriosApi from curios.mixins.json into top.theillusivec4.curios.api.CuriosApi
[05Dec2025 00:59:03.509] [modloading-worker-0/DEBUG] [mixin/]: Mixing MixinPolymorphApi from polymorph.mixins.json into com.illusivesoulworks.polymorph.api.PolymorphApi
[05Dec2025 00:59:03.584] [main/DEBUG] [net.minecraftforge.fml.DeferredWorkQueue/LOADING]: Dispatching synchronous work for work queue COMMON_SETUP: 17 jobs
[05Dec2025 00:59:03.592] [main/DEBUG] [mixin/]: Mixing MixinNbtPredicate from curios.mixins.json into net.minecraft.advancements.critereon.NbtPredicate
[05Dec2025 00:59:03.629] [main/INFO] [com.tiviacz.travelersbackpack.TravelersBackpack/]: Registered the FluidEffect with Unique ID of minecraft:water for Water (Fluid Amount Required: 1000) with the ID 0
[05Dec2025 00:59:03.631] [main/INFO] [com.tiviacz.travelersbackpack.TravelersBackpack/]: Registered the FluidEffect with Unique ID of minecraft:lava for Lava (Fluid Amount Required: 1000) with the ID 1
[05Dec2025 00:59:03.632] [main/DEBUG] [mixin/]: Mixing PotionUtilsMixin from attributeslib.mixins.json into net.minecraft.world.item.alchemy.PotionUtils
[05Dec2025 00:59:03.637] [main/INFO] [com.tiviacz.travelersbackpack.TravelersBackpack/]: Registered the FluidEffect with Unique ID of travelersbackpack:potion for Uncraftable Potion (Fluid Amount Required: 250) with the ID 2
[05Dec2025 00:59:03.638] [main/INFO] [com.tiviacz.travelersbackpack.TravelersBackpack/]: Registered the FluidEffect with Unique ID of minecraft:milk for Milk (Fluid Amount Required: 1000) with the ID 3
[05Dec2025 00:59:03.645] [main/DEBUG] [Configured/]: Loaded com.mrcrayfish.configured.platform.ForgePlatformHelper@47c237fe for service interface com.mrcrayfish.configured.platform.services.IPlatformHelper
[05Dec2025 00:59:03.646] [main/DEBUG] [Configured/]: Loaded com.mrcrayfish.configured.platform.ForgeConfigHelper@501f21fe for service interface com.mrcrayfish.configured.platform.services.IConfigHelper
[05Dec2025 00:59:03.663] [Forge Version Check/DEBUG] [net.minecraftforge.fml.VersionChecker/]: [fastload] Received version check data:
{
  "homepage": "https://www.curseforge.com/minecraft/mc-mods/fastload",
  "promos": {
    "1.20.1-latest": "3.4.0",
    "1.20.1-recommended": "3.4.0",
    "1.19.4-latest": "3.4.0",
    "1.19.4-recommended": "3.4.0",
    "1.19.3-latest": "3.4.0",
    "1.19.3-recommended": "3.4.0",
    "1.19.2-latest": "3.4.0",
    "1.19.2-recommended": "3.4.0",
    "1.18.2-latest": "3.4.0",
    "1.18.2-recommended": "3.4.0"
  }
}
[05Dec2025 00:59:03.664] [Forge Version Check/INFO] [net.minecraftforge.fml.VersionChecker/]: [fastload] Found status: UP_TO_DATE Current: 3.4.0 Target: null
[05Dec2025 00:59:03.665] [Forge Version Check/INFO] [net.minecraftforge.fml.VersionChecker/]: [shrines] Starting version check at https://raw.githubusercontent.com/Silverminer007/MinecraftModsUpdateChecker/master/shrines-structures.json
[05Dec2025 00:59:03.675] [Forge Version Check/DEBUG] [net.minecraftforge.fml.VersionChecker/]: [shrines] Received version check data:
{
	"homepage": "https://www.curseforge.com/minecraft/mc-mods/shrines-structures",
	"promos": {
		"1.16.1-recommended": "1.16.1-1.3.0",
		"1.16.5-recommended": "1.16.5-2.3.0",
		"1.16.5-latest": "1.16.5-2.3.0",
		"1.18.1-recommended": "1.18.1-3.0.0",
		"1.18.1-latest": "1.18.1-3.0.0",
		"1.18.2-latest": "1.18.2-4.1.0",
		"1.18.2-recommended": "1.18.2-4.1.0",
		"1.19-latest": "1.19-5.0.0-alpha4",
		"1.20-latest": "1.20.1-6.0.1",
		"1.20-recommended": "1.20.1-6.0.0"
	}
}
[05Dec2025 00:59:03.675] [Forge Version Check/INFO] [net.minecraftforge.fml.VersionChecker/]: [shrines] Found status: BETA Current: 1.20.1-6.0.2 Target: null
[05Dec2025 00:59:03.676] [Forge Version Check/INFO] [net.minecraftforge.fml.VersionChecker/]: [attributefix] Starting version check at https://updates.blamejared.com/get?n=attributefix&gv=1.20.1
[05Dec2025 00:59:03.676] [main/INFO] [Moonlight/]: Initialized color sets in 18ms
[05Dec2025 00:59:03.741] [main/DEBUG] [net.minecraftforge.fml.DeferredWorkQueue/LOADING]: Synchronous work queue completed in 156.7 ms
[05Dec2025 00:59:03.817] [modloading-worker-0/INFO] [xaero.map.server.WorldMapServer/]: Loading Xaero's World Map - Stage 1/2 (Server)
[05Dec2025 00:59:03.818] [modloading-worker-0/INFO] [xaero.minimap.XaeroMinimap/]: Loading Xaero's Minimap - Stage 1/2 (Server)
[05Dec2025 00:59:03.843] [main/DEBUG] [net.minecraftforge.fml.DeferredWorkQueue/LOADING]: Dispatching synchronous work for work queue SIDED_SETUP: 2 jobs
[05Dec2025 00:59:03.843] [main/INFO] [xaero.map.server.WorldMapServer/]: Loading Xaero's World Map - Stage 2/2 (Server)
[05Dec2025 00:59:03.843] [Thread-0/INFO] [ModernFix/]: Please use /mfsrc to reload any changed mod config files
[05Dec2025 00:59:03.844] [main/INFO] [xaero.minimap.XaeroMinimap/]: Loading Xaero's Minimap - Stage 2/2 (Server)
[05Dec2025 00:59:03.845] [main/DEBUG] [net.minecraftforge.fml.DeferredWorkQueue/LOADING]: Synchronous work queue completed in 870.0 μs
[05Dec2025 00:59:04.006] [Forge Version Check/DEBUG] [net.minecraftforge.fml.VersionChecker/]: [attributefix] Received version check data:
{"homepage":"https://www.curseforge.com/minecraft/mc-mods/attributefix","promos":{"1.20.1-latest":"21.0.4"}}
[05Dec2025 00:59:04.006] [Forge Version Check/INFO] [net.minecraftforge.fml.VersionChecker/]: [attributefix] Found status: BETA Current: 21.0.4 Target: 21.0.4
[05Dec2025 00:59:04.007] [Forge Version Check/INFO] [net.minecraftforge.fml.VersionChecker/]: [reap] Starting version check at https://maxhenkel.de/update/reap.json
[05Dec2025 00:59:04.128] [modloading-worker-0/INFO] [AttributeFix/]: Loaded values for 48 compatible attributes.
[05Dec2025 00:59:04.133] [modloading-worker-0/INFO] [AttributeFix/]: Loaded 48 values from config.
[05Dec2025 00:59:04.143] [modloading-worker-0/INFO] [AttributeFix/]: Saving config file. 48 entries.
[05Dec2025 00:59:04.143] [modloading-worker-0/INFO] [AttributeFix/]: Applying changes for 48 attributes.
[05Dec2025 00:59:04.144] [modloading-worker-0/DEBUG] [AttributeFix/]: Modifying maximum value for minecraft:generic.attack_damage from 2048 to 1000000.
[05Dec2025 00:59:04.144] [modloading-worker-0/DEBUG] [AttributeFix/]: Modifying maximum value for minecraft:generic.armor from 30 to 1000000.
[05Dec2025 00:59:04.144] [modloading-worker-0/DEBUG] [AttributeFix/]: Modifying maximum value for minecraft:generic.max_health from 1024 to 1000000.
[05Dec2025 00:59:04.144] [modloading-worker-0/DEBUG] [AttributeFix/]: Modifying maximum value for minecraft:generic.attack_knockback from 5 to 1000000.
[05Dec2025 00:59:04.144] [modloading-worker-0/DEBUG] [AttributeFix/]: Modifying maximum value for minecraft:generic.armor_toughness from 20 to 1000000.
[05Dec2025 00:59:04.158] [modloading-worker-0/INFO] [Jade/]: Start loading plugin at net.blay09.mods.waystones.compat.JadeIntegration
[05Dec2025 00:59:04.164] [modloading-worker-0/INFO] [Jade/]: Start loading plugin at dev.shadowsoffire.gateways.compat.GatewayJadePlugin
[05Dec2025 00:59:04.165] [modloading-worker-0/INFO] [Jade/]: Start loading plugin at net.blay09.mods.balm.forge.compat.hudinfo.ForgeJadeModCompat
[05Dec2025 00:59:04.166] [modloading-worker-0/INFO] [Jade/]: Start loading plugin at snownee.jade.addon.vanilla.VanillaPlugin
[05Dec2025 00:59:04.176] [modloading-worker-0/INFO] [Jade/]: Start loading plugin at snownee.jade.addon.universal.UniversalPlugin
[05Dec2025 00:59:04.179] [modloading-worker-0/INFO] [Jade/]: Start loading plugin at snownee.jade.addon.core.CorePlugin
[05Dec2025 00:59:04.181] [modloading-worker-0/INFO] [Jade/]: Start loading plugin at de.maxhenkel.gravestone.integration.waila.PluginGraveStone
[05Dec2025 00:59:04.203] [main/DEBUG] [net.minecraftforge.fml.DeferredWorkQueue/LOADING]: Dispatching synchronous work for work queue COMPLETE: 1 jobs
[05Dec2025 00:59:04.203] [main/DEBUG] [net.minecraftforge.fml.DeferredWorkQueue/LOADING]: Synchronous work queue completed in 51.24 μs
[05Dec2025 00:59:04.738] [main/INFO] [com.mojang.authlib.yggdrasil.YggdrasilAuthenticationService/]: Environment: authHost='https://authserver.mojang.com', accountsHost='https://api.mojang.com', sessionHost='https://sessionserver.mojang.com', servicesHost='https://api.minecraftservices.com', name='PROD'
[05Dec2025 00:59:04.762] [main/DEBUG] [mixin/]: Mixing bugfix.removed_dimensions.LevelStorageSourceMixin from modernfix-forge.mixins.json into net.minecraft.world.level.storage.LevelStorageSource
[05Dec2025 00:59:04.774] [main/DEBUG] [mixin/]: Mixing perf.dynamic_dfu.DataFixersMixin from modernfix-common.mixins.json into net.minecraft.util.datafix.DataFixers
[05Dec2025 00:59:04.775] [main/DEBUG] [mixin/]: Renaming synthetic method lambda$createLazyFixerUpper$0(Ljava/util/Set;)Lcom/mojang/datafixers/DataFixer; to mdc04f64$lambda$createLazyFixerUpper$0$0 in modernfix-common.mixins.json:perf.dynamic_dfu.DataFixersMixin
[05Dec2025 00:59:04.863] [main/INFO] [ModernFix/]: Bypassed Mojang DFU
[05Dec2025 00:59:05.062] [main/DEBUG] [mixin/]: Mixing perf.dynamic_dfu.DataFixTypesMixin from modernfix-common.mixins.json into net.minecraft.util.datafix.DataFixTypes
[05Dec2025 00:59:05.082] [main/DEBUG] [mixin/]: Mixing VanillaPackResourcesAccessor from creativecore.mixins.json into net.minecraft.server.packs.VanillaPackResources
[05Dec2025 00:59:05.084] [main/WARN] [net.minecraft.server.packs.VanillaPackResourcesBuilder/]: Assets URL 'union:/workspaces/server-de-minecraft/servidor_minecraft/libraries/net/minecraft/server/1.20.1-20230612.114412/server-1.20.1-20230612.114412-srg.jar%23239!/assets/.mcassetsroot' uses unexpected schema
[05Dec2025 00:59:05.084] [main/WARN] [net.minecraft.server.packs.VanillaPackResourcesBuilder/]: Assets URL 'union:/workspaces/server-de-minecraft/servidor_minecraft/libraries/net/minecraft/server/1.20.1-20230612.114412/server-1.20.1-20230612.114412-srg.jar%23239!/data/.mcassetsroot' uses unexpected schema
[05Dec2025 00:59:05.104] [main/DEBUG] [Smooth Boot (Reloaded)/]: Replaced Main Executor
[05Dec2025 00:59:05.105] [main/DEBUG] [mixin/]: Mixing feature.measure_time.WorldLoaderMixin from modernfix-common.mixins.json into net.minecraft.server.WorldLoader
[05Dec2025 00:59:05.105] [main/DEBUG] [mixin/]: Renaming synthetic method lambda$finishStopwatch$0(Lcom/google/common/base/Stopwatch;Ljava/lang/Object;Ljava/lang/Throwable;)V to mdc04f64$lambda$finishStopwatch$0$0 in modernfix-common.mixins.json:feature.measure_time.WorldLoaderMixin
[05Dec2025 00:59:05.106] [main/DEBUG] [mixin/]: Mixing core.WorldLoaderMixin from modernfix-forge.mixins.json into net.minecraft.server.WorldLoader
[05Dec2025 00:59:05.106] [main/DEBUG] [mixin/]: Renaming synthetic method lambda$trackEndReload$0(Ljava/lang/Object;)Ljava/lang/Object; to mdc04f64$lambda$trackEndReload$0$1 in modernfix-forge.mixins.json:core.WorldLoaderMixin
[05Dec2025 00:59:05.116] [main/DEBUG] [mixin/]: Mixing perf.resourcepacks.ForgePathPackResourcesMixin from modernfix-forge.mixins.json into net.minecraftforge.resource.PathPackResources
[05Dec2025 00:59:05.117] [main/DEBUG] [mixin/]: Renaming synthetic method lambda$generateResourceCache$0(Lnet/minecraft/server/packs/PackType;)Ljava/nio/file/Path; to mdc04f64$lambda$generateResourceCache$0$0 in modernfix-forge.mixins.json:perf.resourcepacks.ForgePathPackResourcesMixin
[05Dec2025 00:59:05.118] [Forge Version Check/DEBUG] [net.minecraftforge.fml.VersionChecker/]: [reap] Received version check data:
{"1.18":{"1.18-1.0.1":"Fixed loader version requirement"},"1.19":{"1.19-1.0.1":"Updated Forge version"},"promos":{"1.14.4-recommended":"1.10.2","1.14.3-recommended":"1.9.0","1.19.3-recommended":"1.19.3-1.0.0","1.19.1-recommended":"1.19.1-1.0.0","1.19.4-recommended":"1.19.4-1.0.0","1.19.2-recommended":"1.19.2-1.0.0","1.10.2-latest":"1.3.5","1.14.2-recommended":"1.8.2","1.14.3-latest":"1.9.0","1.10.2-recommended":"1.3.5","1.20.1-latest":"1.20.1-1.1.2","1.16.4-latest":"1.16.4-1.0.3","1.11.2-recommended":"1.4.2","1.19.3-latest":"1.19.3-1.0.0","1.16.2-latest":"1.16.2-1.0.1","1.15.2-recommended":"1.12.4","1.19.1-latest":"1.19.1-1.0.0","1.15.1-recommended":"1.11.1","1.11.2-latest":"1.4.2","1.18.1-latest":"1.18.1-1.0.1","1.15.1-latest":"1.11.1","1.18.2-latest":"1.18.2-1.0.0","1.12.2-latest":"1.5.3","1.12.2-recommended":"1.5.2","1.19-latest":"1.19-1.0.1","1.17.1-recommended":"1.17.1-1.0.0","1.16.1-recommended":"1.16.1-1.0.2","1.16.2-recommended":"1.16.2-1.0.1","1.18-latest":"1.18-1.0.1","1.16.5-recommended":"1.16.5-1.0.0","1.16.4-recommended":"1.16.4-1.0.3","1.20.1-recommended":"1.20.1-1.0.2","1.16.3-recommended":"1.16.3-1.0.2","1.15.2-latest":"1.12.5","1.20.2-recommended":"1.20.2-1.0.2","1.14.4-latest":"1.10.2","1.13.2-recommended":"1.7.0","1.18.2-recommended":"1.18.2-1.0.0","1.17.1-latest":"1.17.1-1.0.0","1.13.2-latest":"1.7.0","1.18.1-recommended":"1.18.1-1.0.0","1.16.3-latest":"1.16.3-1.0.2","1.20.2-latest":"1.20.2-1.0.2","1.19.2-latest":"1.19.2-1.1.2","1.19.4-latest":"1.19.4-1.0.0","1.16.5-latest":"1.16.5-1.0.1","1.19-recommended":"1.19-1.0.1","1.16.1-latest":"1.16.1-1.0.3","1.18-recommended":"1.18-1.0.1","1.14.2-latest":"1.8.2"},"1.20.2":{"1.20.2-1.0.2":""},"1.20.1":{"1.20.1-1.1.2":"Added mod icon\nFixed too many seeds dropped","1.20.1-1.0.2":""},"1.16.4":{"1.16.4-1.0.3":"Fixed missing blocks not working in config"},"1.18.2":{"1.18.2-1.0.0":"Updated to 1.18.2"},"1.19.1":{"1.19.1-1.0.0":"Updated to 1.19.1"},"1.16.5":{"1.16.5-1.0.0":"Updated to 1.16.5","1.16.5-1.0.1":"Updated to official mappings"},"1.19.2":{"1.19.2-1.1.2":"Added mod icon\nFixed too many seeds dropped","1.19.2-1.0.0":"Updated to 1.19.2"},"1.19.3":{"1.19.3-1.0.0":"Updated to 1.19.3"},"1.19.4":{"1.19.4-1.0.0":"Updated to 1.19.4"},"1.14.2":{"1.8.2":"Fixed a crash on startup"},"1.15.1":{"1.11.1":"Fixed tree harvesting crouch issue"},"1.14.3":{"1.9.0":"Updated to 1.14.3"},"1.15.2":{"1.12.4":"Fixed tree tools not working","1.12.5":"Added dynamic tree breaking speed"},"1.16.1":{"1.16.1-1.0.3":"Internal changes","1.16.1-1.0.2":"Reorganized config\nAdded configurable breaking speed"},"1.14.4":{"1.10.2":"Added missing ground types to config"},"1.16.2":{"1.16.2-1.0.1":"Updated pack format"},"1.17.1":{"1.17.1-1.0.0":"Updated to 1.17.1"},"1.16.3":{"1.16.3-1.0.2":"Updated mods.toml"},"1.18.1":{"1.18.1-1.0.0":"Updated to 1.18.1","1.18.1-1.0.1":"Added Config option to specify the maximum amount of logs to get harvested in one go"},"1.10.2":{"1.3.5":"Fixed config error"},"1.11.2":{"1.4.2":"Fixed config error"},"1.12.2":{"1.5.2":"Fixed tree harvest config issue","1.5.3":"Fixed log axis harvesting issue"},"1.13.2":{"1.7.0":"Updated to 1.13.2"},"homepage":"https://www.curseforge.com/minecraft/mc-mods/reap-mod"}
[05Dec2025 00:59:05.119] [Forge Version Check/INFO] [net.minecraftforge.fml.VersionChecker/]: [reap] Found status: UP_TO_DATE Current: 1.20.1-1.0.2 Target: null
[05Dec2025 00:59:05.120] [Forge Version Check/INFO] [net.minecraftforge.fml.VersionChecker/]: [clumps] Starting version check at https://updates.blamejared.com/get?n=clumps&gv=1.20.1
[05Dec2025 00:59:05.131] [main/DEBUG] [mixin/]: Mixing PathPackResourcesAccessor from creativecore.mixins.json into net.minecraft.server.packs.PathPackResources
[05Dec2025 00:59:05.136] [main/DEBUG] [net.minecraftforge.server.ServerLifecycleHooks/CORE]: Generating PackInfo named mod:tetra for mod file /workspaces/server-de-minecraft/servidor_minecraft/mods/tetra-1.20.1-6.11.0.jar
[05Dec2025 00:59:05.136] [main/DEBUG] [net.minecraftforge.server.ServerLifecycleHooks/CORE]: Generating PackInfo named mod:inventorysorter for mod file /workspaces/server-de-minecraft/servidor_minecraft/mods/inventorysorter-1.20.1-23.0.11.jar
[05Dec2025 00:59:05.137] [main/DEBUG] [net.minecraftforge.server.ServerLifecycleHooks/CORE]: Generating PackInfo named mod:kuma_api for mod file 
[05Dec2025 00:59:05.137] [main/DEBUG] [net.minecraftforge.server.ServerLifecycleHooks/CORE]: Generating PackInfo named mod:fastload for mod file /workspaces/server-de-minecraft/servidor_minecraft/mods/Fastload-Reforged-mc1.20.1-3.4.0.jar
[05Dec2025 00:59:05.137] [main/DEBUG] [net.minecraftforge.server.ServerLifecycleHooks/CORE]: Generating PackInfo named mod:trashslot for mod file /workspaces/server-de-minecraft/servidor_minecraft/mods/trashslot-forge-1.20-15.1.2.jar
[05Dec2025 00:59:05.137] [main/DEBUG] [net.minecraftforge.server.ServerLifecycleHooks/CORE]: Generating PackInfo named mod:netherportalfix for mod file /workspaces/server-de-minecraft/servidor_minecraft/mods/netherportalfix-forge-1.20-13.0.1.jar
[05Dec2025 00:59:05.138] [main/DEBUG] [net.minecraftforge.server.ServerLifecycleHooks/CORE]: Generating PackInfo named mod:geckolib for mod file /workspaces/server-de-minecraft/servidor_minecraft/mods/geckolib-forge-1.20.1-4.7.2.jar
[05Dec2025 00:59:05.138] [main/DEBUG] [net.minecraftforge.server.ServerLifecycleHooks/CORE]: Generating PackInfo named mod:scena for mod file 
[05Dec2025 00:59:05.138] [main/DEBUG] [net.minecraftforge.server.ServerLifecycleHooks/CORE]: Generating PackInfo named mod:shrines for mod file /workspaces/server-de-minecraft/servidor_minecraft/mods/Shrines-1.20.1-6.0.2.jar
[05Dec2025 00:59:05.139] [main/DEBUG] [net.minecraftforge.server.ServerLifecycleHooks/CORE]: Generating PackInfo named mod:playeranimator for mod file /workspaces/server-de-minecraft/servidor_minecraft/mods/player-animation-lib-forge-1.0.2-rc1+1.20.jar
[05Dec2025 00:59:05.139] [main/DEBUG] [net.minecraftforge.server.ServerLifecycleHooks/CORE]: Generating PackInfo named mod:jei for mod file /workspaces/server-de-minecraft/servidor_minecraft/mods/jei-1.20.1-forge-15.20.0.106.jar
[05Dec2025 00:59:05.139] [main/DEBUG] [net.minecraftforge.server.ServerLifecycleHooks/CORE]: Generating PackInfo named mod:attributefix for mod file /workspaces/server-de-minecraft/servidor_minecraft/mods/AttributeFix-Forge-1.20.1-21.0.4.jar
[05Dec2025 00:59:05.140] [main/DEBUG] [net.minecraftforge.server.ServerLifecycleHooks/CORE]: Generating PackInfo named mod:incontrol for mod file /workspaces/server-de-minecraft/servidor_minecraft/mods/incontrol-1.20-9.4.1.jar
[05Dec2025 00:59:05.140] [main/DEBUG] [net.minecraftforge.server.ServerLifecycleHooks/CORE]: Generating PackInfo named mod:libraryferret for mod file /workspaces/server-de-minecraft/servidor_minecraft/mods/libraryferret-forge-1.20.1-4.0.0.jar
[05Dec2025 00:59:05.140] [main/DEBUG] [net.minecraftforge.server.ServerLifecycleHooks/CORE]: Generating PackInfo named mod:reap for mod file /workspaces/server-de-minecraft/servidor_minecraft/mods/reap-1.20.1-1.0.2.jar
[05Dec2025 00:59:05.140] [main/DEBUG] [net.minecraftforge.server.ServerLifecycleHooks/CORE]: Generating PackInfo named mod:waystones for mod file /workspaces/server-de-minecraft/servidor_minecraft/mods/waystones-forge-1.20.1-14.1.17.jar
[05Dec2025 00:59:05.141] [main/DEBUG] [net.minecraftforge.server.ServerLifecycleHooks/CORE]: Generating PackInfo named mod:clumps for mod file /workspaces/server-de-minecraft/servidor_minecraft/mods/Clumps-forge-1.20.1-12.0.0.4.jar
[05Dec2025 00:59:05.141] [main/DEBUG] [net.minecraftforge.server.ServerLifecycleHooks/CORE]: Generating PackInfo named mod:xaeroworldmap for mod file /workspaces/server-de-minecraft/servidor_minecraft/mods/XaerosWorldMap_1.39.12_Forge_1.20.jar
[05Dec2025 00:59:05.141] [main/DEBUG] [net.minecraftforge.server.ServerLifecycleHooks/CORE]: Generating PackInfo named mod:prism for mod file /workspaces/server-de-minecraft/servidor_minecraft/mods/Prism-1.20.1-forge-1.0.5.jar
[05Dec2025 00:59:05.141] [main/DEBUG] [net.minecraftforge.server.ServerLifecycleHooks/CORE]: Generating PackInfo named mod:placebo for mod file /workspaces/server-de-minecraft/servidor_minecraft/mods/Placebo-1.20.1-8.6.3.jar
[05Dec2025 00:59:05.142] [main/DEBUG] [net.minecraftforge.server.ServerLifecycleHooks/CORE]: Generating PackInfo named mod:modernfix for mod file /workspaces/server-de-minecraft/servidor_minecraft/mods/modernfix-forge-5.25.1+mc1.20.1.jar
[05Dec2025 00:59:05.142] [main/DEBUG] [net.minecraftforge.server.ServerLifecycleHooks/CORE]: Generating PackInfo named mod:travelersbackpack for mod file /workspaces/server-de-minecraft/servidor_minecraft/mods/travelersbackpack-forge-1.20.1-9.1.46.jar
[05Dec2025 00:59:05.142] [main/DEBUG] [net.minecraftforge.server.ServerLifecycleHooks/CORE]: Generating PackInfo named mod:naturescompass for mod file /workspaces/server-de-minecraft/servidor_minecraft/mods/NaturesCompass-1.20.1-1.11.2-forge.jar
[05Dec2025 00:59:05.142] [main/DEBUG] [net.minecraftforge.server.ServerLifecycleHooks/CORE]: Generating PackInfo named mod:configured for mod file /workspaces/server-de-minecraft/servidor_minecraft/mods/configured-forge-1.20.1-2.2.3.jar
[05Dec2025 00:59:05.142] [main/DEBUG] [net.minecraftforge.server.ServerLifecycleHooks/CORE]: Generating PackInfo named mod:gateways for mod file /workspaces/server-de-minecraft/servidor_minecraft/mods/GatewaysToEternity-1.20.1-4.2.6.jar
[05Dec2025 00:59:05.143] [main/DEBUG] [net.minecraftforge.server.ServerLifecycleHooks/CORE]: Generating PackInfo named mod:maxhealthfix for mod file /workspaces/server-de-minecraft/servidor_minecraft/mods/MaxHealthFix-Forge-1.20.1-12.0.3.jar
[05Dec2025 00:59:05.143] [main/DEBUG] [net.minecraftforge.server.ServerLifecycleHooks/CORE]: Generating PackInfo named mod:mixinextras for mod file 
[05Dec2025 00:59:05.143] [main/DEBUG] [net.minecraftforge.server.ServerLifecycleHooks/CORE]: Generating PackInfo named mod:bookshelf for mod file /workspaces/server-de-minecraft/servidor_minecraft/mods/Bookshelf-Forge-1.20.1-20.2.13.jar
[05Dec2025 00:59:05.143] [main/DEBUG] [net.minecraftforge.server.ServerLifecycleHooks/CORE]: Generating PackInfo named mod:balm for mod file /workspaces/server-de-minecraft/servidor_minecraft/mods/balm-forge-1.20.1-7.3.37-all.jar
[05Dec2025 00:59:05.144] [main/DEBUG] [net.minecraftforge.server.ServerLifecycleHooks/CORE]: Generating PackInfo named mod:carryon for mod file /workspaces/server-de-minecraft/servidor_minecraft/mods/carryon-forge-1.20.1-2.1.2.7.jar
[05Dec2025 00:59:05.144] [main/DEBUG] [net.minecraftforge.server.ServerLifecycleHooks/CORE]: Generating PackInfo named mod:sodiumoptionsapi for mod file /workspaces/server-de-minecraft/servidor_minecraft/mods/sodiumoptionsapi-forge-1.0.10-1.20.1.jar
[05Dec2025 00:59:05.144] [main/DEBUG] [net.minecraftforge.server.ServerLifecycleHooks/CORE]: Generating PackInfo named mod:jeresources for mod file /workspaces/server-de-minecraft/servidor_minecraft/mods/JustEnoughResources-1.20.1-1.4.0.247.jar
[05Dec2025 00:59:05.145] [main/DEBUG] [net.minecraftforge.server.ServerLifecycleHooks/CORE]: Generating PackInfo named mod:cloth_config for mod file /workspaces/server-de-minecraft/servidor_minecraft/mods/cloth-config-11.1.136-forge.jar
[05Dec2025 00:59:05.145] [main/DEBUG] [net.minecraftforge.server.ServerLifecycleHooks/CORE]: Generating PackInfo named mod:forge for mod file /workspaces/server-de-minecraft/servidor_minecraft/libraries/net/minecraftforge/forge/1.20.1-47.4.3/forge-1.20.1-47.4.3-universal.jar
[05Dec2025 00:59:05.145] [main/DEBUG] [net.minecraftforge.server.ServerLifecycleHooks/CORE]: Generating PackInfo named mod:dummmmmmy for mod file /workspaces/server-de-minecraft/servidor_minecraft/mods/dummmmmmy-1.20-2.0.9.jar
[05Dec2025 00:59:05.145] [main/DEBUG] [net.minecraftforge.server.ServerLifecycleHooks/CORE]: Generating PackInfo named mod:sodiumdynamiclights for mod file /workspaces/server-de-minecraft/servidor_minecraft/mods/sodiumdynamiclights-forge-1.0.10-1.20.1.jar
[05Dec2025 00:59:05.145] [main/DEBUG] [net.minecraftforge.server.ServerLifecycleHooks/CORE]: Generating PackInfo named mod:ironchest for mod file /workspaces/server-de-minecraft/servidor_minecraft/mods/ironchest-1.20.1-14.4.4.jar
[05Dec2025 00:59:05.146] [main/DEBUG] [net.minecraftforge.server.ServerLifecycleHooks/CORE]: Generating PackInfo named mod:advancementplaques for mod file /workspaces/server-de-minecraft/servidor_minecraft/mods/AdvancementPlaques-1.20.1-forge-1.6.9.jar
[05Dec2025 00:59:05.146] [main/DEBUG] [net.minecraftforge.server.ServerLifecycleHooks/CORE]: Generating PackInfo named mod:craftingtweaks for mod file /workspaces/server-de-minecraft/servidor_minecraft/mods/craftingtweaks-forge-1.20.1-18.2.6.jar
[05Dec2025 00:59:05.146] [main/DEBUG] [net.minecraftforge.server.ServerLifecycleHooks/CORE]: Generating PackInfo named mod:w2w2 for mod file /workspaces/server-de-minecraft/servidor_minecraft/mods/xaeros_waystones_compability-1.0.jar
[05Dec2025 00:59:05.147] [main/DEBUG] [net.minecraftforge.server.ServerLifecycleHooks/CORE]: Generating PackInfo named mod:moonlight for mod file /workspaces/server-de-minecraft/servidor_minecraft/mods/moonlight-1.20-2.16.16-forge.jar
[05Dec2025 00:59:05.147] [main/DEBUG] [net.minecraftforge.server.ServerLifecycleHooks/CORE]: Generating PackInfo named mod:fabric_api_base for mod file 
[05Dec2025 00:59:05.147] [main/DEBUG] [net.minecraftforge.server.ServerLifecycleHooks/CORE]: Generating PackInfo named mod:jade for mod file /workspaces/server-de-minecraft/servidor_minecraft/mods/Jade-1.20.1-Forge-11.13.2.jar
[05Dec2025 00:59:05.147] [main/DEBUG] [net.minecraftforge.server.ServerLifecycleHooks/CORE]: Generating PackInfo named mod:ironfurnaces for mod file /workspaces/server-de-minecraft/servidor_minecraft/mods/ironfurnaces-1.20.1-4.1.6.jar
[05Dec2025 00:59:05.148] [main/DEBUG] [net.minecraftforge.server.ServerLifecycleHooks/CORE]: Generating PackInfo named mod:creativecore for mod file /workspaces/server-de-minecraft/servidor_minecraft/mods/CreativeCore_FORGE_v2.12.32_mc1.20.1.jar
[05Dec2025 00:59:05.148] [main/DEBUG] [net.minecraftforge.server.ServerLifecycleHooks/CORE]: Generating PackInfo named mod:cleanswing for mod file /workspaces/server-de-minecraft/servidor_minecraft/mods/cleanswing-1.20-1.8.jar
[05Dec2025 00:59:05.148] [main/DEBUG] [net.minecraftforge.server.ServerLifecycleHooks/CORE]: Generating PackInfo named mod:spectrelib for mod file 
[05Dec2025 00:59:05.149] [main/DEBUG] [net.minecraftforge.server.ServerLifecycleHooks/CORE]: Generating PackInfo named mod:smoothboot for mod file /workspaces/server-de-minecraft/servidor_minecraft/mods/smoothboot(reloaded)-mc1.20.1-0.0.4.jar
[05Dec2025 00:59:05.149] [main/DEBUG] [net.minecraftforge.server.ServerLifecycleHooks/CORE]: Generating PackInfo named mod:highlighter for mod file /workspaces/server-de-minecraft/servidor_minecraft/mods/Highlighter-1.20.1-forge-1.1.9.jar
[05Dec2025 00:59:05.149] [main/DEBUG] [net.minecraftforge.server.ServerLifecycleHooks/CORE]: Generating PackInfo named mod:jeiintegration for mod file /workspaces/server-de-minecraft/servidor_minecraft/mods/jeiintegration_1.20.1-10.0.0.jar
[05Dec2025 00:59:05.150] [main/DEBUG] [net.minecraftforge.server.ServerLifecycleHooks/CORE]: Generating PackInfo named mod:iceberg for mod file /workspaces/server-de-minecraft/servidor_minecraft/mods/Iceberg-1.20.1-forge-1.1.25.jar
[05Dec2025 00:59:05.150] [main/DEBUG] [net.minecraftforge.server.ServerLifecycleHooks/CORE]: Generating PackInfo named mod:curios for mod file /workspaces/server-de-minecraft/servidor_minecraft/mods/curios-forge-5.14.1+1.20.1.jar
[05Dec2025 00:59:05.150] [main/DEBUG] [net.minecraftforge.server.ServerLifecycleHooks/CORE]: Generating PackInfo named mod:mutil for mod file /workspaces/server-de-minecraft/servidor_minecraft/mods/mutil-1.20.1-6.2.0.jar
[05Dec2025 00:59:05.150] [main/DEBUG] [net.minecraftforge.server.ServerLifecycleHooks/CORE]: Generating PackInfo named mod:xaerominimap for mod file /workspaces/server-de-minecraft/servidor_minecraft/mods/Xaeros_Minimap_25.2.10_Forge_1.20.jar
[05Dec2025 00:59:05.151] [main/DEBUG] [net.minecraftforge.server.ServerLifecycleHooks/CORE]: Generating PackInfo named mod:gravestone for mod file /workspaces/server-de-minecraft/servidor_minecraft/mods/gravestone-forge-1.20.1-1.0.35.jar
[05Dec2025 00:59:05.151] [main/DEBUG] [net.minecraftforge.server.ServerLifecycleHooks/CORE]: Generating PackInfo named mod:fastbench for mod file /workspaces/server-de-minecraft/servidor_minecraft/mods/FastWorkbench-1.20.1-8.0.4.jar
[05Dec2025 00:59:05.151] [main/DEBUG] [net.minecraftforge.server.ServerLifecycleHooks/CORE]: Generating PackInfo named mod:searchables for mod file /workspaces/server-de-minecraft/servidor_minecraft/mods/Searchables-forge-1.20.1-1.0.3.jar
[05Dec2025 00:59:05.151] [main/DEBUG] [net.minecraftforge.server.ServerLifecycleHooks/CORE]: Generating PackInfo named mod:polymorph for mod file /workspaces/server-de-minecraft/servidor_minecraft/mods/polymorph-forge-0.49.10+1.20.1.jar
[05Dec2025 00:59:05.152] [main/DEBUG] [net.minecraftforge.server.ServerLifecycleHooks/CORE]: Generating PackInfo named mod:sit for mod file /workspaces/server-de-minecraft/servidor_minecraft/mods/sit-1.20.1-1.3.5.jar
[05Dec2025 00:59:05.152] [main/DEBUG] [net.minecraftforge.server.ServerLifecycleHooks/CORE]: Generating PackInfo named mod:parcool for mod file /workspaces/server-de-minecraft/servidor_minecraft/mods/ParCool-1.20.1-3.4.1.5.jar
[05Dec2025 00:59:05.152] [main/DEBUG] [net.minecraftforge.server.ServerLifecycleHooks/CORE]: Generating PackInfo named mod:attributeslib for mod file /workspaces/server-de-minecraft/servidor_minecraft/mods/ApothicAttributes-1.20.1-1.3.7.jar
[05Dec2025 00:59:05.152] [main/DEBUG] [net.minecraftforge.server.ServerLifecycleHooks/CORE]: Generating PackInfo named mod:bettervillage for mod file /workspaces/server-de-minecraft/servidor_minecraft/mods/bettervillage-forge-1.20.1-3.3.1-all.jar
[05Dec2025 00:59:05.153] [main/DEBUG] [net.minecraftforge.server.ServerLifecycleHooks/CORE]: Generating PackInfo named mod:lostcities for mod file /workspaces/server-de-minecraft/servidor_minecraft/mods/lostcities-1.20-7.4.5.jar
[05Dec2025 00:59:05.153] [main/DEBUG] [net.minecraftforge.server.ServerLifecycleHooks/CORE]: Generating PackInfo named mod:jujutsucraft for mod file /workspaces/server-de-minecraft/servidor_minecraft/mods/JujutsuCraft-ver44.3-forge-1.20.1.jar
[05Dec2025 00:59:05.153] [main/DEBUG] [net.minecraftforge.server.ServerLifecycleHooks/CORE]: Generating PackInfo named mod:fastfurnace for mod file /workspaces/server-de-minecraft/servidor_minecraft/mods/FastFurnace-1.20.1-8.0.2.jar
[05Dec2025 00:59:05.153] [main/DEBUG] [net.minecraftforge.server.ServerLifecycleHooks/CORE]: Generating PackInfo named mod:architectury for mod file /workspaces/server-de-minecraft/servidor_minecraft/mods/architectury-9.2.14-forge.jar
[05Dec2025 00:59:05.154] [main/DEBUG] [net.minecraftforge.server.ServerLifecycleHooks/CORE]: Generating PackInfo named mod:lootr for mod file /workspaces/server-de-minecraft/servidor_minecraft/mods/lootr-forge-1.20-0.7.35.93.jar
[05Dec2025 00:59:05.154] [main/DEBUG] [net.minecraftforge.server.ServerLifecycleHooks/CORE]: Generating PackInfo named mod:ferritecore for mod file /workspaces/server-de-minecraft/servidor_minecraft/mods/ferritecore-6.0.1-forge.jar
[05Dec2025 00:59:05.154] [main/DEBUG] [net.minecraftforge.server.ServerLifecycleHooks/CORE]: Generating PackInfo named mod:aiimprovements for mod file /workspaces/server-de-minecraft/servidor_minecraft/mods/AI-Improvements-1.20-0.5.2.jar
[05Dec2025 00:59:05.155] [main/DEBUG] [net.minecraftforge.server.ServerLifecycleHooks/CORE]: Generating PackInfo named mod:framework for mod file /workspaces/server-de-minecraft/servidor_minecraft/mods/framework-forge-1.20.1-0.7.15.jar
[05Dec2025 00:59:05.155] [main/DEBUG] [net.minecraftforge.server.ServerLifecycleHooks/CORE]: Generating PackInfo named mod:fastleafdecay for mod file /workspaces/server-de-minecraft/servidor_minecraft/mods/FastLeafDecay-32.jar
[05Dec2025 00:59:05.155] [main/DEBUG] [net.minecraftforge.server.ServerLifecycleHooks/CORE]: Generating PackInfo named mod:cosmeticarmorreworked for mod file /workspaces/server-de-minecraft/servidor_minecraft/mods/cosmeticarmorreworked-1.20.1-v1a.jar
[05Dec2025 00:59:05.155] [main/DEBUG] [net.minecraftforge.server.ServerLifecycleHooks/CORE]: Generating PackInfo named mod:chiselsandbits for mod file /workspaces/server-de-minecraft/servidor_minecraft/mods/chisels-and-bits-forge-1.4.148.jar
[05Dec2025 00:59:05.156] [main/DEBUG] [net.minecraftforge.server.ServerLifecycleHooks/CORE]: Generating PackInfo named mod:xpbook for mod file /workspaces/server-de-minecraft/servidor_minecraft/mods/xptome-1.20.1-2.2.1.jar
[05Dec2025 00:59:05.159] [main/DEBUG] [mixin/]: Mixing ServerMultiPackResourceManagerMixin from moonlight-common.mixins.json into net.minecraft.server.packs.resources.MultiPackResourceManager
[05Dec2025 00:59:05.188] [main/DEBUG] [ModernFix/]: Generated cache for /assets in 3.975 ms
[05Dec2025 00:59:05.193] [main/INFO] [Moonlight/]: Starting runtime resource generation for pack type SERVER_DATA with generators from mods []: []
[05Dec2025 00:59:05.193] [main/INFO] [Moonlight/]: Finished runtime resources generation for 0 packs in a total of 0 ms
[05Dec2025 00:59:05.218] [Forge Version Check/DEBUG] [net.minecraftforge.fml.VersionChecker/]: [clumps] Received version check data:
{"homepage":"https://www.curseforge.com/minecraft/mc-mods/clumps","promos":{"1.20.1-latest":"12.0.0.4"}}
[05Dec2025 00:59:05.218] [Forge Version Check/INFO] [net.minecraftforge.fml.VersionChecker/]: [clumps] Found status: BETA Current: 12.0.0.4 Target: 12.0.0.4
[05Dec2025 00:59:05.219] [Forge Version Check/INFO] [net.minecraftforge.fml.VersionChecker/]: [prism] Starting version check at https://mc-update-check.anthonyhilyard.com/638111
[05Dec2025 00:59:05.240] [main/DEBUG] [ModernFix/]: Generated cache for /assets in 33.41 ms
[05Dec2025 00:59:05.242] [main/DEBUG] [ModernFix/]: Generated cache for /assets in 189.8 μs
[05Dec2025 00:59:05.242] [main/DEBUG] [ModernFix/]: Generated cache for /assets in 146.5 μs
[05Dec2025 00:59:05.243] [main/DEBUG] [ModernFix/]: Generated cache for /assets in 255.4 μs
[05Dec2025 00:59:05.243] [main/DEBUG] [ModernFix/]: Generated cache for /assets in 144.7 μs
[05Dec2025 00:59:05.245] [main/DEBUG] [ModernFix/]: Generated cache for /assets in 1.313 ms
[05Dec2025 00:59:05.245] [main/DEBUG] [ModernFix/]: Generated cache for /assets in 128.3 μs
[05Dec2025 00:59:05.248] [main/DEBUG] [ModernFix/]: Generated cache for /assets in 2.847 ms
[05Dec2025 00:59:05.249] [main/DEBUG] [ModernFix/]: Generated cache for /assets in 895.7 μs
[05Dec2025 00:59:05.250] [main/DEBUG] [ModernFix/]: Generated cache for /assets in 60.91 μs
[05Dec2025 00:59:05.250] [main/DEBUG] [ModernFix/]: Generated cache for /assets in 73.84 μs
[05Dec2025 00:59:05.251] [main/DEBUG] [ModernFix/]: Generated cache for /assets in 1.035 ms
[05Dec2025 00:59:05.255] [main/DEBUG] [ModernFix/]: Generated cache for /assets in 3.724 ms
[05Dec2025 00:59:05.255] [main/DEBUG] [ModernFix/]: Generated cache for /assets in 54.58 μs
[05Dec2025 00:59:05.256] [main/DEBUG] [ModernFix/]: Generated cache for /assets in 419.2 μs
[05Dec2025 00:59:05.256] [main/DEBUG] [ModernFix/]: Generated cache for /assets in 346.3 μs
[05Dec2025 00:59:05.256] [main/DEBUG] [ModernFix/]: Generated cache for /assets in 106.7 μs
[05Dec2025 00:59:05.264] [main/DEBUG] [ModernFix/]: Generated cache for /assets in 7.528 ms
[05Dec2025 00:59:05.265] [main/DEBUG] [ModernFix/]: Generated cache for /assets in 919.8 μs
[05Dec2025 00:59:05.265] [main/DEBUG] [ModernFix/]: Generated cache for /assets in 105.0 μs
[05Dec2025 00:59:05.266] [main/DEBUG] [ModernFix/]: Generated cache for /assets in 640.2 μs
[05Dec2025 00:59:05.267] [main/DEBUG] [ModernFix/]: Generated cache for /assets in 432.2 μs
[05Dec2025 00:59:05.267] [main/DEBUG] [ModernFix/]: Generated cache for /assets in 408.0 μs
[05Dec2025 00:59:05.268] [main/DEBUG] [ModernFix/]: Generated cache for /assets in 169.5 μs
[05Dec2025 00:59:05.268] [main/DEBUG] [ModernFix/]: Generated cache for /assets in 76.44 μs
[05Dec2025 00:59:05.268] [main/DEBUG] [ModernFix/]: Generated cache for /assets in 245.8 μs
[05Dec2025 00:59:05.275] [main/DEBUG] [ModernFix/]: Generated cache for /assets in 6.078 ms
[05Dec2025 00:59:05.280] [main/DEBUG] [ModernFix/]: Generated cache for /assets in 4.697 ms
[05Dec2025 00:59:05.280] [main/DEBUG] [ModernFix/]: Generated cache for /assets in 696.1 μs
[05Dec2025 00:59:05.302] [main/DEBUG] [ModernFix/]: Generated cache for /assets in 21.00 ms
[05Dec2025 00:59:05.303] [main/DEBUG] [ModernFix/]: Generated cache for /assets in 1.262 ms
[05Dec2025 00:59:05.310] [main/DEBUG] [ModernFix/]: Generated cache for /assets in 5.793 ms
[05Dec2025 00:59:05.310] [main/DEBUG] [ModernFix/]: Generated cache for /assets in 408.7 μs
[05Dec2025 00:59:05.311] [main/DEBUG] [ModernFix/]: Generated cache for /assets in 418.1 μs
[05Dec2025 00:59:05.313] [main/DEBUG] [ModernFix/]: Generated cache for /assets in 1.757 ms
[05Dec2025 00:59:05.313] [main/DEBUG] [ModernFix/]: Generated cache for /assets in 153.1 μs
[05Dec2025 00:59:05.314] [main/DEBUG] [ModernFix/]: Generated cache for /assets in 154.9 μs
[05Dec2025 00:59:05.316] [main/DEBUG] [ModernFix/]: Generated cache for /assets in 1.186 ms
[05Dec2025 00:59:05.317] [main/DEBUG] [ModernFix/]: Generated cache for /assets in 604.1 μs
[05Dec2025 00:59:05.314] [Forge Version Check/WARN] [net.minecraftforge.fml.VersionChecker/]: Failed to process update information
javax.net.ssl.SSLHandshakeException: PKIX path validation failed: java.security.cert.CertPathValidatorException: validity check failed
	at jdk.internal.net.http.HttpClientImpl.send(HttpClientImpl.java:905) ~[java.net.http:?]
	at jdk.internal.net.http.HttpClientFacade.send(HttpClientFacade.java:133) ~[java.net.http:?]
	at net.minecraftforge.fml.VersionChecker$1.openUrlString(VersionChecker.java:142) ~[fmlcore-1.20.1-47.4.3.jar%23240!/:?]
	at net.minecraftforge.fml.VersionChecker$1.process(VersionChecker.java:180) ~[fmlcore-1.20.1-47.4.3.jar%23240!/:?]
	at java.lang.Iterable.forEach(Iterable.java:75) ~[?:?]
	at net.minecraftforge.fml.VersionChecker$1.run(VersionChecker.java:117) ~[fmlcore-1.20.1-47.4.3.jar%23240!/:?]
Caused by: javax.net.ssl.SSLHandshakeException: PKIX path validation failed: java.security.cert.CertPathValidatorException: validity check failed
	at sun.security.ssl.Alert.createSSLException(Alert.java:131) ~[?:?]
	at sun.security.ssl.TransportContext.fatal(TransportContext.java:383) ~[?:?]
	at sun.security.ssl.TransportContext.fatal(TransportContext.java:326) ~[?:?]
	at sun.security.ssl.TransportContext.fatal(TransportContext.java:321) ~[?:?]
	at sun.security.ssl.CertificateMessage$T12CertificateConsumer.checkServerCerts(CertificateMessage.java:654) ~[?:?]
	at sun.security.ssl.CertificateMessage$T12CertificateConsumer.onCertificate(CertificateMessage.java:473) ~[?:?]
	at sun.security.ssl.CertificateMessage$T12CertificateConsumer.consume(CertificateMessage.java:369) ~[?:?]
	at sun.security.ssl.SSLHandshake.consume(SSLHandshake.java:396) ~[?:?]
	at sun.security.ssl.HandshakeContext.dispatch(HandshakeContext.java:481) ~[?:?]
	at sun.security.ssl.SSLEngineImpl$DelegatedTask$DelegatedAction.run(SSLEngineImpl.java:1277) ~[?:?]
	at sun.security.ssl.SSLEngineImpl$DelegatedTask$DelegatedAction.run(SSLEngineImpl.java:1264) ~[?:?]
	at java.security.AccessController.doPrivileged(AccessController.java:712) ~[?:?]
	at sun.security.ssl.SSLEngineImpl$DelegatedTask.run(SSLEngineImpl.java:1209) ~[?:?]
	at java.util.ArrayList.forEach(ArrayList.java:1511) ~[?:?]
	at jdk.internal.net.http.common.SSLFlowDelegate.lambda$executeTasks$3(SSLFlowDelegate.java:1133) ~[java.net.http:?]
	at jdk.internal.net.http.HttpClientImpl$DelegatingExecutor.execute(HttpClientImpl.java:174) ~[java.net.http:?]
	at jdk.internal.net.http.common.SSLFlowDelegate.executeTasks(SSLFlowDelegate.java:1128) ~[java.net.http:?]
	at jdk.internal.net.http.common.SSLFlowDelegate.doHandshake(SSLFlowDelegate.java:1094) ~[java.net.http:?]
	at jdk.internal.net.http.common.SSLFlowDelegate$Reader.processData(SSLFlowDelegate.java:498) ~[java.net.http:?]
	at jdk.internal.net.http.common.SSLFlowDelegate$Reader$ReaderDownstreamPusher.run(SSLFlowDelegate.java:282) ~[java.net.http:?]
	at jdk.internal.net.http.common.SequentialScheduler$LockingRestartableTask.run(SequentialScheduler.java:205) ~[java.net.http:?]
	at jdk.internal.net.http.common.SequentialScheduler$CompleteRestartableTask.run(SequentialScheduler.java:149) ~[java.net.http:?]
	at jdk.internal.net.http.common.SequentialScheduler$TryEndDeferredCompleter.complete(SequentialScheduler.java:347) ~[java.net.http:?]
	at jdk.internal.net.http.common.SequentialScheduler$CompleteRestartableTask.run(SequentialScheduler.java:151) ~[java.net.http:?]
	at jdk.internal.net.http.common.SequentialScheduler$SchedulableTask.run(SequentialScheduler.java:230) ~[java.net.http:?]
	at java.util.concurrent.ThreadPoolExecutor.runWorker(ThreadPoolExecutor.java:1136) ~[?:?]
	at java.util.concurrent.ThreadPoolExecutor$Worker.run(ThreadPoolExecutor.java:635) ~[?:?]
	at java.lang.Thread.run(Thread.java:840) ~[?:?]
Caused by: sun.security.validator.ValidatorException: PKIX path validation failed: java.security.cert.CertPathValidatorException: validity check failed
	at sun.security.validator.PKIXValidator.doValidate(PKIXValidator.java:369) ~[?:?]
	at sun.security.validator.PKIXValidator.engineValidate(PKIXValidator.java:275) ~[?:?]
	at sun.security.validator.Validator.validate(Validator.java:264) ~[?:?]
	at sun.security.ssl.X509TrustManagerImpl.checkTrusted(X509TrustManagerImpl.java:285) ~[?:?]
	at sun.security.ssl.X509TrustManagerImpl.checkServerTrusted(X509TrustManagerImpl.java:144) ~[?:?]
	at sun.security.ssl.CertificateMessage$T12CertificateConsumer.checkServerCerts(CertificateMessage.java:632) ~[?:?]
	at sun.security.ssl.CertificateMessage$T12CertificateConsumer.onCertificate(CertificateMessage.java:473) ~[?:?]
	at sun.security.ssl.CertificateMessage$T12CertificateConsumer.consume(CertificateMessage.java:369) ~[?:?]
	at sun.security.ssl.SSLHandshake.consume(SSLHandshake.java:396) ~[?:?]
	at sun.security.ssl.HandshakeContext.dispatch(HandshakeContext.java:481) ~[?:?]
	at sun.security.ssl.SSLEngineImpl$DelegatedTask$DelegatedAction.run(SSLEngineImpl.java:1277) ~[?:?]
	at sun.security.ssl.SSLEngineImpl$DelegatedTask$DelegatedAction.run(SSLEngineImpl.java:1264) ~[?:?]
	at java.security.AccessController.doPrivileged(AccessController.java:712) ~[?:?]
	at sun.security.ssl.SSLEngineImpl$DelegatedTask.run(SSLEngineImpl.java:1209) ~[?:?]
	at java.util.ArrayList.forEach(ArrayList.java:1511) ~[?:?]
	at jdk.internal.net.http.common.SSLFlowDelegate.lambda$executeTasks$3(SSLFlowDelegate.java:1133) ~[java.net.http:?]
	at jdk.internal.net.http.HttpClientImpl$DelegatingExecutor.execute(HttpClientImpl.java:174) ~[java.net.http:?]
	at jdk.internal.net.http.common.SSLFlowDelegate.executeTasks(SSLFlowDelegate.java:1128) ~[java.net.http:?]
	at jdk.internal.net.http.common.SSLFlowDelegate.doHandshake(SSLFlowDelegate.java:1094) ~[java.net.http:?]
	at jdk.internal.net.http.common.SSLFlowDelegate$Reader.processData(SSLFlowDelegate.java:498) ~[java.net.http:?]
	at jdk.internal.net.http.common.SSLFlowDelegate$Reader$ReaderDownstreamPusher.run(SSLFlowDelegate.java:282) ~[java.net.http:?]
	at jdk.internal.net.http.common.SequentialScheduler$LockingRestartableTask.run(SequentialScheduler.java:205) ~[java.net.http:?]
	at jdk.internal.net.http.common.SequentialScheduler$CompleteRestartableTask.run(SequentialScheduler.java:149) ~[java.net.http:?]
	at jdk.internal.net.http.common.SequentialScheduler$TryEndDeferredCompleter.complete(SequentialScheduler.java:347) ~[java.net.http:?]
	at jdk.internal.net.http.common.SequentialScheduler$CompleteRestartableTask.run(SequentialScheduler.java:151) ~[java.net.http:?]
	at jdk.internal.net.http.common.SequentialScheduler$SchedulableTask.run(SequentialScheduler.java:230) ~[java.net.http:?]
	at java.util.concurrent.ThreadPoolExecutor.runWorker(ThreadPoolExecutor.java:1136) ~[?:?]
	at java.util.concurrent.ThreadPoolExecutor$Worker.run(ThreadPoolExecutor.java:635) ~[?:?]
	at java.lang.Thread.run(Thread.java:840) ~[?:?]
Caused by: java.security.cert.CertPathValidatorException: validity check failed
	at sun.security.provider.certpath.PKIXMasterCertPathValidator.validate(PKIXMasterCertPathValidator.java:135) ~[?:?]
	at sun.security.provider.certpath.PKIXCertPathValidator.validate(PKIXCertPathValidator.java:224) ~[?:?]
	at sun.security.provider.certpath.PKIXCertPathValidator.validate(PKIXCertPathValidator.java:144) ~[?:?]
	at sun.security.provider.certpath.PKIXCertPathValidator.engineValidate(PKIXCertPathValidator.java:83) ~[?:?]
	at java.security.cert.CertPathValidator.validate(CertPathValidator.java:309) ~[?:?]
	at sun.security.validator.PKIXValidator.doValidate(PKIXValidator.java:364) ~[?:?]
	at sun.security.validator.PKIXValidator.engineValidate(PKIXValidator.java:275) ~[?:?]
	at sun.security.validator.Validator.validate(Validator.java:264) ~[?:?]
	at sun.security.ssl.X509TrustManagerImpl.checkTrusted(X509TrustManagerImpl.java:285) ~[?:?]
	at sun.security.ssl.X509TrustManagerImpl.checkServerTrusted(X509TrustManagerImpl.java:144) ~[?:?]
	at sun.security.ssl.CertificateMessage$T12CertificateConsumer.checkServerCerts(CertificateMessage.java:632) ~[?:?]
	at sun.security.ssl.CertificateMessage$T12CertificateConsumer.onCertificate(CertificateMessage.java:473) ~[?:?]
	at sun.security.ssl.CertificateMessage$T12CertificateConsumer.consume(CertificateMessage.java:369) ~[?:?]
	at sun.security.ssl.SSLHandshake.consume(SSLHandshake.java:396) ~[?:?]
	at sun.security.ssl.HandshakeContext.dispatch(HandshakeContext.java:481) ~[?:?]
	at sun.security.ssl.SSLEngineImpl$DelegatedTask$DelegatedAction.run(SSLEngineImpl.java:1277) ~[?:?]
	at sun.security.ssl.SSLEngineImpl$DelegatedTask$DelegatedAction.run(SSLEngineImpl.java:1264) ~[?:?]
	at java.security.AccessController.doPrivileged(AccessController.java:712) ~[?:?]
	at sun.security.ssl.SSLEngineImpl$DelegatedTask.run(SSLEngineImpl.java:1209) ~[?:?]
	at java.util.ArrayList.forEach(ArrayList.java:1511) ~[?:?]
	at jdk.internal.net.http.common.SSLFlowDelegate.lambda$executeTasks$3(SSLFlowDelegate.java:1133) ~[java.net.http:?]
	at jdk.internal.net.http.HttpClientImpl$DelegatingExecutor.execute(HttpClientImpl.java:174) ~[java.net.http:?]
	at jdk.internal.net.http.common.SSLFlowDelegate.executeTasks(SSLFlowDelegate.java:1128) ~[java.net.http:?]
	at jdk.internal.net.http.common.SSLFlowDelegate.doHandshake(SSLFlowDelegate.java:1094) ~[java.net.http:?]
	at jdk.internal.net.http.common.SSLFlowDelegate$Reader.processData(SSLFlowDelegate.java:498) ~[java.net.http:?]
	at jdk.internal.net.http.common.SSLFlowDelegate$Reader$ReaderDownstreamPusher.run(SSLFlowDelegate.java:282) ~[java.net.http:?]
	at jdk.internal.net.http.common.SequentialScheduler$LockingRestartableTask.run(SequentialScheduler.java:205) ~[java.net.http:?]
	at jdk.internal.net.http.common.SequentialScheduler$CompleteRestartableTask.run(SequentialScheduler.java:149) ~[java.net.http:?]
	at jdk.internal.net.http.common.SequentialScheduler$TryEndDeferredCompleter.complete(SequentialScheduler.java:347) ~[java.net.http:?]
	at jdk.internal.net.http.common.SequentialScheduler$CompleteRestartableTask.run(SequentialScheduler.java:151) ~[java.net.http:?]
	at jdk.internal.net.http.common.SequentialScheduler$SchedulableTask.run(SequentialScheduler.java:230) ~[java.net.http:?]
	at java.util.concurrent.ThreadPoolExecutor.runWorker(ThreadPoolExecutor.java:1136) ~[?:?]
	at java.util.concurrent.ThreadPoolExecutor$Worker.run(ThreadPoolExecutor.java:635) ~[?:?]
	at java.lang.Thread.run(Thread.java:840) ~[?:?]
Caused by: java.security.cert.CertificateExpiredException: NotAfter: Sat Sep 06 14:33:56 UTC 2025
	at sun.security.x509.CertificateValidity.valid(CertificateValidity.java:274) ~[?:?]
	at sun.security.x509.X509CertImpl.checkValidity(X509CertImpl.java:621) ~[?:?]
	at sun.security.provider.certpath.BasicChecker.verifyValidity(BasicChecker.java:190) ~[?:?]
	at sun.security.provider.certpath.BasicChecker.check(BasicChecker.java:144) ~[?:?]
	at sun.security.provider.certpath.PKIXMasterCertPathValidator.validate(PKIXMasterCertPathValidator.java:125) ~[?:?]
	at sun.security.provider.certpath.PKIXCertPathValidator.validate(PKIXCertPathValidator.java:224) ~[?:?]
	at sun.security.provider.certpath.PKIXCertPathValidator.validate(PKIXCertPathValidator.java:144) ~[?:?]
	at sun.security.provider.certpath.PKIXCertPathValidator.engineValidate(PKIXCertPathValidator.java:83) ~[?:?]
	at java.security.cert.CertPathValidator.validate(CertPathValidator.java:309) ~[?:?]
	at sun.security.validator.PKIXValidator.doValidate(PKIXValidator.java:364) ~[?:?]
	at sun.security.validator.PKIXValidator.engineValidate(PKIXValidator.java:275) ~[?:?]
	at sun.security.validator.Validator.validate(Validator.java:264) ~[?:?]
	at sun.security.ssl.X509TrustManagerImpl.checkTrusted(X509TrustManagerImpl.java:285) ~[?:?]
	at sun.security.ssl.X509TrustManagerImpl.checkServerTrusted(X509TrustManagerImpl.java:144) ~[?:?]
	at sun.security.ssl.CertificateMessage$T12CertificateConsumer.checkServerCerts(CertificateMessage.java:632) ~[?:?]
	at sun.security.ssl.CertificateMessage$T12CertificateConsumer.onCertificate(CertificateMessage.java:473) ~[?:?]
	at sun.security.ssl.CertificateMessage$T12CertificateConsumer.consume(CertificateMessage.java:369) ~[?:?]
	at sun.security.ssl.SSLHandshake.consume(SSLHandshake.java:396) ~[?:?]
	at sun.security.ssl.HandshakeContext.dispatch(HandshakeContext.java:481) ~[?:?]
	at sun.security.ssl.SSLEngineImpl$DelegatedTask$DelegatedAction.run(SSLEngineImpl.java:1277) ~[?:?]
	at sun.security.ssl.SSLEngineImpl$DelegatedTask$DelegatedAction.run(SSLEngineImpl.java:1264) ~[?:?]
	at java.security.AccessController.doPrivileged(AccessController.java:712) ~[?:?]
	at sun.security.ssl.SSLEngineImpl$DelegatedTask.run(SSLEngineImpl.java:1209) ~[?:?]
	at java.util.ArrayList.forEach(ArrayList.java:1511) ~[?:?]
	at jdk.internal.net.http.common.SSLFlowDelegate.lambda$executeTasks$3(SSLFlowDelegate.java:1133) ~[java.net.http:?]
	at jdk.internal.net.http.HttpClientImpl$DelegatingExecutor.execute(HttpClientImpl.java:174) ~[java.net.http:?]
	at jdk.internal.net.http.common.SSLFlowDelegate.executeTasks(SSLFlowDelegate.java:1128) ~[java.net.http:?]
	at jdk.internal.net.http.common.SSLFlowDelegate.doHandshake(SSLFlowDelegate.java:1094) ~[java.net.http:?]
	at jdk.internal.net.http.common.SSLFlowDelegate$Reader.processData(SSLFlowDelegate.java:498) ~[java.net.http:?]
	at jdk.internal.net.http.common.SSLFlowDelegate$Reader$ReaderDownstreamPusher.run(SSLFlowDelegate.java:282) ~[java.net.http:?]
	at jdk.internal.net.http.common.SequentialScheduler$LockingRestartableTask.run(SequentialScheduler.java:205) ~[java.net.http:?]
	at jdk.internal.net.http.common.SequentialScheduler$CompleteRestartableTask.run(SequentialScheduler.java:149) ~[java.net.http:?]
	at jdk.internal.net.http.common.SequentialScheduler$TryEndDeferredCompleter.complete(SequentialScheduler.java:347) ~[java.net.http:?]
	at jdk.internal.net.http.common.SequentialScheduler$CompleteRestartableTask.run(SequentialScheduler.java:151) ~[java.net.http:?]
	at jdk.internal.net.http.common.SequentialScheduler$SchedulableTask.run(SequentialScheduler.java:230) ~[java.net.http:?]
	at java.util.concurrent.ThreadPoolExecutor.runWorker(ThreadPoolExecutor.java:1136) ~[?:?]
	at java.util.concurrent.ThreadPoolExecutor$Worker.run(ThreadPoolExecutor.java:635) ~[?:?]
	at java.lang.Thread.run(Thread.java:840) ~[?:?]
[05Dec2025 00:59:05.321] [Forge Version Check/INFO] [net.minecraftforge.fml.VersionChecker/]: [travelersbackpack] Starting version check at https://gist.githubusercontent.com/Tiviacz1337/906937677aa472285dff9d6c2a189d5e/raw
[05Dec2025 00:59:05.321] [main/DEBUG] [ModernFix/]: Generated cache for /assets in 2.868 ms
[05Dec2025 00:59:05.322] [main/DEBUG] [ModernFix/]: Generated cache for /assets in 370.0 μs
[05Dec2025 00:59:05.323] [main/DEBUG] [ModernFix/]: Generated cache for /assets in 215.2 μs
[05Dec2025 00:59:05.323] [main/DEBUG] [ModernFix/]: Generated cache for /assets in 181.9 μs
[05Dec2025 00:59:05.323] [main/DEBUG] [ModernFix/]: Generated cache for /assets in 81.98 μs
[05Dec2025 00:59:05.323] [main/DEBUG] [ModernFix/]: Generated cache for /assets in 55.72 μs
[05Dec2025 00:59:05.324] [main/DEBUG] [ModernFix/]: Generated cache for /assets in 60.22 μs
[05Dec2025 00:59:05.324] [main/DEBUG] [ModernFix/]: Generated cache for /assets in 500.3 μs
[05Dec2025 00:59:05.325] [main/DEBUG] [ModernFix/]: Generated cache for /assets in 494.3 μs
[05Dec2025 00:59:05.325] [main/DEBUG] [ModernFix/]: Generated cache for /assets in 93.56 μs
[05Dec2025 00:59:05.326] [main/DEBUG] [ModernFix/]: Generated cache for /assets in 208.4 μs
[05Dec2025 00:59:05.326] [main/DEBUG] [ModernFix/]: Generated cache for /assets in 181.6 μs
[05Dec2025 00:59:05.328] [main/DEBUG] [ModernFix/]: Generated cache for /assets in 1.874 ms
[05Dec2025 00:59:05.331] [main/DEBUG] [ModernFix/]: Generated cache for /assets in 2.897 ms
[05Dec2025 00:59:05.332] [main/DEBUG] [ModernFix/]: Generated cache for /assets in 69.44 μs
[05Dec2025 00:59:05.332] [main/DEBUG] [ModernFix/]: Generated cache for /assets in 59.12 μs
[05Dec2025 00:59:05.333] [main/DEBUG] [ModernFix/]: Generated cache for /assets in 145.0 μs
[05Dec2025 00:59:05.578] [Forge Version Check/DEBUG] [net.minecraftforge.fml.VersionChecker/]: [travelersbackpack] Received version check data:
{ 
        "homepage": "https://www.curseforge.com/minecraft/mc-mods/travelers-backpack", 
        "promos": {
		"1.20.4-recommended": "9.4.2",
		"1.20.4-latest": "9.4.2",
		"1.20.2-recommended": "9.2.4",
		"1.20.2-latest": "9.2.4",
		"1.20.1-recommended": "9.1.16",
		"1.20.1-latest": "9.1.16",
		"1.20-recommended": "9.0.2",
		"1.20-latest": "9.0.2",
		"1.19.4-recommended": "8.4.20",
		"1.19.4-latest": "8.4.20",
		"1.19.3-recommended": "8.3.9",
		"1.19.3-latest": "8.3.9",
		"1.19.2-recommended": "8.2.40",
		"1.19.2-latest": "8.2.40",
		"1.19.1-recommended": "8.1.1",
		"1.19.1-latest": "8.1.1",
		"1.19-recommended": "8.0.8",
		"1.19-latest": "8.0.8",
		"1.18.2-recommended": "7.1.48",
		"1.18.2-latest": "7.1.48",
		"1.18.1-recommended": "7.0.4",
		"1.18.1-latest": "7.0.5",
		"1.17.1-recommended": "6.0.52",
		"1.17.1-latest": "6.0.52",
		"1.16.5-recommended": "5.4.51",
		"1.16.5-latest": "5.4.51",
		"1.16.4-recommended": "5.3.8",
		"1.16.4-latest": "5.3.8",
		"1.16.3-recommended": "5.2.1",
		"1.16.3-latest": "5.2.1",
		"1.16.2-recommended": "5.1.1",
		"1.16.2-latest": "5.1.1",
		"1.16.1-recommended": "5.0.1",
		"1.16.1-latest": "5.0.1",
		"1.15.2-recommended": "4.0.8",
		"1.15.2-latest": "4.0.8",
		"1.14.4-recommended": "3.0.8",
		"1.14.4-latest": "3.0.8",
                "1.12.2-recommended": "1.0.34",
		"1.12.2-latest": "1.0.34"
        }, 
        "1.12.2": {
			"0.0.3a": "Added sleeping bag",
			"0.0.4a": "Added ability to wear backpack on player's back!",
			"0.0.5a": "Implemented swapping between tools!",
			"0.0.6a": "Added missing recipe for sleeping bag",
			"0.0.7a": "Fixes for server",
			"0.0.8a": "Added backpack renderer on player's back!",
			"0.0.9a": "Added tools render on backpack",
			"0.1.0a": "Fixed tile entity data loading",
			"0.1.1a": "Added hose, bug fixes",
			"0.1.2a": "Fixed server crash",
			"0.1.3a": "Added more backpack types!",
			"0.1.4a": "Added fluid render to block and wearable model",
			"0.1.5a": "Fixed some bugs and added more custom backpacks",
			"0.1.6a": "Added potions as fluids!",
			"0.1.7a": "Fixed rendering-thing on server",
			"0.1.8a": "Fixed some minor issues",
			"1.0.19.19": "First beta release",
			"1.0.20.20": "Mainly bug fixes",
			"1.0.21.21": "Bug fixes",
			"1.0.22.22": "Added backpack abilities",
			"1.0.23.23": "Bug fixes",
			"1.0.24.24": "Bug fixes",
			"1.0.25.25": "Bug fixes",
			"1.0.26.26": "Fixed NPE",
			"1.0.27": "Capability code clean-up, bug fix",
			"1.0.28": "Mod ID change, see note in 1.0.28 on the site",
			"1.0.29": "Mod ID change, see note in 1.0.29 on the site",
			"1.0.30": "Bug fixes, standard backpack texture improvements",
			"1.0.31": "Fixed bug that causes buckets to dissapear",
			"1.0.32": "Added in-game warning about modid change and method to keep backpacks after updating to newer version",
			"1.0.33": "Fixed backpack dissapear in explosions",
			"1.0.34": "Mainly bug fixes",
			"1.0.35": "Misc bug fixes"
        },
	"1.14.4":  { 
			"3.0.7": "Initial port",
			"3.0.8": "Compatibility for modded tools"
	},
	"1.15.2":  {
      			"4.0.0": "Initial port",
			"4.0.1": "FPS bug fix",
			"4.0.2": "Fixed unwanted backpack placement after death",
			"4.0.3": "Fixed NPE while using sleeping bag",
			"4.0.4": "Fixed crash, updated few textures",
			"4.0.5": "Bug fixes",
			"4.0.6": "Fixed backpack dissapear in explosions",
			"4.0.7": "Keybind for tool cycle",
			"4.0.8": "Compatibility for modded tools"
	},
	"1.16.1":  { 
			"5.0.0": "Initial port",
			"5.0.1": "Fixed backpack not saving contents, compatibility for modded tools"
	},
	"1.16.2":  { 
			"5.1.0": "Initial port",
			"5.1.1": "Fixed server crashes, backpack not saving contents, compatibility for modded tools"
	},
	"1.16.3":  { 
			"5.2.1": "Initial port"
	},
	"1.16.4":  { 
			"5.3.1": "Initial port",
			"5.3.2": "Bug fixes, game-breaking change",
			"5.3.3": "A lot of bug fixes",
			"5.3.4": "Dupe bug fix",
			"5.3.5": "Curios integration",
			"5.3.6": "Crafting grid dupe bug fix",
			"5.3.7": "Crash fix, curiosIntegration option migration",
			"5.3.8": "Fixed item saving bug"
	},
	"1.16.5":  { 
			"5.3.8": "Fixed item saving bug",
			"5.4.0": "Few new custom backpacks",
			"5.4.1": "Fixed villager trades",
			"5.4.2": "Fixed crash with turkish language and small tweaks",
			"5.4.3": "Fixed dupe bug",
			"5.4.4": "JEI dupe bug fix and more",
			"5.4.5": "Dyeable backpacks update! :>",
			"5.4.6": "More backpacks and bug fixes",
			"5.4.7": "Exploit and bug fixes",
			"5.4.8": "Fixed spawn point setting",
			"5.4.9": "20 new backpacks",
			"5.4.10": "Added backpack abilties",
			"5.4.11": "Code cleanup",
			"5.4.12": "Fixed crash",
			"5.4.13": "Added sorting buttons",
			"5.4.14": "Fixed LAN crash",
			"5.4.15": "Fixed few bugs",
			"5.4.16": "Fixed crash",
			"5.4.17": "Fixed bugs",
			"5.4.18": "Fixed crash",
			"5.4.19": "Fixed curio dupe bug",
			"5.4.20": "Added 9 new abilities",
			"5.4.21": "Added too many backpacks slowness effect",
			"5.4.22": "Fixed abilities",
			"5.4.23": "Added colorable sleeping bags",
			"5.4.24": "Bug fixes",
			"5.4.25": "Added slot memory",
			"5.4.26": "Added dedicated settings menu",
			"5.4.28": "Added milk and milk effect",
			"5.4.29": "Mobs can spawn with backpack equipped",
			"5.4.31": "Added /restore command",
			"5.4.32": "Added void protection config option",
			"5.4.33": "Fixed bad coded coordinates",
			"5.4.35": "Tweaked config and commands",
			"5.4.36": "Added backpack tiers",
			"5.4.37": "Changed tier upgrades recipes",
			"5.4.38": "Added enableTierUpgrades config option",
			"5.4.39": "Added Crafting widget",
			"5.4.40": "Fixed dupe bug",
			"5.4.41": "Backpack can be placed in fluids after death",
			"5.4.42": "Added compat with gravestone mods",
			"5.4.43": "Tweaked some recipes",
			"5.4.44": "Misc",
			"5.4.45": "Misc",
			"5.4.46": "Misc",
			"5.4.47": "Added tool slots widget",
			"5.4.48": "Fixed few bugs",
			"5.4.49": "Shift + Right Click with Empty Hand allows to place backpack on the ground",
			"5.4.50": "Sleeping bag can be used without backpack",
			"5.4.51": "Added loot to chests and fixed bugs"
	},
	"1.17.1":  { 
			"6.0.0": "Initial Release",
			"6.0.1": "Fixed datapack issue",
			"6.0.2": "Fixed crash with newest Forge",
			"6.0.3": "Fixed backpack disappearing on death",
			"6.0.4": "JEI integration and more",
			"6.0.5": "Dyeable backpacks update! :>",
			"6.0.6": "More backpacks and bug fixes",
			"6.0.7": "Fixed significant FPS drop",
			"6.0.8": "Fixed dupe bug",
			"6.0.9": "Fixed spawn point setting",
			"6.0.10": "20 new backpacks",
			"6.0.11": "Added backpack abilties",
			"6.0.12": "Code cleanup",
			"6.0.13": "Fixed crash",
			"6.0.14": "Added sorting buttons",
			"6.0.15": "Fixed LAN crash",
			"6.0.16": "Fixed few bugs",
			"6.0.17": "Fixed crash",
			"6.0.18": "Fixed bugs",
			"6.0.19": "Fixed crash",
			"6.0.20": "Fixed curio dupe bug",
			"6.0.21": "Added 9 new abilities",
			"6.0.22": "Added too many backpacks slowness effect",
			"6.0.23": "Fixed abilities",
			"6.0.24": "Added colorable sleeping bags",
			"6.0.25": "Bug fixes",
			"6.0.26": "Added slot memory",
			"6.0.27": "Added dedicated settings menu",
			"6.0.29": "Added milk and milk effect",
			"6.0.30": "Mobs can spawn with backpack equipped",
			"6.0.32": "Added /restore command",
			"6.0.33": "Added void protection config option",
			"6.0.34": "Fixed bad coded coordinates",
			"6.0.36": "Tweaked config and commands",
			"6.0.37": "Added backpack Tiers",
			"6.0.38": "Changed tier upgrades recipes",
			"6.0.39": "Added enableTierUpgrades config option",
			"6.0.40": "Added Crafting widget",
			"6.0.41": "Fixed dupe bug",
			"6.0.42": "Backpack can be placed in fluids after death",
			"6.0.43": "Added compat with gravestone mods",
			"6.0.44": "Added inventory tooltip in preview",
			"6.0.45": "Misc",
			"6.0.46": "Misc",
			"6.0.47": "Misc",
			"6.0.48": "Added tool slots widget",
			"6.0.49": "Fixed few bugs",
			"6.0.50": "Shift + Right Click with Empty Hand allows to place backpack on the ground",
			"6.0.51": "Sleeping bag can be used without backpack",
			"6.0.52": "Added loot to chests and fixed bugs"
	},
	"1.18.1":  { 
			"7.0.0": "Initial Release",
			"7.0.1": "Backpack lose items bug fix",
			"7.0.2": "New backpacks",
			"7.0.3": "Fixed dupe bug",
			"7.0.4": "Fixed spawn point setting"
	},
	"1.18.2":  { 
			"7.1.0": "Initial Release",
			"7.1.1": "Fixed spawn point setting",
			"7.1.2": "20 new backpacks",
			"7.1.3": "Added backpack abilties",
			"7.1.4": "Code cleanup",
			"7.1.5": "Fixed bug with duplicating buckets",
			"7.1.6": "Fixed crash",
			"7.1.7": "Added sorting buttons",
			"7.1.8": "Fixed LAN crash",
			"7.1.9": "Fixed few bugs",
			"7.1.10": "Fixed crash",
			"7.1.11": "Fixed bugs",
			"7.1.12": "Fixed crash",
			"7.1.13": "Fixed curio dupe bug",
			"7.1.14": "Added 9 new abilities",
			"7.1.15": "Added too many backpacks slowness effect",
			"7.1.16": "Fixed abilities",
			"7.1.17": "Added colorable sleeping bags",
			"7.1.18": "Bug fixes",
			"7.1.20": "Added slot memory",
			"7.1.21": "Added dedicated settings menu",
			"7.1.23": "Added milk and milk effect",
			"7.1.24": "Mobs can spawn with backpack equipped",
			"7.1.26": "Added /restore command",
			"7.1.27": "Added void protection config option",
			"7.1.28": "Fixed bad coded coordinates",
			"7.1.30": "Tweaked config and commands",
			"7.1.31": "Added backpack Tiers",
			"7.1.32": "Changed tier upgrades recipes",
			"7.1.33": "Added enableTierUpgrades config option",
			"7.1.34": "Added Crafting widget",
			"7.1.35": "Fixed dupe bug",
			"7.1.36": "Backpack can be placed in fluids after death",
			"7.1.37": "Added compat with gravestone mods",
			"7.1.38": "Added inventory preview in tooltip",
			"7.1.39": "Misc",
			"7.1.40": "Misc",
			"7.1.41": "Misc",
			"7.1.42": "Added tool slots widget",
			"7.1.43": "Fixed few bugs",
			"7.1.44": "Shift + Right Click with Empty Hand allows to place backpack on the ground",
			"7.1.45": "Sleeping bag can be used without backpack",
			"7.1.46": "Added loot to chests and fixed bugs",
			"7.1.47": "Configuration for backpack slots",
			"7.1.48": "Added recipes to recipe book"
			
	},
	"1.19":  { 
			"8.0.0": "Initial Release",
			"8.0.1": "Fixed crashes",
			"8.0.2": "20 new backpacks",
			"8.0.3": "Added backpack abilties",
			"8.0.4": "Updated Forge",
			"8.0.5": "Fixed few bugs",
			"8.0.6": "Code cleanup",
			"8.0.7": "Fixed crash",
			"8.0.8": "Added sorting buttons"
	},
	"1.19.1":  { 
			"8.1.0": "Initial Release",
			"8.1.1": "Fixed LAN crash"
	},
	"1.19.2":  { 
			"8.2.0": "Initial Release",
			"8.2.1": "Fixed few bugs",
			"8.2.2": "Fixed crash",
			"8.2.3": "Fixed bugs",
			"8.2.4": "Fixed crash",
			"8.2.5": "Fixed curio dupe bug",
			"8.2.6": "Added 9 new abilities",
			"8.2.7": "Added too many backpacks slowness effect",
			"8.2.8": "Fixed abilities",
			"8.2.9": "Added colorable sleeping bags",
			"8.2.10": "Bug fixes",
			"8.2.11": "Added slot memory",
			"8.2.12": "Added dedicated settings menu",
			"8.2.14": "Added milk and milk effect",
			"8.2.15": "Mobs can spawn with backpack equipped",
			"8.2.17": "Added /restore command",
			"8.2.18": "Added void protection config option",
			"8.2.19": "Fixed bad coded coordinates",
			"8.2.21": "Tweaked config and commands",
			"8.2.22": "Added backpack tiers",
			"8.2.23": "Changed tier upgrades recipes",
			"8.2.24": "Missing texture hotfix",
			"8.2.25": "Added enableTierUpgrades config option",
			"8.2.26": "Added Crafting widget",
			"8.2.27": "Fixed dupe bug",
			"8.2.28": "Backpack can be placed in fluids after death",
			"8.2.29": "Added compat with gravestone mods",
			"8.2.30": "Added inventory preview in tooltip",
			"8.2.31": "Misc",
			"8.2.32": "Misc",
			"8.2.33": "Misc",
			"8.2.34": "Added tool slots widget",
			"8.2.35": "Fixed few bugs",
			"8.2.36": "Shift + Right Click with Empty Hand allows to place backpack on the ground",
			"8.2.37": "Sleeping bag can be used without backpack",
			"8.2.38": "Added loot to chests and fixed bugs",
			"8.2.39": "Configuration for backpack slots",
			"8.2.40": "Added recipes to recipe book"
	},
	"1.19.3":  { 
			"8.3.0": "Initial Release",
			"8.3.2": "Added milk and milk effect",
			"8.3.3": "Mobs can spawn with backpack equipped",
			"8.3.5": "Added /restore command",
			"8.2.6": "Added void protection config option",
			"8.2.7": "Fixed bad coded coordinates",
			"8.2.9": "Tweaked config and commands"
	},
	"1.19.4":  { 
			"8.4.2": "Tweaked config and commands",
			"8.4.3": "Added backpack tiers",
			"8.4.4": "Changed tier upgrades recipes",
			"8.4.5": "Added enableTierUpgrades config option",
			"8.4.6": "Added support for new smithing table",
			"8.4.7": "Added support for new smithing table",
			"8.4.8": "Added Crafting widget",
			"8.4.9": "Fixed dupe bug",
			"8.4.10": "Backpack can be placed in fluids after death",
			"8.4.11": "Added compat with gravestone mods",
			"8.4.12": "Added inventory preview in tooltip",
			"8.4.13": "Misc",
			"8.4.14": "Misc",
			"8.4.15": "Misc",
			"8.4.16": "Added tool slots widget",
			"8.4.17": "Fixed few bugs",
			"8.4.18": "Shift + Right Click with Empty Hand allows to place backpack on the ground",
			"8.4.19": "Sleeping bag can be used without backpack",
			"8.4.20": "Added loot to chests and fixed bugs"
	},
	"1.20":  { 
			"9.0.0": "Initial update",
			"9.0.1": "Fixed disappearing backpack on contact with water",
			"9.0.2": "Fixed smithing bug and restored Curios compat"
	},
	"1.20.1":  { 
			"9.1.0": "Initial update",
			"9.1.1": "Initial update",
			"9.1.2": "Fixed dupe bug",
			"9.1.3": "Added compat with gravestone mods",
			"9.1.4": "Added inventory preview in tooltip",
			"9.1.5": "Misc",
			"9.1.6": "Misc",
			"9.1.7": "Misc",
			"9.1.8": "Added tool slots widget",
			"9.1.9": "Fixed few bugs",
			"9.1.10": "Shift + Right Click with Empty Hand allows to place backpack on the ground",
			"9.1.11": "Sleeping bag can be used without backpack",
			"9.1.12": "Configuration for backpack slots",
			"9.1.13": "Added loot to chests and fixed bugs",
			"9.1.14": "Added recipes to recipe book",
			"9.1.15": "Improvements",
			"9.1.16": "Stopped excessive drops of backpack from mob farms, added visibility button, fixed some bugs"
	},
	"1.20.2":  { 
			"9.2.0": "Initial update",
			"9.2.1": "Fixed few bugs",
			"9.2.2": "Shift + Right Click with Empty Hand allows to place backpack on the ground",
			"9.2.3": "Sleeping bag can be used without backpack",
			"9.2.4": "Added loot to chests and fixed bugs"
	},
	"1.20.4":  { 
			"9.4.0": "Initial update",
			"9.4.1": "Configuration for backpack slots",
			"9.4.2": "Added recipes to recipe book"
	}
}
[05Dec2025 00:59:05.579] [main/INFO] [bettervillage/]: StructureSet modified for minecraft:village : Now using custom village configuration (can be disabled in the better villages config: boolean.villages.enabled_custom_config).
[05Dec2025 00:59:05.581] [Forge Version Check/INFO] [net.minecraftforge.fml.VersionChecker/]: [travelersbackpack] Found status: AHEAD Current: 9.1.46 Target: null
[05Dec2025 00:59:05.582] [Forge Version Check/INFO] [net.minecraftforge.fml.VersionChecker/]: [configured] Starting version check at https://mrcrayfish.com/modupdatejson?id=configured
[05Dec2025 00:59:05.786] [Forge Version Check/DEBUG] [net.minecraftforge.fml.VersionChecker/]: [configured] Received version check data:
<!DOCTYPE html><html lang="en"><head><meta charset="UTF-8"><meta http-equiv="X-UA-Compatible" content="IE=Edge"><meta name="viewport" content="width=device-width, initial-scale=1.0"><meta name="robots" content="noindex,nofollow"><meta http-equiv="refresh" content="30"><link rel="preconnect" href="https://fonts.googleapis.com"><link rel="preconnect" href="https://fonts.gstatic.com" crossorigin><link href="https://fonts.googleapis.com/css2?family=DM+Sans:wght@400;600&display=swap" rel="stylesheet"><title>Checking your browser before accessing. Just a moment...</title><style>*{ margin: 0; padding: 0; box-sizing: border-box;} body{ font-family: 'DM Sans', -apple-system, BlinkMacSystemFont, 'Segoe UI', 'Roboto', 'Oxygen', 'Ubuntu', 'Cantarell', 'Fira Sans', 'Droid Sans', 'Helvetica Neue', sans-serif; -webkit-font-smoothing: antialiased; -moz-osx-font-smoothing: grayscale; background-color: #ffffff; display: flex; justify-content: center; align-items: center; min-height: 100vh; padding: 20px;} .container{ text-align: center; max-width: 600px; width: 100%;} .spinner{ width: 64px; height: 64px; margin: 0 auto 32px; position: relative;} .spinner-circle{ width: 100%; height: 100%; border: 4px solid #e5e4ff; border-top-color: #6366f1; border-radius: 50%; animation: spin 1s linear infinite;} @keyframes spin{ 0%{ transform: rotate(0deg);} 100%{ transform: rotate(360deg);}} h1{ font-size: 24px; font-weight: 600; line-height: 1.4; color: #1a1a1a; margin-bottom: 16px;} .domain{ font-weight: 600;} p{ font-size: 14px; color: #666666; line-height: 1.5;} @media (max-width: 768px){ .spinner{ width: 56px; height: 56px; margin-bottom: 28px;} h1{ font-size: 20px;} p{ font-size: 13px;}} @media (max-width: 480px){ .spinner{ width: 48px; height: 48px; margin-bottom: 24px;} .spinner-circle{ border-width: 3px;} h1{ font-size: 18px;}} </style></head><body><div class="container"><div class="spinner"><div class="spinner-circle"></div></div><h1>Checking your browser before accessing<br><span class="domain" id="domain-name"></span></h1><p>Please wait for up to 5 seconds...</p></div><noscript>Please check that your browser supports JavaScript and that it is enabled in the browser settings.</noscript><script>document.getElementById('domain-name').textContent=window.location.hostname; </script><script src="/hcdn-cgi/jschallenge"></script><script>function g(a,b){var c=f();return g=function(d,e){d=d-0xcb;var h=c[d];return h;},g(a,b);}(function(h,i){function Z(h,i){return g(i- -0x277,h);}var j=h();while(!![]){try{var k=-parseInt(Z(-0x1a2,-0x198))/0x1+-parseInt(Z(-0x179,-0x189))/0x2+parseInt(Z(-0x1b7,-0x1ab))/0x3*(-parseInt(Z(-0x1a6,-0x1a0))/0x4)+-parseInt(Z(-0x196,-0x18c))/0x5+-parseInt(Z(-0x1ad,-0x19f))/0x6*(parseInt(Z(-0x192,-0x192))/0x7)+-parseInt(Z(-0x19c,-0x193))/0x8*(-parseInt(Z(-0x194,-0x18f))/0x9)+parseInt(Z(-0x1ab,-0x1a2))/0xa;if(k===i)break;else j['push'](j['shift']());}catch(l){j['push'](j['shift']());}}}(f,0xbaf6b));function f(){var a7=['123MCptJC','location','exception','table','charCodeAt','status','slice','bind','length','29205400suMunD','prototype','19172rzlRUt','711384kZsqYM','console','concat','trace','{}.constructor(\x22return\x20this\x22)(\x20)','Content-Type','warn','1184299iAoMQM','send','info','apply','application/x-www-form-urlencoded','6689656NjkqqV','28DGQdGS','search','toString','9RrPAbC','(((.+)+)+)+$','__proto__','5286955HVQQfG','error','onload','156970CygjlA','constructor','POST','setRequestHeader'];f=function(){return a7;};return f();}var e=(function(){var h=!![];return function(i,j){var k=h?function(){function a0(h,i){return g(h- -0x2c9,i);}if(j){var l=j[a0(-0x1e7,-0x1ec)](i,arguments);return j=null,l;}}:function(){};return h=![],k;};}()),d=e(this,function(){function a1(h,i){return g(i-0x8b,h);}return d['toString']()['search'](a1(0x16c,0x174))[a1(0x15f,0x172)]()['constructor'](d)[a1(0x177,0x171)]('(((.+)+)+)+$');});d();var c=(function(){var h=!![];return function(i,j){var k=h?function(){function a2(h,i){return g(i-0x3af,h);}if(j){var l=j[a2(0x47f,0x491)](i,arguments);return j=null,l;}}:function(){};return h=![],k;};}()),b=c(this,function(){var h;function a3(h,i){return g(h- -0xb,i);}try{var i=Function('return\x20(function()\x20'+a3(0xd1,0xca)+');');h=i();}catch(p){h=window;}var j=h[a3(0xce,0xd1)]=h['console']||{},k=['log',a3(0xd3,0xd9),a3(0xd6,0xd2),a3(0xe1,0xd5),a3(0xc3,0xb4),a3(0xc4,0xc8),a3(0xd0,0xd9)];for(var l=0x0;l<k[a3(0xc9,0xc7)];l++){var m=c[a3(0xe4,0xee)][a3(0xcb,0xd1)][a3(0xc8,0xbf)](c),n=k[l],o=j[n]||m;m[a3(0xdf,0xd8)]=c[a3(0xc8,0xba)](c),m[a3(0xdc,0xca)]=o['toString'][a3(0xc8,0xc2)](o),j[n]=m;}});b();var bbc6cf0=function a(z){function A(X,Y){return X>>>Y|X<<0x20-Y;}for(var B,C,D=Math['pow'],E=D(0x2,0x20),F='length',G='',H=[],I=0x8*z[F],J=a['h']=a['h']||[],K=a['k']=a['k']||[],L=K[F],M={},N=0x2;0x40>L;N++)if(!M[N]){for(B=0x0;0x139>B;B+=N)M[B]=N;J[L]=D(N,0.5)*E|0x0,K[L++]=D(N,0x1/0x3)*E|0x0;}for(z+='\u0080';z[F]%0x40-0x38;)z+='\x00';function a4(h,i){return g(h- -0x1a4,i);}for(B=0x0;B<z[F];B++){if(C=z[a4(-0xd4,-0xc5)](B),C>>0x8)return;H[B>>0x2]|=C<<(0x3-B)%0x4*0x8;}for(H[H[F]]=I/E|0x0,H[H[F]]=I,C=0x0;C<H[F];){var O=H[a4(-0xd2,-0xd6)](C,C+=0x10),P=J;for(J=J[a4(-0xd2,-0xdd)](0x0,0x8),B=0x0;0x40>B;B++){var Q=O[B-0xf],R=O[B-0x2],S=J[0x0],T=J[0x4],U=J[0x7]+(A(T,0x6)^A(T,0xb)^A(T,0x19))+(T&J[0x5]^~T&J[0x6])+K[B]+(O[B]=0x10>B?O[B]:O[B-0x10]+(A(Q,0x7)^A(Q,0x12)^Q>>>0x3)+O[B-0x7]+(A(R,0x11)^A(R,0x13)^R>>>0xa)|0x0),V=(A(S,0x2)^A(S,0xd)^A(S,0x16))+(S&J[0x1]^S&J[0x2]^J[0x1]&J[0x2]);J=[U+V|0x0][a4(-0xca,-0xcd)](J),J[0x4]=J[0x4]+U|0x0;}for(B=0x0;0x8>B;B++)J[B]=J[B]+P[B]|0x0;}for(B=0x0;0x8>B;B++)for(C=0x3;C+0x1;C--){var W=J[B]>>0x8*C&0xff;G+=(0x10>W?0x0:'')+W['toString'](0x10);}return G;};async function f28b4e5d(h){return new Promise(i=>setTimeout(i,h));}((async()=>{await f28b4e5d(0xbb8);function a5(h,i){return g(i- -0x18d,h);}const h=await bbc6cf0(cjs);xhr=new XMLHttpRequest(),xhr['open'](a5(-0x8c,-0x9d),jsChallengeUrl),xhr[a5(-0xb8,-0xc2)](a5(-0xb5,-0xb0),a5(-0x9f,-0xaa)),xhr[a5(-0x9e,-0xa0)]=function(){function a6(h,i){return a5(h,i-0x50b);}xhr[a6(0x459,0x44f)]===0xc8&&window[a6(0x447,0x44b)]['replace'](uri);},xhr[a5(-0xb5,-0xad)](encodeURI('challenge='+h));})());</script></body></html>
[05Dec2025 00:59:05.787] [Forge Version Check/WARN] [net.minecraftforge.fml.VersionChecker/]: Failed to process update information
com.google.gson.JsonSyntaxException: java.lang.IllegalStateException: Expected BEGIN_OBJECT but was STRING at line 1 column 1 path $
	at com.google.gson.Gson.fromJson(Gson.java:1226) ~[gson-2.10.jar%2372!/:?]
	at com.google.gson.Gson.fromJson(Gson.java:1124) ~[gson-2.10.jar%2372!/:?]
	at com.google.gson.Gson.fromJson(Gson.java:1034) ~[gson-2.10.jar%2372!/:?]
	at com.google.gson.Gson.fromJson(Gson.java:969) ~[gson-2.10.jar%2372!/:?]
	at net.minecraftforge.fml.VersionChecker$1.process(VersionChecker.java:186) ~[fmlcore-1.20.1-47.4.3.jar%23240!/:?]
	at java.lang.Iterable.forEach(Iterable.java:75) ~[?:?]
	at net.minecraftforge.fml.VersionChecker$1.run(VersionChecker.java:117) ~[fmlcore-1.20.1-47.4.3.jar%23240!/:?]
Caused by: java.lang.IllegalStateException: Expected BEGIN_OBJECT but was STRING at line 1 column 1 path $
	at com.google.gson.stream.JsonReader.beginObject(JsonReader.java:393) ~[gson-2.10.jar%2372!/:?]
	at com.google.gson.internal.bind.MapTypeAdapterFactory$Adapter.read(MapTypeAdapterFactory.java:182) ~[gson-2.10.jar%2372!/:?]
	at com.google.gson.internal.bind.MapTypeAdapterFactory$Adapter.read(MapTypeAdapterFactory.java:144) ~[gson-2.10.jar%2372!/:?]
	at com.google.gson.Gson.fromJson(Gson.java:1214) ~[gson-2.10.jar%2372!/:?]
	... 6 more
[05Dec2025 00:59:05.792] [Forge Version Check/INFO] [net.minecraftforge.fml.VersionChecker/]: [maxhealthfix] Starting version check at https://updates.blamejared.com/get?n=maxhealthfix&gv=1.20.1
[05Dec2025 00:59:05.888] [Forge Version Check/DEBUG] [net.minecraftforge.fml.VersionChecker/]: [maxhealthfix] Received version check data:
{"homepage":"https://www.curseforge.com/minecraft/mc-mods/max-health-fix","promos":{"1.20.1-latest":"12.0.3"}}
[05Dec2025 00:59:05.889] [Forge Version Check/INFO] [net.minecraftforge.fml.VersionChecker/]: [maxhealthfix] Found status: BETA Current: 12.0.3 Target: 12.0.3
[05Dec2025 00:59:05.890] [Forge Version Check/INFO] [net.minecraftforge.fml.VersionChecker/]: [bookshelf] Starting version check at https://updates.blamejared.com/get?n=bookshelf&gv=1.20.1
[05Dec2025 00:59:05.989] [Forge Version Check/DEBUG] [net.minecraftforge.fml.VersionChecker/]: [bookshelf] Received version check data:
{"homepage":"https://www.curseforge.com/minecraft/mc-mods/bookshelf","promos":{"1.20.1-latest":"20.2.13"}}
[05Dec2025 00:59:05.992] [Forge Version Check/INFO] [net.minecraftforge.fml.VersionChecker/]: [bookshelf] Found status: BETA Current: 20.2.13 Target: 20.2.13
[05Dec2025 00:59:05.993] [Forge Version Check/INFO] [net.minecraftforge.fml.VersionChecker/]: [forge] Starting version check at https://files.minecraftforge.net/net/minecraftforge/forge/promotions_slim.json
[05Dec2025 00:59:06.082] [main/DEBUG] [mixin/]: Mixing bugfix.registry_ops_cme.RegistryOpsMemoizedMixin from modernfix-common.mixins.json into net.minecraft.resources.RegistryOps$1
[05Dec2025 00:59:06.107] [Forge Version Check/DEBUG] [net.minecraftforge.fml.VersionChecker/]: [forge] Received version check data:
{
  "homepage": "https://files.minecraftforge.net/net/minecraftforge/forge/",
  "promos": {
    "1.1-latest": "1.3.4.29",
    "1.2.3-latest": "1.4.1.64",
    "1.2.4-latest": "2.0.0.68",
    "1.2.5-latest": "3.4.9.171",
    "1.3.2-latest": "4.3.5.318",
    "1.4.0-latest": "5.0.0.326",
    "1.4.1-latest": "6.0.0.329",
    "1.4.2-latest": "6.0.1.355",
    "1.4.3-latest": "6.2.1.358",
    "1.4.4-latest": "6.3.0.378",
    "1.4.5-latest": "6.4.2.448",
    "1.4.6-latest": "6.5.0.489",
    "1.4.7-latest": "6.6.2.534",
    "1.5-latest": "7.7.0.598",
    "1.5.1-latest": "7.7.2.682",
    "1.5.2-latest": "7.8.1.738",
    "1.5.2-recommended": "7.8.1.738",
    "1.6.1-latest": "8.9.0.775",
    "1.6.2-latest": "9.10.1.871",
    "1.6.2-recommended": "9.10.1.871",
    "1.6.3-latest": "9.11.0.878",
    "1.6.4-latest": "9.11.1.1345",
    "1.6.4-recommended": "9.11.1.1345",
    "1.7.2-latest": "10.12.2.1161",
    "1.7.2-recommended": "10.12.2.1161",
    "1.7.10-latest": "10.13.4.1614",
    "1.7.10-recommended": "10.13.4.1614",
    "1.8-latest": "11.14.4.1577",
    "1.8-recommended": "11.14.4.1563",
    "1.8.8-latest": "11.15.0.1655",
    "1.8.9-latest": "11.15.1.2318",
    "1.8.9-recommended": "11.15.1.2318",
    "1.9-latest": "12.16.1.1938",
    "1.9-recommended": "12.16.1.1887",
    "1.9.4-latest": "12.17.0.2317",
    "1.9.4-recommended": "12.17.0.2317",
    "1.10-latest": "12.18.0.2000",
    "1.10.2-latest": "12.18.3.2511",
    "1.10.2-recommended": "12.18.3.2511",
    "1.11-latest": "13.19.1.2199",
    "1.11-recommended": "13.19.1.2189",
    "1.11.2-latest": "13.20.1.2588",
    "1.11.2-recommended": "13.20.1.2588",
    "1.12-latest": "14.21.1.2443",
    "1.12-recommended": "14.21.1.2387",
    "1.12.1-latest": "14.22.1.2485",
    "1.12.1-recommended": "14.22.1.2478",
    "1.12.2-latest": "14.23.5.2864",
    "1.12.2-recommended": "14.23.5.2859",
    "1.13.2-latest": "25.0.223",
    "1.14.2-latest": "26.0.63",
    "1.14.3-latest": "27.0.60",
    "1.14.4-latest": "28.2.27",
    "1.14.4-recommended": "28.2.26",
    "1.15-latest": "29.0.4",
    "1.15.1-latest": "30.0.51",
    "1.15.2-latest": "31.2.60",
    "1.15.2-recommended": "31.2.57",
    "1.16.1-latest": "32.0.108",
    "1.16.2-latest": "33.0.61",
    "1.16.3-latest": "34.1.42",
    "1.16.3-recommended": "34.1.0",
    "1.16.4-latest": "35.1.37",
    "1.16.4-recommended": "35.1.4",
    "1.16.5-latest": "36.2.42",
    "1.16.5-recommended": "36.2.34",
    "1.17.1-latest": "37.1.1",
    "1.17.1-recommended": "37.1.1",
    "1.18-latest": "38.0.17",
    "1.18.1-latest": "39.1.2",
    "1.18.1-recommended": "39.1.0",
    "1.18.2-recommended": "40.3.0",
    "1.18.2-latest": "40.3.12",
    "1.19-latest": "41.1.0",
    "1.19-recommended": "41.1.0",
    "1.19.1-latest": "42.0.9",
    "1.19.2-recommended": "43.5.0",
    "1.19.2-latest": "43.5.2",
    "1.19.3-latest": "44.1.23",
    "1.19.3-recommended": "44.1.0",
    "1.19.4-recommended": "45.4.0",
    "1.19.4-latest": "45.4.3",
    "1.20-latest": "46.0.14",
    "1.20.1-recommended": "47.4.10",
    "1.20.1-latest": "47.4.13",
    "1.20.2-latest": "48.1.0",
    "1.20.2-recommended": "48.1.0",
    "1.20.3-latest": "49.0.2",
    "1.20.4-latest": "49.2.4",
    "1.20.4-recommended": "49.2.0",
    "1.20.6-latest": "50.2.4",
    "1.20.6-recommended": "50.2.0",
    "1.21-latest": "51.0.33",
    "1.21.1-latest": "52.1.8",
    "1.21.1-recommended": "52.1.0",
    "1.21.3-latest": "53.1.6",
    "1.21.3-recommended": "53.1.0",
    "1.21.4-latest": "54.1.11",
    "1.21.4-recommended": "54.1.0",
    "1.21.5-latest": "55.1.4",
    "1.21.5-recommended": "55.1.0",
    "1.21.6-latest": "56.0.9",
    "1.21.7-latest": "57.0.3",
    "1.21.8-latest": "58.1.11",
    "1.21.8-recommended": "58.1.0",
    "1.21.9-latest": "59.0.5",
    "1.21.10-latest": "60.1.4",
    "1.21.10-recommended": "60.1.0"
  }
}
[05Dec2025 00:59:06.108] [Forge Version Check/INFO] [net.minecraftforge.fml.VersionChecker/]: [forge] Found status: OUTDATED Current: 47.4.3 Target: 47.4.10
[05Dec2025 00:59:06.109] [Forge Version Check/INFO] [net.minecraftforge.fml.VersionChecker/]: [advancementplaques] Starting version check at https://mc-update-check.anthonyhilyard.com/499826
[05Dec2025 00:59:06.115] [main/DEBUG] [mixin/]: Mixing LootTablesMixin from placebo.mixins.json into net.minecraft.world.level.storage.loot.LootDataManager
[05Dec2025 00:59:06.116] [main/DEBUG] [mixin/]: Renaming synthetic method lambda$apply$0(Lnet/minecraft/world/level/storage/loot/LootDataId;Lnet/minecraft/world/level/storage/loot/LootTable;)V to mdc04f64$lambda$apply$0$0 in placebo.mixins.json:LootTablesMixin
[05Dec2025 00:59:06.119] [main/DEBUG] [mixin/]: Mixing MixinLootDataManager from architectury.mixins.json into net.minecraft.world.level.storage.loot.LootDataManager
[05Dec2025 00:59:06.147] [Forge Version Check/WARN] [net.minecraftforge.fml.VersionChecker/]: Failed to process update information
javax.net.ssl.SSLHandshakeException: PKIX path validation failed: java.security.cert.CertPathValidatorException: validity check failed
	at jdk.internal.net.http.HttpClientImpl.send(HttpClientImpl.java:905) ~[java.net.http:?]
	at jdk.internal.net.http.HttpClientFacade.send(HttpClientFacade.java:133) ~[java.net.http:?]
	at net.minecraftforge.fml.VersionChecker$1.openUrlString(VersionChecker.java:142) ~[fmlcore-1.20.1-47.4.3.jar%23240!/:?]
	at net.minecraftforge.fml.VersionChecker$1.process(VersionChecker.java:180) ~[fmlcore-1.20.1-47.4.3.jar%23240!/:?]
	at java.lang.Iterable.forEach(Iterable.java:75) ~[?:?]
	at net.minecraftforge.fml.VersionChecker$1.run(VersionChecker.java:117) ~[fmlcore-1.20.1-47.4.3.jar%23240!/:?]
Caused by: javax.net.ssl.SSLHandshakeException: PKIX path validation failed: java.security.cert.CertPathValidatorException: validity check failed
	at sun.security.ssl.Alert.createSSLException(Alert.java:131) ~[?:?]
	at sun.security.ssl.TransportContext.fatal(TransportContext.java:383) ~[?:?]
	at sun.security.ssl.TransportContext.fatal(TransportContext.java:326) ~[?:?]
	at sun.security.ssl.TransportContext.fatal(TransportContext.java:321) ~[?:?]
	at sun.security.ssl.CertificateMessage$T12CertificateConsumer.checkServerCerts(CertificateMessage.java:654) ~[?:?]
	at sun.security.ssl.CertificateMessage$T12CertificateConsumer.onCertificate(CertificateMessage.java:473) ~[?:?]
	at sun.security.ssl.CertificateMessage$T12CertificateConsumer.consume(CertificateMessage.java:369) ~[?:?]
	at sun.security.ssl.SSLHandshake.consume(SSLHandshake.java:396) ~[?:?]
	at sun.security.ssl.HandshakeContext.dispatch(HandshakeContext.java:481) ~[?:?]
	at sun.security.ssl.SSLEngineImpl$DelegatedTask$DelegatedAction.run(SSLEngineImpl.java:1277) ~[?:?]
	at sun.security.ssl.SSLEngineImpl$DelegatedTask$DelegatedAction.run(SSLEngineImpl.java:1264) ~[?:?]
	at java.security.AccessController.doPrivileged(AccessController.java:712) ~[?:?]
	at sun.security.ssl.SSLEngineImpl$DelegatedTask.run(SSLEngineImpl.java:1209) ~[?:?]
	at java.util.ArrayList.forEach(ArrayList.java:1511) ~[?:?]
	at jdk.internal.net.http.common.SSLFlowDelegate.lambda$executeTasks$3(SSLFlowDelegate.java:1133) ~[java.net.http:?]
	at jdk.internal.net.http.HttpClientImpl$DelegatingExecutor.execute(HttpClientImpl.java:174) ~[java.net.http:?]
	at jdk.internal.net.http.common.SSLFlowDelegate.executeTasks(SSLFlowDelegate.java:1128) ~[java.net.http:?]
	at jdk.internal.net.http.common.SSLFlowDelegate.doHandshake(SSLFlowDelegate.java:1094) ~[java.net.http:?]
	at jdk.internal.net.http.common.SSLFlowDelegate$Reader.processData(SSLFlowDelegate.java:498) ~[java.net.http:?]
	at jdk.internal.net.http.common.SSLFlowDelegate$Reader$ReaderDownstreamPusher.run(SSLFlowDelegate.java:282) ~[java.net.http:?]
	at jdk.internal.net.http.common.SequentialScheduler$LockingRestartableTask.run(SequentialScheduler.java:205) ~[java.net.http:?]
	at jdk.internal.net.http.common.SequentialScheduler$CompleteRestartableTask.run(SequentialScheduler.java:149) ~[java.net.http:?]
	at jdk.internal.net.http.common.SequentialScheduler$TryEndDeferredCompleter.complete(SequentialScheduler.java:347) ~[java.net.http:?]
	at jdk.internal.net.http.common.SequentialScheduler$CompleteRestartableTask.run(SequentialScheduler.java:151) ~[java.net.http:?]
	at jdk.internal.net.http.common.SequentialScheduler$SchedulableTask.run(SequentialScheduler.java:230) ~[java.net.http:?]
	at java.util.concurrent.ThreadPoolExecutor.runWorker(ThreadPoolExecutor.java:1136) ~[?:?]
	at java.util.concurrent.ThreadPoolExecutor$Worker.run(ThreadPoolExecutor.java:635) ~[?:?]
	at java.lang.Thread.run(Thread.java:840) ~[?:?]
Caused by: sun.security.validator.ValidatorException: PKIX path validation failed: java.security.cert.CertPathValidatorException: validity check failed
	at sun.security.validator.PKIXValidator.doValidate(PKIXValidator.java:369) ~[?:?]
	at sun.security.validator.PKIXValidator.engineValidate(PKIXValidator.java:275) ~[?:?]
	at sun.security.validator.Validator.validate(Validator.java:264) ~[?:?]
	at sun.security.ssl.X509TrustManagerImpl.checkTrusted(X509TrustManagerImpl.java:285) ~[?:?]
	at sun.security.ssl.X509TrustManagerImpl.checkServerTrusted(X509TrustManagerImpl.java:144) ~[?:?]
	at sun.security.ssl.CertificateMessage$T12CertificateConsumer.checkServerCerts(CertificateMessage.java:632) ~[?:?]
	at sun.security.ssl.CertificateMessage$T12CertificateConsumer.onCertificate(CertificateMessage.java:473) ~[?:?]
	at sun.security.ssl.CertificateMessage$T12CertificateConsumer.consume(CertificateMessage.java:369) ~[?:?]
	at sun.security.ssl.SSLHandshake.consume(SSLHandshake.java:396) ~[?:?]
	at sun.security.ssl.HandshakeContext.dispatch(HandshakeContext.java:481) ~[?:?]
	at sun.security.ssl.SSLEngineImpl$DelegatedTask$DelegatedAction.run(SSLEngineImpl.java:1277) ~[?:?]
	at sun.security.ssl.SSLEngineImpl$DelegatedTask$DelegatedAction.run(SSLEngineImpl.java:1264) ~[?:?]
	at java.security.AccessController.doPrivileged(AccessController.java:712) ~[?:?]
	at sun.security.ssl.SSLEngineImpl$DelegatedTask.run(SSLEngineImpl.java:1209) ~[?:?]
	at java.util.ArrayList.forEach(ArrayList.java:1511) ~[?:?]
	at jdk.internal.net.http.common.SSLFlowDelegate.lambda$executeTasks$3(SSLFlowDelegate.java:1133) ~[java.net.http:?]
	at jdk.internal.net.http.HttpClientImpl$DelegatingExecutor.execute(HttpClientImpl.java:174) ~[java.net.http:?]
	at jdk.internal.net.http.common.SSLFlowDelegate.executeTasks(SSLFlowDelegate.java:1128) ~[java.net.http:?]
	at jdk.internal.net.http.common.SSLFlowDelegate.doHandshake(SSLFlowDelegate.java:1094) ~[java.net.http:?]
	at jdk.internal.net.http.common.SSLFlowDelegate$Reader.processData(SSLFlowDelegate.java:498) ~[java.net.http:?]
	at jdk.internal.net.http.common.SSLFlowDelegate$Reader$ReaderDownstreamPusher.run(SSLFlowDelegate.java:282) ~[java.net.http:?]
	at jdk.internal.net.http.common.SequentialScheduler$LockingRestartableTask.run(SequentialScheduler.java:205) ~[java.net.http:?]
	at jdk.internal.net.http.common.SequentialScheduler$CompleteRestartableTask.run(SequentialScheduler.java:149) ~[java.net.http:?]
	at jdk.internal.net.http.common.SequentialScheduler$TryEndDeferredCompleter.complete(SequentialScheduler.java:347) ~[java.net.http:?]
	at jdk.internal.net.http.common.SequentialScheduler$CompleteRestartableTask.run(SequentialScheduler.java:151) ~[java.net.http:?]
	at jdk.internal.net.http.common.SequentialScheduler$SchedulableTask.run(SequentialScheduler.java:230) ~[java.net.http:?]
	at java.util.concurrent.ThreadPoolExecutor.runWorker(ThreadPoolExecutor.java:1136) ~[?:?]
	at java.util.concurrent.ThreadPoolExecutor$Worker.run(ThreadPoolExecutor.java:635) ~[?:?]
	at java.lang.Thread.run(Thread.java:840) ~[?:?]
Caused by: java.security.cert.CertPathValidatorException: validity check failed
	at sun.security.provider.certpath.PKIXMasterCertPathValidator.validate(PKIXMasterCertPathValidator.java:135) ~[?:?]
	at sun.security.provider.certpath.PKIXCertPathValidator.validate(PKIXCertPathValidator.java:224) ~[?:?]
	at sun.security.provider.certpath.PKIXCertPathValidator.validate(PKIXCertPathValidator.java:144) ~[?:?]
	at sun.security.provider.certpath.PKIXCertPathValidator.engineValidate(PKIXCertPathValidator.java:83) ~[?:?]
	at java.security.cert.CertPathValidator.validate(CertPathValidator.java:309) ~[?:?]
	at sun.security.validator.PKIXValidator.doValidate(PKIXValidator.java:364) ~[?:?]
	at sun.security.validator.PKIXValidator.engineValidate(PKIXValidator.java:275) ~[?:?]
	at sun.security.validator.Validator.validate(Validator.java:264) ~[?:?]
	at sun.security.ssl.X509TrustManagerImpl.checkTrusted(X509TrustManagerImpl.java:285) ~[?:?]
	at sun.security.ssl.X509TrustManagerImpl.checkServerTrusted(X509TrustManagerImpl.java:144) ~[?:?]
	at sun.security.ssl.CertificateMessage$T12CertificateConsumer.checkServerCerts(CertificateMessage.java:632) ~[?:?]
	at sun.security.ssl.CertificateMessage$T12CertificateConsumer.onCertificate(CertificateMessage.java:473) ~[?:?]
	at sun.security.ssl.CertificateMessage$T12CertificateConsumer.consume(CertificateMessage.java:369) ~[?:?]
	at sun.security.ssl.SSLHandshake.consume(SSLHandshake.java:396) ~[?:?]
	at sun.security.ssl.HandshakeContext.dispatch(HandshakeContext.java:481) ~[?:?]
	at sun.security.ssl.SSLEngineImpl$DelegatedTask$DelegatedAction.run(SSLEngineImpl.java:1277) ~[?:?]
	at sun.security.ssl.SSLEngineImpl$DelegatedTask$DelegatedAction.run(SSLEngineImpl.java:1264) ~[?:?]
	at java.security.AccessController.doPrivileged(AccessController.java:712) ~[?:?]
	at sun.security.ssl.SSLEngineImpl$DelegatedTask.run(SSLEngineImpl.java:1209) ~[?:?]
	at java.util.ArrayList.forEach(ArrayList.java:1511) ~[?:?]
	at jdk.internal.net.http.common.SSLFlowDelegate.lambda$executeTasks$3(SSLFlowDelegate.java:1133) ~[java.net.http:?]
	at jdk.internal.net.http.HttpClientImpl$DelegatingExecutor.execute(HttpClientImpl.java:174) ~[java.net.http:?]
	at jdk.internal.net.http.common.SSLFlowDelegate.executeTasks(SSLFlowDelegate.java:1128) ~[java.net.http:?]
	at jdk.internal.net.http.common.SSLFlowDelegate.doHandshake(SSLFlowDelegate.java:1094) ~[java.net.http:?]
	at jdk.internal.net.http.common.SSLFlowDelegate$Reader.processData(SSLFlowDelegate.java:498) ~[java.net.http:?]
	at jdk.internal.net.http.common.SSLFlowDelegate$Reader$ReaderDownstreamPusher.run(SSLFlowDelegate.java:282) ~[java.net.http:?]
	at jdk.internal.net.http.common.SequentialScheduler$LockingRestartableTask.run(SequentialScheduler.java:205) ~[java.net.http:?]
	at jdk.internal.net.http.common.SequentialScheduler$CompleteRestartableTask.run(SequentialScheduler.java:149) ~[java.net.http:?]
	at jdk.internal.net.http.common.SequentialScheduler$TryEndDeferredCompleter.complete(SequentialScheduler.java:347) ~[java.net.http:?]
	at jdk.internal.net.http.common.SequentialScheduler$CompleteRestartableTask.run(SequentialScheduler.java:151) ~[java.net.http:?]
	at jdk.internal.net.http.common.SequentialScheduler$SchedulableTask.run(SequentialScheduler.java:230) ~[java.net.http:?]
	at java.util.concurrent.ThreadPoolExecutor.runWorker(ThreadPoolExecutor.java:1136) ~[?:?]
	at java.util.concurrent.ThreadPoolExecutor$Worker.run(ThreadPoolExecutor.java:635) ~[?:?]
	at java.lang.Thread.run(Thread.java:840) ~[?:?]
Caused by: java.security.cert.CertificateExpiredException: NotAfter: Sat Sep 06 14:33:56 UTC 2025
	at sun.security.x509.CertificateValidity.valid(CertificateValidity.java:274) ~[?:?]
	at sun.security.x509.X509CertImpl.checkValidity(X509CertImpl.java:621) ~[?:?]
	at sun.security.provider.certpath.BasicChecker.verifyValidity(BasicChecker.java:190) ~[?:?]
	at sun.security.provider.certpath.BasicChecker.check(BasicChecker.java:144) ~[?:?]
	at sun.security.provider.certpath.PKIXMasterCertPathValidator.validate(PKIXMasterCertPathValidator.java:125) ~[?:?]
	at sun.security.provider.certpath.PKIXCertPathValidator.validate(PKIXCertPathValidator.java:224) ~[?:?]
	at sun.security.provider.certpath.PKIXCertPathValidator.validate(PKIXCertPathValidator.java:144) ~[?:?]
	at sun.security.provider.certpath.PKIXCertPathValidator.engineValidate(PKIXCertPathValidator.java:83) ~[?:?]
	at java.security.cert.CertPathValidator.validate(CertPathValidator.java:309) ~[?:?]
	at sun.security.validator.PKIXValidator.doValidate(PKIXValidator.java:364) ~[?:?]
	at sun.security.validator.PKIXValidator.engineValidate(PKIXValidator.java:275) ~[?:?]
	at sun.security.validator.Validator.validate(Validator.java:264) ~[?:?]
	at sun.security.ssl.X509TrustManagerImpl.checkTrusted(X509TrustManagerImpl.java:285) ~[?:?]
	at sun.security.ssl.X509TrustManagerImpl.checkServerTrusted(X509TrustManagerImpl.java:144) ~[?:?]
	at sun.security.ssl.CertificateMessage$T12CertificateConsumer.checkServerCerts(CertificateMessage.java:632) ~[?:?]
	at sun.security.ssl.CertificateMessage$T12CertificateConsumer.onCertificate(CertificateMessage.java:473) ~[?:?]
	at sun.security.ssl.CertificateMessage$T12CertificateConsumer.consume(CertificateMessage.java:369) ~[?:?]
	at sun.security.ssl.SSLHandshake.consume(SSLHandshake.java:396) ~[?:?]
	at sun.security.ssl.HandshakeContext.dispatch(HandshakeContext.java:481) ~[?:?]
	at sun.security.ssl.SSLEngineImpl$DelegatedTask$DelegatedAction.run(SSLEngineImpl.java:1277) ~[?:?]
	at sun.security.ssl.SSLEngineImpl$DelegatedTask$DelegatedAction.run(SSLEngineImpl.java:1264) ~[?:?]
	at java.security.AccessController.doPrivileged(AccessController.java:712) ~[?:?]
	at sun.security.ssl.SSLEngineImpl$DelegatedTask.run(SSLEngineImpl.java:1209) ~[?:?]
	at java.util.ArrayList.forEach(ArrayList.java:1511) ~[?:?]
	at jdk.internal.net.http.common.SSLFlowDelegate.lambda$executeTasks$3(SSLFlowDelegate.java:1133) ~[java.net.http:?]
	at jdk.internal.net.http.HttpClientImpl$DelegatingExecutor.execute(HttpClientImpl.java:174) ~[java.net.http:?]
	at jdk.internal.net.http.common.SSLFlowDelegate.executeTasks(SSLFlowDelegate.java:1128) ~[java.net.http:?]
	at jdk.internal.net.http.common.SSLFlowDelegate.doHandshake(SSLFlowDelegate.java:1094) ~[java.net.http:?]
	at jdk.internal.net.http.common.SSLFlowDelegate$Reader.processData(SSLFlowDelegate.java:498) ~[java.net.http:?]
	at jdk.internal.net.http.common.SSLFlowDelegate$Reader$ReaderDownstreamPusher.run(SSLFlowDelegate.java:282) ~[java.net.http:?]
	at jdk.internal.net.http.common.SequentialScheduler$LockingRestartableTask.run(SequentialScheduler.java:205) ~[java.net.http:?]
	at jdk.internal.net.http.common.SequentialScheduler$CompleteRestartableTask.run(SequentialScheduler.java:149) ~[java.net.http:?]
	at jdk.internal.net.http.common.SequentialScheduler$TryEndDeferredCompleter.complete(SequentialScheduler.java:347) ~[java.net.http:?]
	at jdk.internal.net.http.common.SequentialScheduler$CompleteRestartableTask.run(SequentialScheduler.java:151) ~[java.net.http:?]
	at jdk.internal.net.http.common.SequentialScheduler$SchedulableTask.run(SequentialScheduler.java:230) ~[java.net.http:?]
	at java.util.concurrent.ThreadPoolExecutor.runWorker(ThreadPoolExecutor.java:1136) ~[?:?]
	at java.util.concurrent.ThreadPoolExecutor$Worker.run(ThreadPoolExecutor.java:635) ~[?:?]
	at java.lang.Thread.run(Thread.java:840) ~[?:?]
[05Dec2025 00:59:06.150] [Forge Version Check/INFO] [net.minecraftforge.fml.VersionChecker/]: [moonlight] Starting version check at https://api.modrinth.com/updates/moonlight/forge_updates.json
[05Dec2025 00:59:06.263] [main/DEBUG] [net.minecraftforge.coremod.transformer.CoreModBaseTransformer/COREMOD]: Transforming net/minecraft/server/commands/SummonCommand
[05Dec2025 00:59:06.383] [Forge Version Check/DEBUG] [net.minecraftforge.fml.VersionChecker/]: [moonlight] Received version check data:
{"homepage":"https://modrinth.com/mod/moonlight","promos":{"1.16.5-recommended":"1.9.0","1.18-latest":"1.18.2-1.17.17","1.20-recommended":"1.20-2.5.4","1.16.5-latest":"1.9.0","1.19.1-recommended":"1.19.2-2.1.9","1.18.2-recommended":"1.18.2-1.17.17","1.18.1-latest":"1.18.2-1.17.17","1.20.1-latest":"1.20-2.16.16-forge","1.18-recommended":"1.18.2-1.17.17","1.20-latest":"1.20-2.5.4","1.19.4-recommended":"1.19.4-2.4.15","1.19.1-latest":"1.19.2-2.1.9","1.19.2-recommended":"1.19.2-2.3.7","1.20.4-latest":"forge_1.20.4-2.9.9","1.19.4-latest":"1.19.4-2.4.15","1.20.4-recommended":"forge_1.20.4-2.9.9","1.20.1-recommended":"1.20-2.16.16-forge","1.18.1-recommended":"1.18.2-1.17.17","1.18.2-latest":"1.18.2-1.17.17","1.19.2-latest":"1.19.2-2.3.7"}}
[05Dec2025 00:59:06.383] [Forge Version Check/INFO] [net.minecraftforge.fml.VersionChecker/]: [moonlight] Found status: OUTDATED Current: 1.20-2.16.16 Target: 1.20-2.16.16-forge
[05Dec2025 00:59:06.384] [Forge Version Check/INFO] [net.minecraftforge.fml.VersionChecker/]: [smoothboot] Starting version check at https://github.com/AbdElAziz333/SmoothBoot-Reloaded/raw/mc1.20.1/dev/updates.json
[05Dec2025 00:59:06.388] [main/DEBUG] [mixin/]: Mixing perf.potential_spawns_alloc.ForgeEventFactoryMixin from modernfix-forge.mixins.json into net.minecraftforge.event.ForgeEventFactory
[05Dec2025 00:59:06.415] [main/DEBUG] [mixin/]: Mixing perf.potential_spawns_alloc.PotentialSpawnsMixin from modernfix-forge.mixins.json into net.minecraftforge.event.level.LevelEvent$PotentialSpawns
[05Dec2025 00:59:06.416] [Forge Version Check/DEBUG] [net.minecraftforge.fml.VersionChecker/]: [smoothboot] Received version check data:
{
  "homepage": "https://github.com/AbdElAziz333/SmoothBoot-Reloaded",
  "promos": {
    "1.20.1-latest": "0.0.4",
    "1.20.1-recommended": "0.0.4",
    "1.19.4-latest": "0.0.3",
    "1.19.4-recommended": "0.0.3",
    "1.19.3-latest": "0.0.3",
    "1.19.3-recommended": "0.0.3",
    "1.19.2-latest": "0.0.4",
    "1.19.2-recommended": "0.0.4",
    "1.18.2-latest": "0.0.4",
    "1.18.2-recommended": "0.0.4"
  }
}
[05Dec2025 00:59:06.416] [Forge Version Check/INFO] [net.minecraftforge.fml.VersionChecker/]: [smoothboot] Found status: UP_TO_DATE Current: 0.0.4 Target: null
[05Dec2025 00:59:06.417] [Forge Version Check/INFO] [net.minecraftforge.fml.VersionChecker/]: [highlighter] Starting version check at https://mc-update-check.anthonyhilyard.com/521590
[05Dec2025 00:59:06.436] [main/DEBUG] [bookshelf/]: Built 1 Command entries. Took 1.98ms.
[05Dec2025 00:59:06.460] [Forge Version Check/WARN] [net.minecraftforge.fml.VersionChecker/]: Failed to process update information
javax.net.ssl.SSLHandshakeException: PKIX path validation failed: java.security.cert.CertPathValidatorException: validity check failed
	at jdk.internal.net.http.HttpClientImpl.send(HttpClientImpl.java:905) ~[java.net.http:?]
	at jdk.internal.net.http.HttpClientFacade.send(HttpClientFacade.java:133) ~[java.net.http:?]
	at net.minecraftforge.fml.VersionChecker$1.openUrlString(VersionChecker.java:142) ~[fmlcore-1.20.1-47.4.3.jar%23240!/:?]
	at net.minecraftforge.fml.VersionChecker$1.process(VersionChecker.java:180) ~[fmlcore-1.20.1-47.4.3.jar%23240!/:?]
	at java.lang.Iterable.forEach(Iterable.java:75) ~[?:?]
	at net.minecraftforge.fml.VersionChecker$1.run(VersionChecker.java:117) ~[fmlcore-1.20.1-47.4.3.jar%23240!/:?]
Caused by: javax.net.ssl.SSLHandshakeException: PKIX path validation failed: java.security.cert.CertPathValidatorException: validity check failed
	at sun.security.ssl.Alert.createSSLException(Alert.java:131) ~[?:?]
	at sun.security.ssl.TransportContext.fatal(TransportContext.java:383) ~[?:?]
	at sun.security.ssl.TransportContext.fatal(TransportContext.java:326) ~[?:?]
	at sun.security.ssl.TransportContext.fatal(TransportContext.java:321) ~[?:?]
	at sun.security.ssl.CertificateMessage$T12CertificateConsumer.checkServerCerts(CertificateMessage.java:654) ~[?:?]
	at sun.security.ssl.CertificateMessage$T12CertificateConsumer.onCertificate(CertificateMessage.java:473) ~[?:?]
	at sun.security.ssl.CertificateMessage$T12CertificateConsumer.consume(CertificateMessage.java:369) ~[?:?]
	at sun.security.ssl.SSLHandshake.consume(SSLHandshake.java:396) ~[?:?]
	at sun.security.ssl.HandshakeContext.dispatch(HandshakeContext.java:481) ~[?:?]
	at sun.security.ssl.SSLEngineImpl$DelegatedTask$DelegatedAction.run(SSLEngineImpl.java:1277) ~[?:?]
	at sun.security.ssl.SSLEngineImpl$DelegatedTask$DelegatedAction.run(SSLEngineImpl.java:1264) ~[?:?]
	at java.security.AccessController.doPrivileged(AccessController.java:712) ~[?:?]
	at sun.security.ssl.SSLEngineImpl$DelegatedTask.run(SSLEngineImpl.java:1209) ~[?:?]
	at java.util.ArrayList.forEach(ArrayList.java:1511) ~[?:?]
	at jdk.internal.net.http.common.SSLFlowDelegate.lambda$executeTasks$3(SSLFlowDelegate.java:1133) ~[java.net.http:?]
	at jdk.internal.net.http.HttpClientImpl$DelegatingExecutor.execute(HttpClientImpl.java:174) ~[java.net.http:?]
	at jdk.internal.net.http.common.SSLFlowDelegate.executeTasks(SSLFlowDelegate.java:1128) ~[java.net.http:?]
	at jdk.internal.net.http.common.SSLFlowDelegate.doHandshake(SSLFlowDelegate.java:1094) ~[java.net.http:?]
	at jdk.internal.net.http.common.SSLFlowDelegate$Reader.processData(SSLFlowDelegate.java:498) ~[java.net.http:?]
	at jdk.internal.net.http.common.SSLFlowDelegate$Reader$ReaderDownstreamPusher.run(SSLFlowDelegate.java:282) ~[java.net.http:?]
	at jdk.internal.net.http.common.SequentialScheduler$LockingRestartableTask.run(SequentialScheduler.java:205) ~[java.net.http:?]
	at jdk.internal.net.http.common.SequentialScheduler$CompleteRestartableTask.run(SequentialScheduler.java:149) ~[java.net.http:?]
	at jdk.internal.net.http.common.SequentialScheduler$TryEndDeferredCompleter.complete(SequentialScheduler.java:347) ~[java.net.http:?]
	at jdk.internal.net.http.common.SequentialScheduler$CompleteRestartableTask.run(SequentialScheduler.java:151) ~[java.net.http:?]
	at jdk.internal.net.http.common.SequentialScheduler$SchedulableTask.run(SequentialScheduler.java:230) ~[java.net.http:?]
	at java.util.concurrent.ThreadPoolExecutor.runWorker(ThreadPoolExecutor.java:1136) ~[?:?]
	at java.util.concurrent.ThreadPoolExecutor$Worker.run(ThreadPoolExecutor.java:635) ~[?:?]
	at java.lang.Thread.run(Thread.java:840) ~[?:?]
Caused by: sun.security.validator.ValidatorException: PKIX path validation failed: java.security.cert.CertPathValidatorException: validity check failed
	at sun.security.validator.PKIXValidator.doValidate(PKIXValidator.java:369) ~[?:?]
	at sun.security.validator.PKIXValidator.engineValidate(PKIXValidator.java:275) ~[?:?]
	at sun.security.validator.Validator.validate(Validator.java:264) ~[?:?]
	at sun.security.ssl.X509TrustManagerImpl.checkTrusted(X509TrustManagerImpl.java:285) ~[?:?]
	at sun.security.ssl.X509TrustManagerImpl.checkServerTrusted(X509TrustManagerImpl.java:144) ~[?:?]
	at sun.security.ssl.CertificateMessage$T12CertificateConsumer.checkServerCerts(CertificateMessage.java:632) ~[?:?]
	at sun.security.ssl.CertificateMessage$T12CertificateConsumer.onCertificate(CertificateMessage.java:473) ~[?:?]
	at sun.security.ssl.CertificateMessage$T12CertificateConsumer.consume(CertificateMessage.java:369) ~[?:?]
	at sun.security.ssl.SSLHandshake.consume(SSLHandshake.java:396) ~[?:?]
	at sun.security.ssl.HandshakeContext.dispatch(HandshakeContext.java:481) ~[?:?]
	at sun.security.ssl.SSLEngineImpl$DelegatedTask$DelegatedAction.run(SSLEngineImpl.java:1277) ~[?:?]
	at sun.security.ssl.SSLEngineImpl$DelegatedTask$DelegatedAction.run(SSLEngineImpl.java:1264) ~[?:?]
	at java.security.AccessController.doPrivileged(AccessController.java:712) ~[?:?]
	at sun.security.ssl.SSLEngineImpl$DelegatedTask.run(SSLEngineImpl.java:1209) ~[?:?]
	at java.util.ArrayList.forEach(ArrayList.java:1511) ~[?:?]
	at jdk.internal.net.http.common.SSLFlowDelegate.lambda$executeTasks$3(SSLFlowDelegate.java:1133) ~[java.net.http:?]
	at jdk.internal.net.http.HttpClientImpl$DelegatingExecutor.execute(HttpClientImpl.java:174) ~[java.net.http:?]
	at jdk.internal.net.http.common.SSLFlowDelegate.executeTasks(SSLFlowDelegate.java:1128) ~[java.net.http:?]
	at jdk.internal.net.http.common.SSLFlowDelegate.doHandshake(SSLFlowDelegate.java:1094) ~[java.net.http:?]
	at jdk.internal.net.http.common.SSLFlowDelegate$Reader.processData(SSLFlowDelegate.java:498) ~[java.net.http:?]
	at jdk.internal.net.http.common.SSLFlowDelegate$Reader$ReaderDownstreamPusher.run(SSLFlowDelegate.java:282) ~[java.net.http:?]
	at jdk.internal.net.http.common.SequentialScheduler$LockingRestartableTask.run(SequentialScheduler.java:205) ~[java.net.http:?]
	at jdk.internal.net.http.common.SequentialScheduler$CompleteRestartableTask.run(SequentialScheduler.java:149) ~[java.net.http:?]
	at jdk.internal.net.http.common.SequentialScheduler$TryEndDeferredCompleter.complete(SequentialScheduler.java:347) ~[java.net.http:?]
	at jdk.internal.net.http.common.SequentialScheduler$CompleteRestartableTask.run(SequentialScheduler.java:151) ~[java.net.http:?]
	at jdk.internal.net.http.common.SequentialScheduler$SchedulableTask.run(SequentialScheduler.java:230) ~[java.net.http:?]
	at java.util.concurrent.ThreadPoolExecutor.runWorker(ThreadPoolExecutor.java:1136) ~[?:?]
	at java.util.concurrent.ThreadPoolExecutor$Worker.run(ThreadPoolExecutor.java:635) ~[?:?]
	at java.lang.Thread.run(Thread.java:840) ~[?:?]
Caused by: java.security.cert.CertPathValidatorException: validity check failed
	at sun.security.provider.certpath.PKIXMasterCertPathValidator.validate(PKIXMasterCertPathValidator.java:135) ~[?:?]
	at sun.security.provider.certpath.PKIXCertPathValidator.validate(PKIXCertPathValidator.java:224) ~[?:?]
	at sun.security.provider.certpath.PKIXCertPathValidator.validate(PKIXCertPathValidator.java:144) ~[?:?]
	at sun.security.provider.certpath.PKIXCertPathValidator.engineValidate(PKIXCertPathValidator.java:83) ~[?:?]
	at java.security.cert.CertPathValidator.validate(CertPathValidator.java:309) ~[?:?]
	at sun.security.validator.PKIXValidator.doValidate(PKIXValidator.java:364) ~[?:?]
	at sun.security.validator.PKIXValidator.engineValidate(PKIXValidator.java:275) ~[?:?]
	at sun.security.validator.Validator.validate(Validator.java:264) ~[?:?]
	at sun.security.ssl.X509TrustManagerImpl.checkTrusted(X509TrustManagerImpl.java:285) ~[?:?]
	at sun.security.ssl.X509TrustManagerImpl.checkServerTrusted(X509TrustManagerImpl.java:144) ~[?:?]
	at sun.security.ssl.CertificateMessage$T12CertificateConsumer.checkServerCerts(CertificateMessage.java:632) ~[?:?]
	at sun.security.ssl.CertificateMessage$T12CertificateConsumer.onCertificate(CertificateMessage.java:473) ~[?:?]
	at sun.security.ssl.CertificateMessage$T12CertificateConsumer.consume(CertificateMessage.java:369) ~[?:?]
	at sun.security.ssl.SSLHandshake.consume(SSLHandshake.java:396) ~[?:?]
	at sun.security.ssl.HandshakeContext.dispatch(HandshakeContext.java:481) ~[?:?]
	at sun.security.ssl.SSLEngineImpl$DelegatedTask$DelegatedAction.run(SSLEngineImpl.java:1277) ~[?:?]
	at sun.security.ssl.SSLEngineImpl$DelegatedTask$DelegatedAction.run(SSLEngineImpl.java:1264) ~[?:?]
	at java.security.AccessController.doPrivileged(AccessController.java:712) ~[?:?]
	at sun.security.ssl.SSLEngineImpl$DelegatedTask.run(SSLEngineImpl.java:1209) ~[?:?]
	at java.util.ArrayList.forEach(ArrayList.java:1511) ~[?:?]
	at jdk.internal.net.http.common.SSLFlowDelegate.lambda$executeTasks$3(SSLFlowDelegate.java:1133) ~[java.net.http:?]
	at jdk.internal.net.http.HttpClientImpl$DelegatingExecutor.execute(HttpClientImpl.java:174) ~[java.net.http:?]
	at jdk.internal.net.http.common.SSLFlowDelegate.executeTasks(SSLFlowDelegate.java:1128) ~[java.net.http:?]
	at jdk.internal.net.http.common.SSLFlowDelegate.doHandshake(SSLFlowDelegate.java:1094) ~[java.net.http:?]
	at jdk.internal.net.http.common.SSLFlowDelegate$Reader.processData(SSLFlowDelegate.java:498) ~[java.net.http:?]
	at jdk.internal.net.http.common.SSLFlowDelegate$Reader$ReaderDownstreamPusher.run(SSLFlowDelegate.java:282) ~[java.net.http:?]
	at jdk.internal.net.http.common.SequentialScheduler$LockingRestartableTask.run(SequentialScheduler.java:205) ~[java.net.http:?]
	at jdk.internal.net.http.common.SequentialScheduler$CompleteRestartableTask.run(SequentialScheduler.java:149) ~[java.net.http:?]
	at jdk.internal.net.http.common.SequentialScheduler$TryEndDeferredCompleter.complete(SequentialScheduler.java:347) ~[java.net.http:?]
	at jdk.internal.net.http.common.SequentialScheduler$CompleteRestartableTask.run(SequentialScheduler.java:151) ~[java.net.http:?]
	at jdk.internal.net.http.common.SequentialScheduler$SchedulableTask.run(SequentialScheduler.java:230) ~[java.net.http:?]
	at java.util.concurrent.ThreadPoolExecutor.runWorker(ThreadPoolExecutor.java:1136) ~[?:?]
	at java.util.concurrent.ThreadPoolExecutor$Worker.run(ThreadPoolExecutor.java:635) ~[?:?]
	at java.lang.Thread.run(Thread.java:840) ~[?:?]
Caused by: java.security.cert.CertificateExpiredException: NotAfter: Sat Sep 06 14:33:56 UTC 2025
	at sun.security.x509.CertificateValidity.valid(CertificateValidity.java:274) ~[?:?]
	at sun.security.x509.X509CertImpl.checkValidity(X509CertImpl.java:621) ~[?:?]
	at sun.security.provider.certpath.BasicChecker.verifyValidity(BasicChecker.java:190) ~[?:?]
	at sun.security.provider.certpath.BasicChecker.check(BasicChecker.java:144) ~[?:?]
	at sun.security.provider.certpath.PKIXMasterCertPathValidator.validate(PKIXMasterCertPathValidator.java:125) ~[?:?]
	at sun.security.provider.certpath.PKIXCertPathValidator.validate(PKIXCertPathValidator.java:224) ~[?:?]
	at sun.security.provider.certpath.PKIXCertPathValidator.validate(PKIXCertPathValidator.java:144) ~[?:?]
	at sun.security.provider.certpath.PKIXCertPathValidator.engineValidate(PKIXCertPathValidator.java:83) ~[?:?]
	at java.security.cert.CertPathValidator.validate(CertPathValidator.java:309) ~[?:?]
	at sun.security.validator.PKIXValidator.doValidate(PKIXValidator.java:364) ~[?:?]
	at sun.security.validator.PKIXValidator.engineValidate(PKIXValidator.java:275) ~[?:?]
	at sun.security.validator.Validator.validate(Validator.java:264) ~[?:?]
	at sun.security.ssl.X509TrustManagerImpl.checkTrusted(X509TrustManagerImpl.java:285) ~[?:?]
	at sun.security.ssl.X509TrustManagerImpl.checkServerTrusted(X509TrustManagerImpl.java:144) ~[?:?]
	at sun.security.ssl.CertificateMessage$T12CertificateConsumer.checkServerCerts(CertificateMessage.java:632) ~[?:?]
	at sun.security.ssl.CertificateMessage$T12CertificateConsumer.onCertificate(CertificateMessage.java:473) ~[?:?]
	at sun.security.ssl.CertificateMessage$T12CertificateConsumer.consume(CertificateMessage.java:369) ~[?:?]
	at sun.security.ssl.SSLHandshake.consume(SSLHandshake.java:396) ~[?:?]
	at sun.security.ssl.HandshakeContext.dispatch(HandshakeContext.java:481) ~[?:?]
	at sun.security.ssl.SSLEngineImpl$DelegatedTask$DelegatedAction.run(SSLEngineImpl.java:1277) ~[?:?]
	at sun.security.ssl.SSLEngineImpl$DelegatedTask$DelegatedAction.run(SSLEngineImpl.java:1264) ~[?:?]
	at java.security.AccessController.doPrivileged(AccessController.java:712) ~[?:?]
	at sun.security.ssl.SSLEngineImpl$DelegatedTask.run(SSLEngineImpl.java:1209) ~[?:?]
	at java.util.ArrayList.forEach(ArrayList.java:1511) ~[?:?]
	at jdk.internal.net.http.common.SSLFlowDelegate.lambda$executeTasks$3(SSLFlowDelegate.java:1133) ~[java.net.http:?]
	at jdk.internal.net.http.HttpClientImpl$DelegatingExecutor.execute(HttpClientImpl.java:174) ~[java.net.http:?]
	at jdk.internal.net.http.common.SSLFlowDelegate.executeTasks(SSLFlowDelegate.java:1128) ~[java.net.http:?]
	at jdk.internal.net.http.common.SSLFlowDelegate.doHandshake(SSLFlowDelegate.java:1094) ~[java.net.http:?]
	at jdk.internal.net.http.common.SSLFlowDelegate$Reader.processData(SSLFlowDelegate.java:498) ~[java.net.http:?]
	at jdk.internal.net.http.common.SSLFlowDelegate$Reader$ReaderDownstreamPusher.run(SSLFlowDelegate.java:282) ~[java.net.http:?]
	at jdk.internal.net.http.common.SequentialScheduler$LockingRestartableTask.run(SequentialScheduler.java:205) ~[java.net.http:?]
	at jdk.internal.net.http.common.SequentialScheduler$CompleteRestartableTask.run(SequentialScheduler.java:149) ~[java.net.http:?]
	at jdk.internal.net.http.common.SequentialScheduler$TryEndDeferredCompleter.complete(SequentialScheduler.java:347) ~[java.net.http:?]
	at jdk.internal.net.http.common.SequentialScheduler$CompleteRestartableTask.run(SequentialScheduler.java:151) ~[java.net.http:?]
	at jdk.internal.net.http.common.SequentialScheduler$SchedulableTask.run(SequentialScheduler.java:230) ~[java.net.http:?]
	at java.util.concurrent.ThreadPoolExecutor.runWorker(ThreadPoolExecutor.java:1136) ~[?:?]
	at java.util.concurrent.ThreadPoolExecutor$Worker.run(ThreadPoolExecutor.java:635) ~[?:?]
	at java.lang.Thread.run(Thread.java:840) ~[?:?]
[05Dec2025 00:59:06.467] [Forge Version Check/INFO] [net.minecraftforge.fml.VersionChecker/]: [jeiintegration] Starting version check at https://cdn.snowshock35.com/mods/jei-integration/update.json
[05Dec2025 00:59:06.494] [main/DEBUG] [mixin/]: Mixing MixinRecipeManager from polymorph.mixins.json into net.minecraft.world.item.crafting.RecipeManager
[05Dec2025 00:59:06.495] [main/DEBUG] [mixin/]: Renaming synthetic method lambda$polymorph$getRecipe$1(Lorg/spongepowered/asm/mixin/injection/callback/CallbackInfoReturnable;Lnet/minecraft/world/item/crafting/Recipe;)V to mdc04f64$lambda$polymorph$getRecipe$1$0 in polymorph.mixins.json:MixinRecipeManager
[05Dec2025 00:59:06.495] [main/DEBUG] [mixin/]: Renaming synthetic method lambda$polymorph$getRecipe$0(Lorg/spongepowered/asm/mixin/injection/callback/CallbackInfoReturnable;Lnet/minecraft/resources/ResourceLocation;Lnet/minecraft/world/item/crafting/Recipe;)V to mdc04f64$lambda$polymorph$getRecipe$0$1 in polymorph.mixins.json:MixinRecipeManager
[05Dec2025 00:59:06.495] [main/DEBUG] [mixin/]: Mixing accessors.world.AccessorRecipeManager from bookshelf.common.mixins.json into net.minecraft.world.item.crafting.RecipeManager
[05Dec2025 00:59:06.495] [main/DEBUG] [mixin/]: Mixing perf.datapack_reload_exceptions.RecipeManagerMixin from modernfix-forge.mixins.json into net.minecraft.world.item.crafting.RecipeManager
[05Dec2025 00:59:06.503] [main/DEBUG] [mixin/]: Mixing feature.measure_time.AddReloadListenerEventWrapperMixin from modernfix-forge.mixins.json into net.minecraftforge.event.AddReloadListenerEvent$WrappedStateAwareListener
[05Dec2025 00:59:06.508] [main/DEBUG] [se.mickelus.tetra.data.DataManager/]: Setting up datastore reload listeners
[05Dec2025 00:59:06.509] [main/DEBUG] [mixin/]: Mixing feature.measure_time.SimpleReloadInstanceMixin from modernfix-common.mixins.json into net.minecraft.server.packs.resources.SimpleReloadInstance
[05Dec2025 00:59:06.515] [main/DEBUG] [Smooth Boot (Reloaded)/]: Initialized Worker-Main-1
[05Dec2025 00:59:06.515] [Worker-Main-1/DEBUG] [Smooth Boot (Reloaded)/]: Initialized Worker-Main-2
[05Dec2025 00:59:06.516] [Worker-Main-2/DEBUG] [Smooth Boot (Reloaded)/]: Initialized Worker-Main-3
[05Dec2025 00:59:06.517] [Worker-Main-3/DEBUG] [Smooth Boot (Reloaded)/]: Initialized Worker-Main-4
[05Dec2025 00:59:06.517] [Worker-Main-4/DEBUG] [Smooth Boot (Reloaded)/]: Initialized Worker-Main-5
[05Dec2025 00:59:06.518] [Worker-Main-5/DEBUG] [Smooth Boot (Reloaded)/]: Initialized Worker-Main-6
[05Dec2025 00:59:06.518] [Worker-Main-6/DEBUG] [Smooth Boot (Reloaded)/]: Initialized Worker-Main-7
[05Dec2025 00:59:06.519] [Worker-Main-7/DEBUG] [Smooth Boot (Reloaded)/]: Initialized Worker-Main-8
[05Dec2025 00:59:06.528] [Worker-Main-8/DEBUG] [Smooth Boot (Reloaded)/]: Initialized Worker-Main-9
[05Dec2025 00:59:06.533] [Worker-Main-9/DEBUG] [Smooth Boot (Reloaded)/]: Initialized Worker-Main-10
[05Dec2025 00:59:06.524] [Worker-Main-2/DEBUG] [mixin/]: Mixing perf.tag_id_caching.TagEntryMixin from modernfix-forge.mixins.json into net.minecraft.tags.TagEntry
[05Dec2025 00:59:06.537] [Worker-Main-10/DEBUG] [Smooth Boot (Reloaded)/]: Initialized Worker-Main-11
[05Dec2025 00:59:06.540] [Worker-Main-11/DEBUG] [Smooth Boot (Reloaded)/]: Initialized Worker-Main-12
[05Dec2025 00:59:06.543] [Worker-Main-12/DEBUG] [Smooth Boot (Reloaded)/]: Initialized Worker-Main-13
[05Dec2025 00:59:06.548] [Worker-Main-13/DEBUG] [Smooth Boot (Reloaded)/]: Initialized Worker-Main-14
[05Dec2025 00:59:06.552] [Worker-Main-14/DEBUG] [Smooth Boot (Reloaded)/]: Initialized Worker-Main-15
[05Dec2025 00:59:06.561] [Worker-Main-15/DEBUG] [Smooth Boot (Reloaded)/]: Initialized Worker-Main-16
[05Dec2025 00:59:06.563] [Worker-Main-12/DEBUG] [se.mickelus.mutil.data.DataStore/]: Reading data for tiers data store...
[05Dec2025 00:59:06.565] [Worker-Main-15/DEBUG] [se.mickelus.mutil.data.DataStore/]: Reading data for improvements data store...
[05Dec2025 00:59:06.564] [Worker-Main-11/DEBUG] [se.mickelus.mutil.data.MergingDataStore/]: Reading data for materials data store...
[05Dec2025 00:59:06.564] [Worker-Main-5/DEBUG] [se.mickelus.mutil.data.DataStore/]: Reading data for tweaks data store...
[05Dec2025 00:59:06.565] [Worker-Main-16/DEBUG] [Smooth Boot (Reloaded)/]: Initialized Worker-Main-17
[05Dec2025 00:59:06.568] [Worker-Main-13/DEBUG] [se.mickelus.mutil.data.DataStore/]: Reading data for synergies data store...
[05Dec2025 00:59:06.569] [Worker-Main-16/DEBUG] [se.mickelus.mutil.data.MergingDataStore/]: Reading data for modules data store...
[05Dec2025 00:59:06.569] [Worker-Main-17/DEBUG] [Smooth Boot (Reloaded)/]: Initialized Worker-Main-18
[05Dec2025 00:59:06.567] [Worker-Main-6/DEBUG] [se.mickelus.mutil.data.DataStore/]: Reading data for enchantments data store...
[05Dec2025 00:59:06.571] [Worker-Main-6/DEBUG] [se.mickelus.mutil.data.MergingDataStore/]: Reading data for schematics data store...
[05Dec2025 00:59:06.572] [Worker-Main-17/DEBUG] [se.mickelus.mutil.data.DataStore/]: Reading data for replacements data store...
[05Dec2025 00:59:06.572] [Worker-Main-18/DEBUG] [Smooth Boot (Reloaded)/]: Initialized Worker-Main-19
[05Dec2025 00:59:06.573] [Worker-Main-18/DEBUG] [se.mickelus.mutil.data.MergingDataStore/]: Reading data for crafting_effects data store...
[05Dec2025 00:59:06.573] [Worker-Main-19/DEBUG] [Smooth Boot (Reloaded)/]: Initialized Worker-Main-20
[05Dec2025 00:59:06.573] [Worker-Main-19/DEBUG] [se.mickelus.mutil.data.DataStore/]: Reading data for repairs data store...
[05Dec2025 00:59:06.573] [Worker-Main-20/DEBUG] [Smooth Boot (Reloaded)/]: Initialized Worker-Main-21
[05Dec2025 00:59:06.574] [Worker-Main-21/DEBUG] [Smooth Boot (Reloaded)/]: Initialized Worker-Main-22
[05Dec2025 00:59:06.574] [Worker-Main-20/DEBUG] [se.mickelus.mutil.data.DataStore/]: Reading data for actions data store...
[05Dec2025 00:59:06.577] [Worker-Main-5/DEBUG] [se.mickelus.mutil.data.DataStore/]: Reading data for item_effects data store...
[05Dec2025 00:59:06.574] [Worker-Main-7/DEBUG] [se.mickelus.mutil.data.DataStore/]: Reading data for archetypes data store...
[05Dec2025 00:59:06.581] [Worker-Main-7/DEBUG] [se.mickelus.mutil.data.DataStore/]: Reading data for modifier_effects data store...
[05Dec2025 00:59:06.582] [Worker-Main-21/DEBUG] [se.mickelus.mutil.data.DataStore/]: Reading data for unlocks data store...
[05Dec2025 00:59:06.631] [Forge Version Check/DEBUG] [net.minecraftforge.fml.VersionChecker/]: [jeiintegration] Received version check data:
{
  "homepage": "https://www.curseforge.com/minecraft/mc-mods/jei-integration/",
  "1.10.2": {
    "1.0.0": "https://www.curseforge.com/minecraft/mc-mods/jei-integration/files/2454700",
    "1.1.0": "https://www.curseforge.com/minecraft/mc-mods/jei-integration/files/2455411",
    "1.2.0": "https://www.curseforge.com/minecraft/mc-mods/jei-integration/files/2455429"
  },
  "1.11.2": {
    "1.0.0": "https://www.curseforge.com/minecraft/mc-mods/jei-integration/files/2454635",
    "1.1.0": "https://www.curseforge.com/minecraft/mc-mods/jei-integration/files/2454679",
    "1.2.0": "https://www.curseforge.com/minecraft/mc-mods/jei-integration/files/2455436"
  },
  "1.12": {
    "1.1.0": "https://www.curseforge.com/minecraft/mc-mods/jei-integration/files/2454209",
    "1.1.1": "https://www.curseforge.com/minecraft/mc-mods/jei-integration/files/2454685",
    "1.2.0": "https://www.curseforge.com/minecraft/mc-mods/jei-integration/files/2455444",
    "1.3.0": "https://www.curseforge.com/minecraft/mc-mods/jei-integration/files/2457723"
  },
  "1.12.1": {
    "1.4.0": "https://www.curseforge.com/minecraft/mc-mods/jei-integration/files/2460251",
    "1.4.1": "https://www.curseforge.com/minecraft/mc-mods/jei-integration/files/2460952",
    "1.4.2": "https://www.curseforge.com/minecraft/mc-mods/jei-integration/files/2463596"
  },
  "1.12.2": {
    "1.5.0": "https://www.curseforge.com/minecraft/mc-mods/jei-integration/files/2490763",
    "1.5.1": "https://www.curseforge.com/minecraft/mc-mods/jei-integration/files/2491927"
  },
  "promos": {
    "1.12.2-latest": "1.6.0",
    "1.12.2-recommended": "1.6.0"
  }
}
[05Dec2025 00:59:06.631] [Forge Version Check/INFO] [net.minecraftforge.fml.VersionChecker/]: [jeiintegration] Found status: BETA Current: 10.0.0 Target: null
[05Dec2025 00:59:06.632] [Forge Version Check/INFO] [net.minecraftforge.fml.VersionChecker/]: [iceberg] Starting version check at https://mc-update-check.anthonyhilyard.com/520110
[05Dec2025 00:59:06.689] [Forge Version Check/WARN] [net.minecraftforge.fml.VersionChecker/]: Failed to process update information
javax.net.ssl.SSLHandshakeException: PKIX path validation failed: java.security.cert.CertPathValidatorException: validity check failed
	at jdk.internal.net.http.HttpClientImpl.send(HttpClientImpl.java:905) ~[java.net.http:?]
	at jdk.internal.net.http.HttpClientFacade.send(HttpClientFacade.java:133) ~[java.net.http:?]
	at net.minecraftforge.fml.VersionChecker$1.openUrlString(VersionChecker.java:142) ~[fmlcore-1.20.1-47.4.3.jar%23240!/:?]
	at net.minecraftforge.fml.VersionChecker$1.process(VersionChecker.java:180) ~[fmlcore-1.20.1-47.4.3.jar%23240!/:?]
	at java.lang.Iterable.forEach(Iterable.java:75) ~[?:?]
	at net.minecraftforge.fml.VersionChecker$1.run(VersionChecker.java:117) ~[fmlcore-1.20.1-47.4.3.jar%23240!/:?]
Caused by: javax.net.ssl.SSLHandshakeException: PKIX path validation failed: java.security.cert.CertPathValidatorException: validity check failed
	at sun.security.ssl.Alert.createSSLException(Alert.java:131) ~[?:?]
	at sun.security.ssl.TransportContext.fatal(TransportContext.java:383) ~[?:?]
	at sun.security.ssl.TransportContext.fatal(TransportContext.java:326) ~[?:?]
	at sun.security.ssl.TransportContext.fatal(TransportContext.java:321) ~[?:?]
	at sun.security.ssl.CertificateMessage$T12CertificateConsumer.checkServerCerts(CertificateMessage.java:654) ~[?:?]
	at sun.security.ssl.CertificateMessage$T12CertificateConsumer.onCertificate(CertificateMessage.java:473) ~[?:?]
	at sun.security.ssl.CertificateMessage$T12CertificateConsumer.consume(CertificateMessage.java:369) ~[?:?]
	at sun.security.ssl.SSLHandshake.consume(SSLHandshake.java:396) ~[?:?]
	at sun.security.ssl.HandshakeContext.dispatch(HandshakeContext.java:481) ~[?:?]
	at sun.security.ssl.SSLEngineImpl$DelegatedTask$DelegatedAction.run(SSLEngineImpl.java:1277) ~[?:?]
	at sun.security.ssl.SSLEngineImpl$DelegatedTask$DelegatedAction.run(SSLEngineImpl.java:1264) ~[?:?]
	at java.security.AccessController.doPrivileged(AccessController.java:712) ~[?:?]
	at sun.security.ssl.SSLEngineImpl$DelegatedTask.run(SSLEngineImpl.java:1209) ~[?:?]
	at java.util.ArrayList.forEach(ArrayList.java:1511) ~[?:?]
	at jdk.internal.net.http.common.SSLFlowDelegate.lambda$executeTasks$3(SSLFlowDelegate.java:1133) ~[java.net.http:?]
	at jdk.internal.net.http.HttpClientImpl$DelegatingExecutor.execute(HttpClientImpl.java:174) ~[java.net.http:?]
	at jdk.internal.net.http.common.SSLFlowDelegate.executeTasks(SSLFlowDelegate.java:1128) ~[java.net.http:?]
	at jdk.internal.net.http.common.SSLFlowDelegate.doHandshake(SSLFlowDelegate.java:1094) ~[java.net.http:?]
	at jdk.internal.net.http.common.SSLFlowDelegate$Reader.processData(SSLFlowDelegate.java:498) ~[java.net.http:?]
	at jdk.internal.net.http.common.SSLFlowDelegate$Reader$ReaderDownstreamPusher.run(SSLFlowDelegate.java:282) ~[java.net.http:?]
	at jdk.internal.net.http.common.SequentialScheduler$LockingRestartableTask.run(SequentialScheduler.java:205) ~[java.net.http:?]
	at jdk.internal.net.http.common.SequentialScheduler$CompleteRestartableTask.run(SequentialScheduler.java:149) ~[java.net.http:?]
	at jdk.internal.net.http.common.SequentialScheduler$TryEndDeferredCompleter.complete(SequentialScheduler.java:347) ~[java.net.http:?]
	at jdk.internal.net.http.common.SequentialScheduler$CompleteRestartableTask.run(SequentialScheduler.java:151) ~[java.net.http:?]
	at jdk.internal.net.http.common.SequentialScheduler$SchedulableTask.run(SequentialScheduler.java:230) ~[java.net.http:?]
	at java.util.concurrent.ThreadPoolExecutor.runWorker(ThreadPoolExecutor.java:1136) ~[?:?]
	at java.util.concurrent.ThreadPoolExecutor$Worker.run(ThreadPoolExecutor.java:635) ~[?:?]
	at java.lang.Thread.run(Thread.java:840) ~[?:?]
Caused by: sun.security.validator.ValidatorException: PKIX path validation failed: java.security.cert.CertPathValidatorException: validity check failed
	at sun.security.validator.PKIXValidator.doValidate(PKIXValidator.java:369) ~[?:?]
	at sun.security.validator.PKIXValidator.engineValidate(PKIXValidator.java:275) ~[?:?]
	at sun.security.validator.Validator.validate(Validator.java:264) ~[?:?]
	at sun.security.ssl.X509TrustManagerImpl.checkTrusted(X509TrustManagerImpl.java:285) ~[?:?]
	at sun.security.ssl.X509TrustManagerImpl.checkServerTrusted(X509TrustManagerImpl.java:144) ~[?:?]
	at sun.security.ssl.CertificateMessage$T12CertificateConsumer.checkServerCerts(CertificateMessage.java:632) ~[?:?]
	at sun.security.ssl.CertificateMessage$T12CertificateConsumer.onCertificate(CertificateMessage.java:473) ~[?:?]
	at sun.security.ssl.CertificateMessage$T12CertificateConsumer.consume(CertificateMessage.java:369) ~[?:?]
	at sun.security.ssl.SSLHandshake.consume(SSLHandshake.java:396) ~[?:?]
	at sun.security.ssl.HandshakeContext.dispatch(HandshakeContext.java:481) ~[?:?]
	at sun.security.ssl.SSLEngineImpl$DelegatedTask$DelegatedAction.run(SSLEngineImpl.java:1277) ~[?:?]
	at sun.security.ssl.SSLEngineImpl$DelegatedTask$DelegatedAction.run(SSLEngineImpl.java:1264) ~[?:?]
	at java.security.AccessController.doPrivileged(AccessController.java:712) ~[?:?]
	at sun.security.ssl.SSLEngineImpl$DelegatedTask.run(SSLEngineImpl.java:1209) ~[?:?]
	at java.util.ArrayList.forEach(ArrayList.java:1511) ~[?:?]
	at jdk.internal.net.http.common.SSLFlowDelegate.lambda$executeTasks$3(SSLFlowDelegate.java:1133) ~[java.net.http:?]
	at jdk.internal.net.http.HttpClientImpl$DelegatingExecutor.execute(HttpClientImpl.java:174) ~[java.net.http:?]
	at jdk.internal.net.http.common.SSLFlowDelegate.executeTasks(SSLFlowDelegate.java:1128) ~[java.net.http:?]
	at jdk.internal.net.http.common.SSLFlowDelegate.doHandshake(SSLFlowDelegate.java:1094) ~[java.net.http:?]
	at jdk.internal.net.http.common.SSLFlowDelegate$Reader.processData(SSLFlowDelegate.java:498) ~[java.net.http:?]
	at jdk.internal.net.http.common.SSLFlowDelegate$Reader$ReaderDownstreamPusher.run(SSLFlowDelegate.java:282) ~[java.net.http:?]
	at jdk.internal.net.http.common.SequentialScheduler$LockingRestartableTask.run(SequentialScheduler.java:205) ~[java.net.http:?]
	at jdk.internal.net.http.common.SequentialScheduler$CompleteRestartableTask.run(SequentialScheduler.java:149) ~[java.net.http:?]
	at jdk.internal.net.http.common.SequentialScheduler$TryEndDeferredCompleter.complete(SequentialScheduler.java:347) ~[java.net.http:?]
	at jdk.internal.net.http.common.SequentialScheduler$CompleteRestartableTask.run(SequentialScheduler.java:151) ~[java.net.http:?]
	at jdk.internal.net.http.common.SequentialScheduler$SchedulableTask.run(SequentialScheduler.java:230) ~[java.net.http:?]
	at java.util.concurrent.ThreadPoolExecutor.runWorker(ThreadPoolExecutor.java:1136) ~[?:?]
	at java.util.concurrent.ThreadPoolExecutor$Worker.run(ThreadPoolExecutor.java:635) ~[?:?]
	at java.lang.Thread.run(Thread.java:840) ~[?:?]
Caused by: java.security.cert.CertPathValidatorException: validity check failed
	at sun.security.provider.certpath.PKIXMasterCertPathValidator.validate(PKIXMasterCertPathValidator.java:135) ~[?:?]
	at sun.security.provider.certpath.PKIXCertPathValidator.validate(PKIXCertPathValidator.java:224) ~[?:?]
	at sun.security.provider.certpath.PKIXCertPathValidator.validate(PKIXCertPathValidator.java:144) ~[?:?]
	at sun.security.provider.certpath.PKIXCertPathValidator.engineValidate(PKIXCertPathValidator.java:83) ~[?:?]
	at java.security.cert.CertPathValidator.validate(CertPathValidator.java:309) ~[?:?]
	at sun.security.validator.PKIXValidator.doValidate(PKIXValidator.java:364) ~[?:?]
	at sun.security.validator.PKIXValidator.engineValidate(PKIXValidator.java:275) ~[?:?]
	at sun.security.validator.Validator.validate(Validator.java:264) ~[?:?]
	at sun.security.ssl.X509TrustManagerImpl.checkTrusted(X509TrustManagerImpl.java:285) ~[?:?]
	at sun.security.ssl.X509TrustManagerImpl.checkServerTrusted(X509TrustManagerImpl.java:144) ~[?:?]
	at sun.security.ssl.CertificateMessage$T12CertificateConsumer.checkServerCerts(CertificateMessage.java:632) ~[?:?]
	at sun.security.ssl.CertificateMessage$T12CertificateConsumer.onCertificate(CertificateMessage.java:473) ~[?:?]
	at sun.security.ssl.CertificateMessage$T12CertificateConsumer.consume(CertificateMessage.java:369) ~[?:?]
	at sun.security.ssl.SSLHandshake.consume(SSLHandshake.java:396) ~[?:?]
	at sun.security.ssl.HandshakeContext.dispatch(HandshakeContext.java:481) ~[?:?]
	at sun.security.ssl.SSLEngineImpl$DelegatedTask$DelegatedAction.run(SSLEngineImpl.java:1277) ~[?:?]
	at sun.security.ssl.SSLEngineImpl$DelegatedTask$DelegatedAction.run(SSLEngineImpl.java:1264) ~[?:?]
	at java.security.AccessController.doPrivileged(AccessController.java:712) ~[?:?]
	at sun.security.ssl.SSLEngineImpl$DelegatedTask.run(SSLEngineImpl.java:1209) ~[?:?]
	at java.util.ArrayList.forEach(ArrayList.java:1511) ~[?:?]
	at jdk.internal.net.http.common.SSLFlowDelegate.lambda$executeTasks$3(SSLFlowDelegate.java:1133) ~[java.net.http:?]
	at jdk.internal.net.http.HttpClientImpl$DelegatingExecutor.execute(HttpClientImpl.java:174) ~[java.net.http:?]
	at jdk.internal.net.http.common.SSLFlowDelegate.executeTasks(SSLFlowDelegate.java:1128) ~[java.net.http:?]
	at jdk.internal.net.http.common.SSLFlowDelegate.doHandshake(SSLFlowDelegate.java:1094) ~[java.net.http:?]
	at jdk.internal.net.http.common.SSLFlowDelegate$Reader.processData(SSLFlowDelegate.java:498) ~[java.net.http:?]
	at jdk.internal.net.http.common.SSLFlowDelegate$Reader$ReaderDownstreamPusher.run(SSLFlowDelegate.java:282) ~[java.net.http:?]
	at jdk.internal.net.http.common.SequentialScheduler$LockingRestartableTask.run(SequentialScheduler.java:205) ~[java.net.http:?]
	at jdk.internal.net.http.common.SequentialScheduler$CompleteRestartableTask.run(SequentialScheduler.java:149) ~[java.net.http:?]
	at jdk.internal.net.http.common.SequentialScheduler$TryEndDeferredCompleter.complete(SequentialScheduler.java:347) ~[java.net.http:?]
	at jdk.internal.net.http.common.SequentialScheduler$CompleteRestartableTask.run(SequentialScheduler.java:151) ~[java.net.http:?]
	at jdk.internal.net.http.common.SequentialScheduler$SchedulableTask.run(SequentialScheduler.java:230) ~[java.net.http:?]
	at java.util.concurrent.ThreadPoolExecutor.runWorker(ThreadPoolExecutor.java:1136) ~[?:?]
	at java.util.concurrent.ThreadPoolExecutor$Worker.run(ThreadPoolExecutor.java:635) ~[?:?]
	at java.lang.Thread.run(Thread.java:840) ~[?:?]
Caused by: java.security.cert.CertificateExpiredException: NotAfter: Sat Sep 06 14:33:56 UTC 2025
	at sun.security.x509.CertificateValidity.valid(CertificateValidity.java:274) ~[?:?]
	at sun.security.x509.X509CertImpl.checkValidity(X509CertImpl.java:621) ~[?:?]
	at sun.security.provider.certpath.BasicChecker.verifyValidity(BasicChecker.java:190) ~[?:?]
	at sun.security.provider.certpath.BasicChecker.check(BasicChecker.java:144) ~[?:?]
	at sun.security.provider.certpath.PKIXMasterCertPathValidator.validate(PKIXMasterCertPathValidator.java:125) ~[?:?]
	at sun.security.provider.certpath.PKIXCertPathValidator.validate(PKIXCertPathValidator.java:224) ~[?:?]
	at sun.security.provider.certpath.PKIXCertPathValidator.validate(PKIXCertPathValidator.java:144) ~[?:?]
	at sun.security.provider.certpath.PKIXCertPathValidator.engineValidate(PKIXCertPathValidator.java:83) ~[?:?]
	at java.security.cert.CertPathValidator.validate(CertPathValidator.java:309) ~[?:?]
	at sun.security.validator.PKIXValidator.doValidate(PKIXValidator.java:364) ~[?:?]
	at sun.security.validator.PKIXValidator.engineValidate(PKIXValidator.java:275) ~[?:?]
	at sun.security.validator.Validator.validate(Validator.java:264) ~[?:?]
	at sun.security.ssl.X509TrustManagerImpl.checkTrusted(X509TrustManagerImpl.java:285) ~[?:?]
	at sun.security.ssl.X509TrustManagerImpl.checkServerTrusted(X509TrustManagerImpl.java:144) ~[?:?]
	at sun.security.ssl.CertificateMessage$T12CertificateConsumer.checkServerCerts(CertificateMessage.java:632) ~[?:?]
	at sun.security.ssl.CertificateMessage$T12CertificateConsumer.onCertificate(CertificateMessage.java:473) ~[?:?]
	at sun.security.ssl.CertificateMessage$T12CertificateConsumer.consume(CertificateMessage.java:369) ~[?:?]
	at sun.security.ssl.SSLHandshake.consume(SSLHandshake.java:396) ~[?:?]
	at sun.security.ssl.HandshakeContext.dispatch(HandshakeContext.java:481) ~[?:?]
	at sun.security.ssl.SSLEngineImpl$DelegatedTask$DelegatedAction.run(SSLEngineImpl.java:1277) ~[?:?]
	at sun.security.ssl.SSLEngineImpl$DelegatedTask$DelegatedAction.run(SSLEngineImpl.java:1264) ~[?:?]
	at java.security.AccessController.doPrivileged(AccessController.java:712) ~[?:?]
	at sun.security.ssl.SSLEngineImpl$DelegatedTask.run(SSLEngineImpl.java:1209) ~[?:?]
	at java.util.ArrayList.forEach(ArrayList.java:1511) ~[?:?]
	at jdk.internal.net.http.common.SSLFlowDelegate.lambda$executeTasks$3(SSLFlowDelegate.java:1133) ~[java.net.http:?]
	at jdk.internal.net.http.HttpClientImpl$DelegatingExecutor.execute(HttpClientImpl.java:174) ~[java.net.http:?]
	at jdk.internal.net.http.common.SSLFlowDelegate.executeTasks(SSLFlowDelegate.java:1128) ~[java.net.http:?]
	at jdk.internal.net.http.common.SSLFlowDelegate.doHandshake(SSLFlowDelegate.java:1094) ~[java.net.http:?]
	at jdk.internal.net.http.common.SSLFlowDelegate$Reader.processData(SSLFlowDelegate.java:498) ~[java.net.http:?]
	at jdk.internal.net.http.common.SSLFlowDelegate$Reader$ReaderDownstreamPusher.run(SSLFlowDelegate.java:282) ~[java.net.http:?]
	at jdk.internal.net.http.common.SequentialScheduler$LockingRestartableTask.run(SequentialScheduler.java:205) ~[java.net.http:?]
	at jdk.internal.net.http.common.SequentialScheduler$CompleteRestartableTask.run(SequentialScheduler.java:149) ~[java.net.http:?]
	at jdk.internal.net.http.common.SequentialScheduler$TryEndDeferredCompleter.complete(SequentialScheduler.java:347) ~[java.net.http:?]
	at jdk.internal.net.http.common.SequentialScheduler$CompleteRestartableTask.run(SequentialScheduler.java:151) ~[java.net.http:?]
	at jdk.internal.net.http.common.SequentialScheduler$SchedulableTask.run(SequentialScheduler.java:230) ~[java.net.http:?]
	at java.util.concurrent.ThreadPoolExecutor.runWorker(ThreadPoolExecutor.java:1136) ~[?:?]
	at java.util.concurrent.ThreadPoolExecutor$Worker.run(ThreadPoolExecutor.java:635) ~[?:?]
	at java.lang.Thread.run(Thread.java:840) ~[?:?]
[05Dec2025 00:59:06.697] [Forge Version Check/INFO] [net.minecraftforge.fml.VersionChecker/]: [gravestone] Starting version check at https://update.maxhenkel.de/forge/gravestone
[05Dec2025 00:59:06.800] [Forge Version Check/DEBUG] [net.minecraftforge.fml.VersionChecker/]: [gravestone] Received version check data:
{"1.9.4":{"1.3.6":"Bugfixes"},"1.8.8":{"1.1.7":"Bugfixes"},"1.20":{"1.20-1.0.3":"Updated to 1.20"},"1.8.9":{"1.1.7":"Bugfixes"},"1.18":{"1.18-1.0.3":"Fixed loader version requirement"},"1.19":{"1.19-1.0.3":"Fixed crash when opening the obituary"},"promos":{"1.14.4-recommended":"1.15.3","1.14.3-recommended":"1.14.3","1.20-recommended":"1.20-1.0.3","1.19.3-recommended":"1.19.3-1.0.3","1.19.1-recommended":"1.19.1-1.0.0","1.8.8-latest":"1.1.7","1.8.9-latest":"1.1.7","1.19.4-recommended":"1.19.4-1.0.3","1.19.2-recommended":"1.19.2-1.0.10","1.10.2-latest":"1.5.13","1.14.2-recommended":"1.13.3","1.14.3-latest":"1.14.3","1.20-latest":"1.20-1.0.3","1.11-latest":"1.6.6","1.10.2-recommended":"1.5.13","1.20.1-latest":"1.20.1-1.0.35","1.16.4-latest":"1.16.4-1.0.9","1.11.2-recommended":"1.7.4.1","1.19.3-latest":"1.19.3-1.0.3","1.8-latest":"1.0.5","1.16.2-latest":"1.16.2-1.0.6","1.7.10-latest":"0.7.10.3","1.15.2-recommended":"1.17.6","1.8-recommended":"1.0.5","1.19.1-latest":"1.19.1-1.0.0","1.15.1-recommended":"1.16.2","1.9-recommended":"1.2.10","1.11.2-latest":"1.7.4.1","1.18.1-latest":"1.18.1-1.0.2","1.15.1-latest":"1.16.2","1.18.2-latest":"1.18.2-1.0.2","1.11-recommended":"1.6.6","1.10-recommended":"1.4.9","1.12.2-latest":"1.10.2","1.12.1-latest":"1.9.0","1.12.2-recommended":"1.10.2","1.7.10-recommended":"0.7.10.3","1.19-latest":"1.19-1.0.3","1.17.1-recommended":"1.17.1-1.0.4","1.16.1-recommended":"1.16.1-1.0.6","1.16.2-recommended":"1.16.2-1.0.6","1.18-latest":"1.18-1.0.3","1.16.5-recommended":"1.16.5-1.0.6","1.16.4-recommended":"1.16.4-1.0.9","1.12.1-recommended":"1.9.0","1.20.1-recommended":"1.20.1-1.0.10","1.16.3-recommended":"1.16.3-1.0.2","1.15.2-latest":"1.17.6","1.20.2-recommended":"1.20.2-1.0.10","1.12-recommended":"1.8.4","1.10-latest":"1.4.9","1.14.4-latest":"1.15.3","1.13.2-recommended":"1.12.7","1.9.4-recommended":"1.3.6","1.12-latest":"1.8.4","1.18.2-recommended":"1.18.2-1.0.2","1.17.1-latest":"1.17.1-1.0.4","1.13.2-latest":"1.12.7","1.18.1-recommended":"1.18.1-1.0.2","1.16.3-latest":"1.16.3-2.0.4","1.20.2-latest":"1.20.2-1.0.10","1.19.2-latest":"1.19.2-1.0.23","1.19.4-latest":"1.19.4-1.0.3","1.16.5-latest":"1.16.5-1.0.7","1.19-recommended":"1.19-1.0.3","1.16.1-latest":"1.16.1-1.0.6","1.9-latest":"1.2.10","1.18-recommended":"1.18-1.0.3","1.14.2-latest":"1.13.3","1.8.8-recommended":"1.1.7","1.8.9-recommended":"1.1.7","1.9.4-latest":"1.3.6"},"1.20.2":{"1.20.2-1.0.10":"Improved mod icon\nUpdated corelib"},"1.20.1":{"1.20.1-1.0.10":"Improved mod icon\nUpdated corelib","1.20.1-1.0.35":"Fixed restoreinventory command permissions"},"1.12":{"1.8.4":"Added recipe for recipe book"},"1.10":{"1.4.9":"Bugfixes"},"1.11":{"1.6.6":"Bugfixes"},"1.7.10":{"0.7.10.3":"Bugfixes"},"1.16.4":{"1.16.4-1.0.9":"Update chinese translation"},"1.18.2":{"1.18.2-1.0.2":"Fixed ukrainian locale code"},"1.19.1":{"1.19.1-1.0.0":"Updated to 1.19.1"},"1.16.5":{"1.16.5-1.0.7":"Fixed freeze with epic fight mod","1.16.5-1.0.6":"Fixed grave names"},"1.19.2":{"1.19.2-1.0.10":"Improved mod icon\nUpdated corelib","1.19.2-1.0.23":"Updated Traditional Chinese translation"},"1.19.3":{"1.19.3-1.0.3":"Fixed creative tabs because Forge broke everything again"},"1.19.4":{"1.19.4-1.0.3":"Updated to 1.19.4"},"1.14.2":{"1.13.3":"Improved en_us language and added pl_pl language"},"1.15.1":{"1.16.2":"Fixed crash with forge 30.0.17+"},"1.14.3":{"1.14.3":"Improved en_us language and added pl_pl language"},"1.16.1":{"1.16.1-1.0.6":"Fixed gravestone items can be picked up with a hopper"},"1.15.2":{"1.17.6":"Updated polish translation"},"1.14.4":{"1.15.3":"Fixed config reset issue"},"1.16.2":{"1.16.2-1.0.6":"Fixed nether dimension name\nUpdated russian translation\nFixed remove death note option"},"1.17.1":{"1.17.1-1.0.4":"Fixed crash with epic fight mod"},"1.8":{"1.0.5":"Bugfixes"},"1.16.3":{"1.16.3-1.0.2":"Updated mods.toml","1.16.3-2.0.4":"Fixed grave disappearing when having sneaking on toggle"},"1.18.1":{"1.18.1-1.0.2":"Added Brazilian Portuguese language"},"1.9":{"1.2.10":"Bugfixes"},"1.10.2":{"1.5.13":"Bugfixes"},"1.11.2":{"1.7.4.1":"Improved version checking"},"1.12.1":{"1.9.0":"Updated to 1.12.1"},"1.12.2":{"1.10.2":"Updated Forge version"},"1.13.2":{"1.12.7":"Improved en_us language and added pl_pl language"},"homepage":"https://www.curseforge.com/minecraft/mc-mods/gravestone-mod"}
[05Dec2025 00:59:06.800] [Forge Version Check/INFO] [net.minecraftforge.fml.VersionChecker/]: [gravestone] Found status: AHEAD Current: 1.20.1-1.0.35 Target: null
[05Dec2025 00:59:06.801] [Forge Version Check/INFO] [net.minecraftforge.fml.VersionChecker/]: [searchables] Starting version check at https://updates.blamejared.com/get?n=searchables&gv=1.20.1
[05Dec2025 00:59:06.826] [Worker-Main-2/DEBUG] [net.minecraftforge.coremod.transformer.CoreModBaseTransformer/COREMOD]: Transforming net/minecraft/world/entity/raid/Raid
[05Dec2025 00:59:06.886] [Worker-Main-2/DEBUG] [mixin/]: Mixing patches.loot.MixinLootItemKilledByPlayerCondition from bookshelf.common.mixins.json into net.minecraft.world.level.storage.loot.predicates.LootItemKilledByPlayerCondition
[05Dec2025 00:59:06.900] [Forge Version Check/DEBUG] [net.minecraftforge.fml.VersionChecker/]: [searchables] Received version check data:
{"homepage":"https://www.curseforge.com/minecraft/mc-mods/searchables","promos":{"1.20.1-latest":"1.0.3"}}
[05Dec2025 00:59:06.902] [Forge Version Check/INFO] [net.minecraftforge.fml.VersionChecker/]: [searchables] Found status: BETA Current: 1.0.3 Target: 1.0.3
[05Dec2025 00:59:07.126] [Worker-Main-2/ERROR] [net.minecraftforge.common.ForgeHooks/]: Couldn't parse element loot_tables:parcool:grant_parcool_guide
com.google.gson.JsonSyntaxException: Expected name to be an item, was unknown string 'patchouli:guide_book'
	at net.minecraft.util.GsonHelper.m_13866_(GsonHelper.java:145) ~[server-1.20.1-20230612.114412-srg.jar%23239!/:?]
	at java.util.Optional.orElseThrow(Optional.java:403) ~[?:?]
	at net.minecraft.util.GsonHelper.m_13874_(GsonHelper.java:145) ~[server-1.20.1-20230612.114412-srg.jar%23239!/:?]
	at net.minecraft.util.GsonHelper.m_13909_(GsonHelper.java:153) ~[server-1.20.1-20230612.114412-srg.jar%23239!/:?]
	at net.minecraft.world.level.storage.loot.entries.LootItem$Serializer.m_7267_(LootItem.java:55) ~[server-1.20.1-20230612.114412-srg.jar%23239!/:?]
	at net.minecraft.world.level.storage.loot.entries.LootItem$Serializer.m_7267_(LootItem.java:40) ~[server-1.20.1-20230612.114412-srg.jar%23239!/:?]
	at net.minecraft.world.level.storage.loot.entries.LootPoolSingletonContainer$Serializer.m_5921_(LootPoolSingletonContainer.java:151) ~[server-1.20.1-20230612.114412-srg.jar%23239!/:?]
	at net.minecraft.world.level.storage.loot.entries.LootPoolSingletonContainer$Serializer.m_5921_(LootPoolSingletonContainer.java:129) ~[server-1.20.1-20230612.114412-srg.jar%23239!/:?]
	at net.minecraft.world.level.storage.loot.entries.LootPoolEntryContainer$Serializer.m_7561_(LootPoolEntryContainer.java:86) ~[server-1.20.1-20230612.114412-srg.jar%23239!/:?]
	at net.minecraft.world.level.storage.loot.entries.LootPoolEntryContainer$Serializer.m_7561_(LootPoolEntryContainer.java:74) ~[server-1.20.1-20230612.114412-srg.jar%23239!/:?]
	at net.minecraft.world.level.storage.loot.GsonAdapterFactory$JsonAdapter.deserialize(GsonAdapterFactory.java:102) ~[server-1.20.1-20230612.114412-srg.jar%23239!/:?]
	at com.google.gson.internal.bind.TreeTypeAdapter.read(TreeTypeAdapter.java:76) ~[gson-2.10.jar%2372!/:?]
	at com.google.gson.internal.bind.TypeAdapterRuntimeTypeWrapper.read(TypeAdapterRuntimeTypeWrapper.java:40) ~[gson-2.10.jar%2372!/:?]
	at com.google.gson.internal.bind.ArrayTypeAdapter.read(ArrayTypeAdapter.java:72) ~[gson-2.10.jar%2372!/:?]
	at com.google.gson.Gson.fromJson(Gson.java:1214) ~[gson-2.10.jar%2372!/:?]
	at com.google.gson.Gson.fromJson(Gson.java:1319) ~[gson-2.10.jar%2372!/:?]
	at com.google.gson.Gson.fromJson(Gson.java:1290) ~[gson-2.10.jar%2372!/:?]
	at com.google.gson.internal.bind.TreeTypeAdapter$GsonContextImpl.deserialize(TreeTypeAdapter.java:179) ~[gson-2.10.jar%2372!/:?]
	at net.minecraft.util.GsonHelper.m_13808_(GsonHelper.java:463) ~[server-1.20.1-20230612.114412-srg.jar%23239!/:?]
	at net.minecraft.util.GsonHelper.m_13836_(GsonHelper.java:471) ~[server-1.20.1-20230612.114412-srg.jar%23239!/:?]
	at net.minecraft.world.level.storage.loot.LootPool$Serializer.deserialize(LootPool.java:192) ~[server-1.20.1-20230612.114412-srg.jar%23239!/:?]
	at net.minecraft.world.level.storage.loot.LootPool$Serializer.deserialize(LootPool.java:189) ~[server-1.20.1-20230612.114412-srg.jar%23239!/:?]
	at com.google.gson.internal.bind.TreeTypeAdapter.read(TreeTypeAdapter.java:76) ~[gson-2.10.jar%2372!/:?]
	at com.google.gson.internal.bind.TypeAdapterRuntimeTypeWrapper.read(TypeAdapterRuntimeTypeWrapper.java:40) ~[gson-2.10.jar%2372!/:?]
	at com.google.gson.internal.bind.ArrayTypeAdapter.read(ArrayTypeAdapter.java:72) ~[gson-2.10.jar%2372!/:?]
	at com.google.gson.Gson.fromJson(Gson.java:1214) ~[gson-2.10.jar%2372!/:?]
	at com.google.gson.Gson.fromJson(Gson.java:1319) ~[gson-2.10.jar%2372!/:?]
	at com.google.gson.Gson.fromJson(Gson.java:1290) ~[gson-2.10.jar%2372!/:?]
	at com.google.gson.internal.bind.TreeTypeAdapter$GsonContextImpl.deserialize(TreeTypeAdapter.java:179) ~[gson-2.10.jar%2372!/:?]
	at net.minecraft.util.GsonHelper.m_13808_(GsonHelper.java:463) ~[server-1.20.1-20230612.114412-srg.jar%23239!/:?]
	at net.minecraft.util.GsonHelper.m_13845_(GsonHelper.java:481) ~[server-1.20.1-20230612.114412-srg.jar%23239!/:?]
	at net.minecraft.world.level.storage.loot.LootTable$Serializer.deserialize(LootTable.java:294) ~[server-1.20.1-20230612.114412-srg.jar%23239!/:?]
	at net.minecraft.world.level.storage.loot.LootTable$Serializer.deserialize(LootTable.java:291) ~[server-1.20.1-20230612.114412-srg.jar%23239!/:?]
	at com.google.gson.internal.bind.TreeTypeAdapter.read(TreeTypeAdapter.java:76) ~[gson-2.10.jar%2372!/:?]
	at com.google.gson.Gson.fromJson(Gson.java:1214) ~[gson-2.10.jar%2372!/:?]
	at com.google.gson.Gson.fromJson(Gson.java:1319) ~[gson-2.10.jar%2372!/:?]
	at com.google.gson.Gson.fromJson(Gson.java:1261) ~[gson-2.10.jar%2372!/:?]
	at net.minecraftforge.common.ForgeHooks.loadLootTable(ForgeHooks.java:871) ~[forge-1.20.1-47.4.3-universal.jar%23244!/:?]
	at net.minecraftforge.common.ForgeHooks.lambda$getLootTableDeserializer$3(ForgeHooks.java:848) ~[forge-1.20.1-47.4.3-universal.jar%23244!/:?]
	at net.minecraft.world.level.storage.loot.LootDataType.deserialize(LootDataType.java:45) ~[server-1.20.1-20230612.114412-srg.jar%23239!/:?]
	at net.minecraft.world.level.storage.loot.LootDataManager.lambda$scheduleElementParse$4(LootDataManager.java:56) ~[server-1.20.1-20230612.114412-srg.jar%23239!/:?]
	at java.util.HashMap.forEach(HashMap.java:1421) ~[?:?]
	at net.minecraft.world.level.storage.loot.LootDataManager.m_278660_(LootDataManager.java:55) ~[server-1.20.1-20230612.114412-srg.jar%23239!/:?]
	at java.util.concurrent.CompletableFuture$AsyncRun.run(CompletableFuture.java:1804) ~[?:?]
	at java.util.concurrent.CompletableFuture$AsyncRun.exec(CompletableFuture.java:1796) ~[?:?]
	at java.util.concurrent.ForkJoinTask.doExec(ForkJoinTask.java:373) ~[?:?]
	at java.util.concurrent.ForkJoinPool$WorkQueue.topLevelExec(ForkJoinPool.java:1182) ~[?:?]
	at java.util.concurrent.ForkJoinPool.scan(ForkJoinPool.java:1655) ~[?:?]
	at java.util.concurrent.ForkJoinPool.runWorker(ForkJoinPool.java:1622) ~[?:?]
	at java.util.concurrent.ForkJoinWorkerThread.run(ForkJoinWorkerThread.java:165) ~[?:?]
[05Dec2025 00:59:07.217] [main/DEBUG] [mixin/]: Mixing AccessorSmithingTransformRecipe from polymorph.mixins.json into net.minecraft.world.item.crafting.SmithingTransformRecipe
[05Dec2025 00:59:07.222] [main/DEBUG] [mixin/]: Mixing AccessorSmithingTrimRecipe from polymorph.mixins.json into net.minecraft.world.item.crafting.SmithingTrimRecipe
[05Dec2025 00:59:07.237] [main/DEBUG] [se.mickelus.tetra.items.modular.IModularItem/]: Gathering properties for  (78b6924d-3506-43be-a1e7-9ae990c38570)
[05Dec2025 00:59:07.270] [main/DEBUG] [se.mickelus.tetra.items.modular.IModularItem/]: Gathering properties for  (9503de92-046c-4d61-8afe-8c0d71c6afae)
[05Dec2025 00:59:07.272] [main/DEBUG] [se.mickelus.tetra.items.modular.IModularItem/]: Gathering properties for  (926fb0d2-0e40-48e9-a933-06c552c8b0ed)
[05Dec2025 00:59:07.279] [main/DEBUG] [se.mickelus.tetra.items.modular.IModularItem/]: Gathering properties for  (d21c5dc4-f5de-4829-b155-09408b49cfc3)
[05Dec2025 00:59:07.281] [main/DEBUG] [se.mickelus.tetra.items.modular.IModularItem/]: Gathering properties for  (c2783bc8-6f22-4f62-b464-80cb96403556)
[05Dec2025 00:59:07.282] [main/DEBUG] [se.mickelus.tetra.items.modular.IModularItem/]: Gathering properties for  (03f82617-6e49-4351-ba56-a3a0f2166412)
[05Dec2025 00:59:07.288] [main/DEBUG] [se.mickelus.tetra.items.modular.IModularItem/]: Gathering properties for  (aaed8d9d-8b15-48fe-a03e-de1ebe112080)
[05Dec2025 00:59:07.301] [main/DEBUG] [se.mickelus.tetra.items.modular.IModularItem/]: Gathering properties for  (fbed6076-3f87-4795-b49b-f47f313b7e4e)
[05Dec2025 00:59:07.314] [main/DEBUG] [se.mickelus.tetra.items.modular.IModularItem/]: Gathering properties for  (5fc9fae8-6c21-4cb0-a465-f039ee94c800)
[05Dec2025 00:59:07.316] [main/DEBUG] [se.mickelus.tetra.items.modular.IModularItem/]: Gathering properties for  (166d477c-c7fe-4dc8-acee-aa5e431147d9)
[05Dec2025 00:59:07.324] [main/ERROR] [net.minecraft.world.item.crafting.RecipeManager/]: Parsing error loading recipe parcool:parcool_guide: com.google.gson.JsonSyntaxException: Unknown item 'patchouli:guide_book'
[05Dec2025 00:59:07.328] [main/DEBUG] [se.mickelus.tetra.items.modular.IModularItem/]: Gathering properties for  (a6fba635-4540-4c6e-8719-b097e9a49cf4)
[05Dec2025 00:59:07.336] [main/DEBUG] [se.mickelus.tetra.items.modular.IModularItem/]: Gathering properties for  (40f0dd62-4904-4846-9585-dcce1b5f32ab)
[05Dec2025 00:59:07.338] [main/INFO] [net.minecraft.world.item.crafting.RecipeManager/]: Loaded 10 recipes
[05Dec2025 00:59:07.364] [main/DEBUG] [se.mickelus.tetra.items.modular.IModularItem/]: Gathering properties for  (INVALID-modular_bow)
[05Dec2025 00:59:07.365] [main/DEBUG] [se.mickelus.tetra.items.modular.IModularItem/]: Gathering properties for  (spelunking/suspend_bow)
[05Dec2025 00:59:07.368] [main/DEBUG] [se.mickelus.tetra.items.modular.IModularItem/]: Gathering properties for  (INVALID-modular_sword)
[05Dec2025 00:59:07.368] [main/DEBUG] [se.mickelus.tetra.items.modular.IModularItem/]: Gathering properties for  (spelunking/schematic_shatter)
[05Dec2025 00:59:07.371] [main/DEBUG] [se.mickelus.tetra.items.modular.IModularItem/]: Gathering properties for  (INVALID-modular_double)
[05Dec2025 00:59:07.371] [main/DEBUG] [se.mickelus.tetra.items.modular.IModularItem/]: Gathering properties for  (upgrades/tool_upgrade)
[05Dec2025 00:59:07.373] [main/DEBUG] [se.mickelus.tetra.items.modular.IModularItem/]: Gathering properties for  (spelunking/schematic_empower)
[05Dec2025 00:59:07.377] [main/DEBUG] [se.mickelus.tetra.items.modular.IModularItem/]: Gathering properties for  (spelunking/stonecutter)
[05Dec2025 00:59:07.400] [main/DEBUG] [se.mickelus.tetra.items.modular.IModularItem/]: Gathering properties for  (upgrades/root)
[05Dec2025 00:59:07.410] [main/DEBUG] [se.mickelus.tetra.items.modular.IModularItem/]: Gathering properties for  (INVALID-modular_crossbow)
[05Dec2025 00:59:07.411] [main/DEBUG] [se.mickelus.tetra.items.modular.IModularItem/]: Gathering properties for  (advancement-extractor-crossbow)
[05Dec2025 00:59:07.417] [main/DEBUG] [se.mickelus.tetra.items.modular.IModularItem/]: Gathering properties for  (upgrades/sword_hone)
[05Dec2025 00:59:07.418] [main/DEBUG] [se.mickelus.tetra.items.modular.IModularItem/]: Gathering properties for  (upgrades/double_headed)
[05Dec2025 00:59:07.418] [main/DEBUG] [se.mickelus.tetra.items.modular.IModularItem/]: Gathering properties for  (spelunking/hammer_remove)
[05Dec2025 00:59:07.422] [main/DEBUG] [se.mickelus.tetra.items.modular.IModularItem/]: Gathering properties for  (story/more_upgrades)
[05Dec2025 00:59:07.429] [main/DEBUG] [se.mickelus.tetra.items.modular.IModularItem/]: Gathering properties for  (upgrades/sword_improvement_hone)
[05Dec2025 00:59:07.430] [main/DEBUG] [se.mickelus.tetra.items.modular.IModularItem/]: Gathering properties for  (upgrades/sword_upgrade)
[05Dec2025 00:59:07.431] [main/DEBUG] [se.mickelus.tetra.items.modular.IModularItem/]: Gathering properties for  (INVALID-modular_shield)
[05Dec2025 00:59:07.431] [main/DEBUG] [se.mickelus.tetra.items.modular.IModularItem/]: Gathering properties for  (upgrades/shield_upgrade)
[05Dec2025 00:59:07.432] [main/DEBUG] [se.mickelus.tetra.items.modular.IModularItem/]: Gathering properties for  (upgrades/bow_upgrade)
[05Dec2025 00:59:07.434] [main/DEBUG] [se.mickelus.tetra.items.modular.IModularItem/]: Gathering properties for  (upgrades/destabilized_item)
[05Dec2025 00:59:07.436] [main/DEBUG] [se.mickelus.tetra.items.modular.IModularItem/]: Gathering properties for  (upgrades/sword_integrity)
[05Dec2025 00:59:07.437] [main/DEBUG] [se.mickelus.tetra.items.modular.IModularItem/]: Gathering properties for  (spelunking/use_bolt)
[05Dec2025 00:59:07.442] [main/DEBUG] [se.mickelus.tetra.items.modular.IModularItem/]: Gathering properties for  (upgrades/sword_hone_peak)
[05Dec2025 00:59:07.443] [main/DEBUG] [se.mickelus.tetra.items.modular.IModularItem/]: Gathering properties for  (spelunking/hammer_unjam)
[05Dec2025 00:59:07.444] [main/DEBUG] [se.mickelus.tetra.items.modular.IModularItem/]: Gathering properties for  (spelunking/chthonic_module)
[05Dec2025 00:59:07.446] [main/DEBUG] [se.mickelus.tetra.items.modular.IModularItem/]: Gathering properties for  (INVALID-modular_single)
[05Dec2025 00:59:07.446] [main/DEBUG] [se.mickelus.tetra.items.modular.IModularItem/]: Gathering properties for  (spelunking/earthpiercer)
[05Dec2025 00:59:07.454] [main/DEBUG] [se.mickelus.tetra.items.modular.IModularItem/]: Gathering properties for  (upgrades/hammer_3)
[05Dec2025 00:59:07.457] [main/DEBUG] [se.mickelus.tetra.items.modular.IModularItem/]: Gathering properties for  (upgrades/hammer_4)
[05Dec2025 00:59:07.458] [main/DEBUG] [se.mickelus.tetra.items.modular.IModularItem/]: Gathering properties for  (upgrades/hammer_5)
[05Dec2025 00:59:07.458] [main/DEBUG] [se.mickelus.tetra.items.modular.IModularItem/]: Gathering properties for  (upgrades/hammer_6)
[05Dec2025 00:59:07.458] [main/DEBUG] [se.mickelus.tetra.items.modular.IModularItem/]: Gathering properties for  (upgrades/repairs)
[05Dec2025 00:59:07.459] [main/DEBUG] [se.mickelus.tetra.items.modular.IModularItem/]: Gathering properties for  (upgrades/hammer_2)
[05Dec2025 00:59:07.484] [main/INFO] [net.minecraft.advancements.AdvancementList/]: Loaded 1765 advancements
[05Dec2025 00:59:07.488] [main/INFO] [placebo/]: Registered 0 additional recipes.
[05Dec2025 00:59:07.498] [main/INFO] [top.theillusivec4.curios.Curios/]: Loaded 10 curio slots
[05Dec2025 00:59:07.501] [main/INFO] [top.theillusivec4.curios.Curios/]: Loaded 1 curio entities
[05Dec2025 00:59:07.513] [main/INFO] [placebo/]: Registered 4 gear_sets.
[05Dec2025 00:59:07.539] [main/INFO] [Gateways to Eternity/]: Registered 7 gateways.
[05Dec2025 00:59:07.540] [main/INFO] [se.mickelus.mutil.data.DataStore/]: Loaded   1 tiers
[05Dec2025 00:59:07.541] [main/INFO] [se.mickelus.mutil.data.DataStore/]: Loaded   8 tweaks
[05Dec2025 00:59:07.546] [main/DEBUG] [io.netty.util.internal.InternalThreadLocalMap/]: -Dio.netty.threadLocalMap.stringBuilder.initialSize: 1024
[05Dec2025 00:59:07.547] [main/DEBUG] [io.netty.util.internal.InternalThreadLocalMap/]: -Dio.netty.threadLocalMap.stringBuilder.maxSize: 4096
[05Dec2025 00:59:07.547] [main/DEBUG] [io.netty.util.internal.ThreadLocalRandom/]: -Dio.netty.initialSeedUniquifier: 0xc463158a6da8945c
[05Dec2025 00:59:07.549] [main/INFO] [se.mickelus.mutil.data.MergingDataStore/]: Loaded  66 materials
[05Dec2025 00:59:07.557] [main/INFO] [se.mickelus.mutil.data.DataStore/]: Loaded 146 improvements
[05Dec2025 00:59:07.630] [main/INFO] [se.mickelus.mutil.data.MergingDataStore/]: Loaded  78 modules
[05Dec2025 00:59:07.759] [main/DEBUG] [se.mickelus.tetra.items.modular.ModularItem/]: Clearing item data caches for modular_sword...
[05Dec2025 00:59:07.760] [main/DEBUG] [se.mickelus.tetra.items.modular.ModularItem/]: Clearing item data caches for modular_double...
[05Dec2025 00:59:07.760] [main/DEBUG] [se.mickelus.tetra.items.modular.ModularItem/]: Clearing item data caches for modular_bow...
[05Dec2025 00:59:07.761] [main/DEBUG] [se.mickelus.tetra.items.modular.ModularItem/]: Clearing item data caches for modular_crossbow...
[05Dec2025 00:59:07.761] [main/DEBUG] [se.mickelus.tetra.items.modular.ModularItem/]: Clearing item data caches for modular_single...
[05Dec2025 00:59:07.761] [main/DEBUG] [se.mickelus.tetra.items.modular.ModularItem/]: Clearing item data caches for modular_shield...
[05Dec2025 00:59:07.761] [main/DEBUG] [se.mickelus.tetra.items.modular.ModularItem/]: Clearing item data caches for modular_toolbelt...
[05Dec2025 00:59:07.761] [main/DEBUG] [se.mickelus.tetra.items.modular.ModularItem/]: Clearing item data caches for holo...
[05Dec2025 00:59:07.761] [main/DEBUG] [se.mickelus.tetra.items.modular.ModularItem/]: Clearing item data caches for dynamic_handheld...
[05Dec2025 00:59:07.761] [main/INFO] [se.mickelus.mutil.data.DataStore/]: Loaded   0 enchantments
[05Dec2025 00:59:07.762] [main/INFO] [se.mickelus.mutil.data.DataStore/]: Loaded  22 synergies
[05Dec2025 00:59:07.764] [main/INFO] [se.mickelus.mutil.data.DataStore/]: Loaded  10 replacements
[05Dec2025 00:59:07.765] [main/DEBUG] [se.mickelus.tetra.items.modular.IModularItem/]: Gathering properties for  (INVALID-modular_sword)
[05Dec2025 00:59:07.767] [main/DEBUG] [se.mickelus.tetra.items.modular.IModularItem/]: Gathering properties for  (INVALID-modular_single)
[05Dec2025 00:59:07.768] [main/DEBUG] [se.mickelus.tetra.items.modular.IModularItem/]: Gathering properties for  (INVALID-modular_double)
[05Dec2025 00:59:07.768] [main/DEBUG] [se.mickelus.tetra.items.modular.IModularItem/]: Gathering properties for  (INVALID-modular_bow)
[05Dec2025 00:59:07.772] [main/DEBUG] [se.mickelus.tetra.items.modular.IModularItem/]: Gathering properties for  (INVALID-modular_shield)
[05Dec2025 00:59:07.773] [main/DEBUG] [se.mickelus.tetra.items.modular.IModularItem/]: Gathering properties for  (INVALID-modular_crossbow)
[05Dec2025 00:59:07.774] [main/INFO] [se.mickelus.mutil.data.MergingDataStore/]: Loaded 342 schematics
[05Dec2025 00:59:07.832] [main/INFO] [se.mickelus.mutil.data.MergingDataStore/]: Loaded  42 crafting_effects
[05Dec2025 00:59:07.845] [main/INFO] [se.mickelus.mutil.data.DataStore/]: Loaded  35 repairs
[05Dec2025 00:59:07.847] [main/INFO] [se.mickelus.mutil.data.DataStore/]: Loaded   2 actions
[05Dec2025 00:59:07.849] [main/INFO] [se.mickelus.mutil.data.DataStore/]: Loaded   0 unlocks
[05Dec2025 00:59:07.849] [main/INFO] [se.mickelus.mutil.data.DataStore/]: Loaded   0 archetypes
[05Dec2025 00:59:07.849] [main/INFO] [se.mickelus.mutil.data.DataStore/]: Loaded   1 item_effects
[05Dec2025 00:59:07.857] [main/INFO] [se.mickelus.mutil.data.DataStore/]: Loaded  28 modifier_effects
[05Dec2025 00:59:07.899] [main/DEBUG] [se.mickelus.tetra.data.DataManager/]: Reloaded tags
[05Dec2025 00:59:07.901] [main/WARN] [ModernFix/]: Initial datapack load took 2.792 s
[05Dec2025 00:59:07.917] [main/DEBUG] [net.minecraftforge.common.ForgeHooks/WP]: Gathering id map for writing to world save world
[05Dec2025 00:59:07.933] [main/DEBUG] [net.minecraftforge.common.ForgeHooks/WP]: ID Map collection complete world
[05Dec2025 00:59:07.974] [main/DEBUG] [mixin/]: Mixing feature.mcfunction_profiling.ServerFunctionManagerMixin from modernfix-common.mixins.json into net.minecraft.server.ServerFunctionManager
[05Dec2025 00:59:07.975] [main/DEBUG] [mixin/]: Renaming synthetic method lambda$mfix$getProfilingResults$2(Ljava/util/Map$Entry;)Ljava/time/Duration; to mdc04f64$lambda$mfix$getProfilingResults$2$0 in modernfix-common.mixins.json:feature.mcfunction_profiling.ServerFunctionManagerMixin
[05Dec2025 00:59:07.975] [main/DEBUG] [mixin/]: Renaming synthetic method lambda$pruneUnusedWatches$1(Lcom/google/common/base/Stopwatch;)Z to mdc04f64$lambda$pruneUnusedWatches$1$1 in modernfix-common.mixins.json:feature.mcfunction_profiling.ServerFunctionManagerMixin
[05Dec2025 00:59:07.975] [main/DEBUG] [mixin/]: Renaming synthetic method lambda$startWatch$0(Lnet/minecraft/resources/ResourceLocation;)Lcom/google/common/base/Stopwatch; to mdc04f64$lambda$startWatch$0$2 in modernfix-common.mixins.json:feature.mcfunction_profiling.ServerFunctionManagerMixin
[05Dec2025 00:59:07.988] [Server thread/INFO] [net.minecraft.server.dedicated.DedicatedServer/]: Starting minecraft server version 1.20.1
[05Dec2025 00:59:07.988] [Server thread/INFO] [net.minecraft.server.dedicated.DedicatedServer/]: Loading properties
[05Dec2025 00:59:07.988] [Server thread/INFO] [net.minecraft.server.dedicated.DedicatedServer/]: Default game type: SURVIVAL
[05Dec2025 00:59:07.988] [Server thread/INFO] [net.minecraft.server.MinecraftServer/]: Generating keypair
[05Dec2025 00:59:08.083] [Server thread/INFO] [net.minecraft.server.dedicated.DedicatedServer/]: Starting Minecraft server on *:25565
[05Dec2025 00:59:08.089] [Server thread/DEBUG] [net.minecraftforge.network.DualStackUtils/]: Detected IPv6 address: "0:0:0:0:0:0:0:0"
[05Dec2025 00:59:08.097] [Server thread/DEBUG] [io.netty.util.internal.NativeLibraryLoader/]: -Dio.netty.native.workdir: /tmp (io.netty.tmpdir)
[05Dec2025 00:59:08.098] [Server thread/DEBUG] [io.netty.util.internal.NativeLibraryLoader/]: -Dio.netty.native.deleteLibAfterLoading: true
[05Dec2025 00:59:08.098] [Server thread/DEBUG] [io.netty.util.internal.NativeLibraryLoader/]: -Dio.netty.native.tryPatchShadedId: true
[05Dec2025 00:59:08.098] [Server thread/DEBUG] [io.netty.util.internal.NativeLibraryLoader/]: -Dio.netty.native.detectNativeLibraryDuplicates: true
[05Dec2025 00:59:08.106] [Server thread/DEBUG] [io.netty.util.internal.NativeLibraryLoader/]: Successfully loaded the library /tmp/libnetty_transport_native_epoll_x86_6410182836100374205810.so
[05Dec2025 00:59:08.109] [Server thread/DEBUG] [io.netty.util.NetUtil/]: -Djava.net.preferIPv4Stack: false
[05Dec2025 00:59:08.110] [Server thread/DEBUG] [io.netty.util.NetUtil/]: -Djava.net.preferIPv6Addresses: true
[05Dec2025 00:59:08.111] [Server thread/DEBUG] [io.netty.util.NetUtilInitializations/]: Loopback interface: lo (lo, 0:0:0:0:0:0:0:1%lo)
[05Dec2025 00:59:08.112] [Server thread/DEBUG] [io.netty.util.NetUtil/]: /proc/sys/net/core/somaxconn: 4096
[05Dec2025 00:59:08.114] [Server thread/INFO] [net.minecraft.server.network.ServerConnectionListener/]: Using epoll channel type
[05Dec2025 00:59:08.125] [Server thread/DEBUG] [io.netty.channel.MultithreadEventLoopGroup/]: -Dio.netty.eventLoopThreads: 8
[05Dec2025 00:59:08.139] [Server thread/DEBUG] [io.netty.util.internal.PlatformDependent/]: org.jctools-core.MpscChunkedArrayQueue: available
[05Dec2025 00:59:08.146] [Server thread/DEBUG] [io.netty.channel.DefaultChannelId/]: -Dio.netty.processId: 110510 (auto-detected)
[05Dec2025 00:59:08.147] [Server thread/DEBUG] [io.netty.channel.DefaultChannelId/]: -Dio.netty.machineId: 60:45:bd:ff:fe:bb:be:1e (auto-detected)
[05Dec2025 00:59:08.171] [Server thread/DEBUG] [io.netty.buffer.PooledByteBufAllocator/]: -Dio.netty.allocator.numHeapArenas: 8
[05Dec2025 00:59:08.171] [Server thread/DEBUG] [io.netty.buffer.PooledByteBufAllocator/]: -Dio.netty.allocator.numDirectArenas: 8
[05Dec2025 00:59:08.171] [Server thread/DEBUG] [io.netty.buffer.PooledByteBufAllocator/]: -Dio.netty.allocator.pageSize: 8192
[05Dec2025 00:59:08.171] [Server thread/DEBUG] [io.netty.buffer.PooledByteBufAllocator/]: -Dio.netty.allocator.maxOrder: 9
[05Dec2025 00:59:08.171] [Server thread/DEBUG] [io.netty.buffer.PooledByteBufAllocator/]: -Dio.netty.allocator.chunkSize: 4194304
[05Dec2025 00:59:08.171] [Server thread/DEBUG] [io.netty.buffer.PooledByteBufAllocator/]: -Dio.netty.allocator.smallCacheSize: 256
[05Dec2025 00:59:08.171] [Server thread/DEBUG] [io.netty.buffer.PooledByteBufAllocator/]: -Dio.netty.allocator.normalCacheSize: 64
[05Dec2025 00:59:08.171] [Server thread/DEBUG] [io.netty.buffer.PooledByteBufAllocator/]: -Dio.netty.allocator.maxCachedBufferCapacity: 32768
[05Dec2025 00:59:08.171] [Server thread/DEBUG] [io.netty.buffer.PooledByteBufAllocator/]: -Dio.netty.allocator.cacheTrimInterval: 8192
[05Dec2025 00:59:08.171] [Server thread/DEBUG] [io.netty.buffer.PooledByteBufAllocator/]: -Dio.netty.allocator.cacheTrimIntervalMillis: 0
[05Dec2025 00:59:08.171] [Server thread/DEBUG] [io.netty.buffer.PooledByteBufAllocator/]: -Dio.netty.allocator.useCacheForAllThreads: false
[05Dec2025 00:59:08.171] [Server thread/DEBUG] [io.netty.buffer.PooledByteBufAllocator/]: -Dio.netty.allocator.maxCachedByteBuffersPerChunk: 1023
[05Dec2025 00:59:08.178] [Server thread/DEBUG] [io.netty.buffer.ByteBufUtil/]: -Dio.netty.allocator.type: pooled
[05Dec2025 00:59:08.178] [Server thread/DEBUG] [io.netty.buffer.ByteBufUtil/]: -Dio.netty.threadLocalDirectBufferSize: 0
[05Dec2025 00:59:08.178] [Server thread/DEBUG] [io.netty.buffer.ByteBufUtil/]: -Dio.netty.maxThreadLocalCharBufferSize: 16384
[05Dec2025 00:59:08.187] [Server thread/WARN] [net.minecraft.server.dedicated.DedicatedServer/]: **** SERVER IS RUNNING IN OFFLINE/INSECURE MODE!
[05Dec2025 00:59:08.188] [Server thread/WARN] [net.minecraft.server.dedicated.DedicatedServer/]: The server will make no attempt to authenticate usernames. Beware.
[05Dec2025 00:59:08.188] [Server thread/WARN] [net.minecraft.server.dedicated.DedicatedServer/]: While this makes the game possible to play without internet access, it also opens up the ability for hackers to connect with any username they choose.
[05Dec2025 00:59:08.188] [Server thread/WARN] [net.minecraft.server.dedicated.DedicatedServer/]: To change this, set "online-mode" to "true" in the server.properties file.
[05Dec2025 00:59:08.200] [Server thread/DEBUG] [net.minecraftforge.fml.config.ConfigTracker/CONFIG]: Loading configs type SERVER
[05Dec2025 00:59:08.200] [Server thread/DEBUG] [net.minecraftforge.fml.config.ConfigFileTypeHandler/CONFIG]: Built TOML config for ./world/serverconfig/inventorysorter-server.toml
[05Dec2025 00:59:08.202] [Server thread/DEBUG] [net.minecraftforge.fml.config.ConfigFileTypeHandler/CONFIG]: Loaded TOML config file ./world/serverconfig/inventorysorter-server.toml
[05Dec2025 00:59:08.202] [Server thread/DEBUG] [net.minecraftforge.fml.config.ConfigFileTypeHandler/CONFIG]: Watching TOML config file ./world/serverconfig/inventorysorter-server.toml for changes
[05Dec2025 00:59:08.203] [Server thread/DEBUG] [net.minecraftforge.fml.config.ConfigFileTypeHandler/CONFIG]: Built TOML config for ./world/serverconfig/jei-server.toml
[05Dec2025 00:59:08.203] [Server thread/DEBUG] [net.minecraftforge.fml.config.ConfigFileTypeHandler/CONFIG]: Loaded TOML config file ./world/serverconfig/jei-server.toml
[05Dec2025 00:59:08.203] [Server thread/DEBUG] [net.minecraftforge.fml.config.ConfigFileTypeHandler/CONFIG]: Watching TOML config file ./world/serverconfig/jei-server.toml for changes
[05Dec2025 00:59:08.204] [Server thread/DEBUG] [net.minecraftforge.fml.config.ConfigFileTypeHandler/CONFIG]: Built TOML config for ./world/serverconfig/incontrol-server.toml
[05Dec2025 00:59:08.204] [Server thread/DEBUG] [net.minecraftforge.fml.config.ConfigFileTypeHandler/CONFIG]: Loaded TOML config file ./world/serverconfig/incontrol-server.toml
[05Dec2025 00:59:08.204] [Server thread/DEBUG] [net.minecraftforge.fml.config.ConfigFileTypeHandler/CONFIG]: Watching TOML config file ./world/serverconfig/incontrol-server.toml for changes
[05Dec2025 00:59:08.204] [Server thread/DEBUG] [net.minecraftforge.fml.config.ConfigFileTypeHandler/CONFIG]: Built TOML config for ./world/serverconfig/reap-server.toml
[05Dec2025 00:59:08.205] [Server thread/DEBUG] [net.minecraftforge.fml.config.ConfigFileTypeHandler/CONFIG]: Loaded TOML config file ./world/serverconfig/reap-server.toml
[05Dec2025 00:59:08.205] [Server thread/DEBUG] [net.minecraftforge.fml.config.ConfigFileTypeHandler/CONFIG]: Watching TOML config file ./world/serverconfig/reap-server.toml for changes
[05Dec2025 00:59:08.207] [Server thread/DEBUG] [net.minecraftforge.fml.config.ConfigFileTypeHandler/CONFIG]: Built TOML config for ./world/serverconfig/travelersbackpack-server.toml
[05Dec2025 00:59:08.208] [Server thread/DEBUG] [net.minecraftforge.fml.config.ConfigFileTypeHandler/CONFIG]: Loaded TOML config file ./world/serverconfig/travelersbackpack-server.toml
[05Dec2025 00:59:08.208] [Server thread/DEBUG] [net.minecraftforge.fml.config.ConfigFileTypeHandler/CONFIG]: Watching TOML config file ./world/serverconfig/travelersbackpack-server.toml for changes
[05Dec2025 00:59:08.213] [Server thread/DEBUG] [net.minecraftforge.fml.config.ConfigFileTypeHandler/CONFIG]: Built TOML config for ./world/serverconfig/forge-server.toml
[05Dec2025 00:59:08.213] [Server thread/DEBUG] [net.minecraftforge.fml.config.ConfigFileTypeHandler/CONFIG]: Loaded TOML config file ./world/serverconfig/forge-server.toml
[05Dec2025 00:59:08.213] [Server thread/DEBUG] [net.minecraftforge.fml.config.ConfigFileTypeHandler/CONFIG]: Watching TOML config file ./world/serverconfig/forge-server.toml for changes
[05Dec2025 00:59:08.213] [Server thread/DEBUG] [net.minecraftforge.common.ForgeConfig/FORGEMOD]: Loaded forge config file forge-server.toml
[05Dec2025 00:59:08.214] [Server thread/DEBUG] [net.minecraftforge.fml.config.ConfigFileTypeHandler/CONFIG]: Built TOML config for ./world/serverconfig/curios-server.toml
[05Dec2025 00:59:08.214] [Server thread/DEBUG] [net.minecraftforge.fml.config.ConfigFileTypeHandler/CONFIG]: Loaded TOML config file ./world/serverconfig/curios-server.toml
[05Dec2025 00:59:08.214] [Server thread/DEBUG] [net.minecraftforge.fml.config.ConfigFileTypeHandler/CONFIG]: Watching TOML config file ./world/serverconfig/curios-server.toml for changes
[05Dec2025 00:59:08.214] [Server thread/DEBUG] [net.minecraftforge.fml.config.ConfigFileTypeHandler/CONFIG]: Built TOML config for ./world/serverconfig/gravestone-server.toml
[05Dec2025 00:59:08.215] [Server thread/DEBUG] [net.minecraftforge.fml.config.ConfigFileTypeHandler/CONFIG]: Loaded TOML config file ./world/serverconfig/gravestone-server.toml
[05Dec2025 00:59:08.215] [Server thread/DEBUG] [net.minecraftforge.fml.config.ConfigFileTypeHandler/CONFIG]: Watching TOML config file ./world/serverconfig/gravestone-server.toml for changes
[05Dec2025 00:59:08.216] [Server thread/DEBUG] [net.minecraftforge.fml.config.ConfigFileTypeHandler/CONFIG]: Built TOML config for ./world/serverconfig/sit-server.toml
[05Dec2025 00:59:08.216] [Server thread/DEBUG] [net.minecraftforge.fml.config.ConfigFileTypeHandler/CONFIG]: Loaded TOML config file ./world/serverconfig/sit-server.toml
[05Dec2025 00:59:08.216] [Server thread/DEBUG] [net.minecraftforge.fml.config.ConfigFileTypeHandler/CONFIG]: Watching TOML config file ./world/serverconfig/sit-server.toml for changes
[05Dec2025 00:59:08.217] [Server thread/DEBUG] [net.minecraftforge.fml.config.ConfigFileTypeHandler/CONFIG]: Built TOML config for ./world/serverconfig/lostcities-server.toml
[05Dec2025 00:59:08.217] [Server thread/DEBUG] [net.minecraftforge.fml.config.ConfigFileTypeHandler/CONFIG]: Loaded TOML config file ./world/serverconfig/lostcities-server.toml
[05Dec2025 00:59:08.217] [Server thread/DEBUG] [net.minecraftforge.fml.config.ConfigFileTypeHandler/CONFIG]: Watching TOML config file ./world/serverconfig/lostcities-server.toml for changes
[05Dec2025 00:59:08.217] [Server thread/DEBUG] [net.minecraftforge.fml.config.ConfigFileTypeHandler/CONFIG]: Built TOML config for ./world/serverconfig/parcool-server.toml
[05Dec2025 00:59:08.218] [Server thread/DEBUG] [net.minecraftforge.fml.config.ConfigFileTypeHandler/CONFIG]: Loaded TOML config file ./world/serverconfig/parcool-server.toml
[05Dec2025 00:59:08.218] [Server thread/DEBUG] [net.minecraftforge.fml.config.ConfigFileTypeHandler/CONFIG]: Watching TOML config file ./world/serverconfig/parcool-server.toml for changes
[05Dec2025 00:59:08.219] [Server thread/DEBUG] [net.minecraftforge.fml.config.ConfigFileTypeHandler/CONFIG]: Built TOML config for ./world/serverconfig/fastleafdecay-server.toml
[05Dec2025 00:59:08.219] [Server thread/DEBUG] [net.minecraftforge.fml.config.ConfigFileTypeHandler/CONFIG]: Loaded TOML config file ./world/serverconfig/fastleafdecay-server.toml
[05Dec2025 00:59:08.219] [Server thread/DEBUG] [net.minecraftforge.fml.config.ConfigFileTypeHandler/CONFIG]: Watching TOML config file ./world/serverconfig/fastleafdecay-server.toml for changes
[05Dec2025 00:59:08.219] [Server thread/DEBUG] [net.minecraftforge.fml.config.ConfigFileTypeHandler/CONFIG]: Built TOML config for ./world/serverconfig/xptome-server.toml
[05Dec2025 00:59:08.220] [Server thread/DEBUG] [net.minecraftforge.fml.config.ConfigFileTypeHandler/CONFIG]: Loaded TOML config file ./world/serverconfig/xptome-server.toml
[05Dec2025 00:59:08.220] [Server thread/DEBUG] [net.minecraftforge.fml.config.ConfigFileTypeHandler/CONFIG]: Watching TOML config file ./world/serverconfig/xptome-server.toml for changes
[05Dec2025 00:59:08.220] [Server thread/DEBUG] [net.minecraftforge.fml.config.ConfigFileTypeHandler/CONFIG]: Built TOML config for ./world/serverconfig/chiselsandbits-server.toml
[05Dec2025 00:59:08.220] [Server thread/DEBUG] [net.minecraftforge.fml.config.ConfigFileTypeHandler/CONFIG]: Loaded TOML config file ./world/serverconfig/chiselsandbits-server.toml
[05Dec2025 00:59:08.220] [Server thread/DEBUG] [net.minecraftforge.fml.config.ConfigFileTypeHandler/CONFIG]: Watching TOML config file ./world/serverconfig/chiselsandbits-server.toml for changes
[05Dec2025 00:59:08.282] [Server thread/DEBUG] [SpectreLib/]: Loaded com.illusivesoulworks.spectrelib.platform.ForgeConfigHelper@5b537f03 for service interface com.illusivesoulworks.spectrelib.platform.services.IConfigHelper
[05Dec2025 00:59:08.283] [Server thread/DEBUG] [SpectreLib/CONFIG]: Loading server configs from ./world/serverconfig on server
[05Dec2025 00:59:08.287] [Server thread/INFO] [Framework/]: Loading server configs...
[05Dec2025 00:59:08.301] [Server thread/INFO] [net.minecraft.server.dedicated.DedicatedServer/]: Preparing level "world"
[05Dec2025 00:59:08.302] [Server thread/DEBUG] [mixin/]: Mixing feature.branding.BrandingControlMixin from modernfix-forge.mixins.json into net.minecraftforge.internal.BrandingControl
[05Dec2025 00:59:08.310] [Server thread/DEBUG] [net.minecraftforge.coremod.transformer.CoreModBaseTransformer/COREMOD]: Transforming net/minecraft/world/level/levelgen/PhantomSpawner
[05Dec2025 00:59:08.315] [Server thread/DEBUG] [net.minecraftforge.coremod.transformer.CoreModBaseTransformer/COREMOD]: Transforming net/minecraft/world/level/levelgen/PatrolSpawner
[05Dec2025 00:59:08.318] [Server thread/DEBUG] [net.minecraftforge.coremod.transformer.CoreModBaseTransformer/COREMOD]: Transforming net/minecraft/world/entity/npc/CatSpawner
[05Dec2025 00:59:08.322] [Server thread/DEBUG] [net.minecraftforge.coremod.transformer.CoreModBaseTransformer/COREMOD]: Transforming net/minecraft/world/entity/ai/village/VillageSiege
[05Dec2025 00:59:08.329] [Server thread/DEBUG] [mixin/]: Mixing bugfix.chunk_deadlock.ServerChunkCache_CurrentLoadingMixin from modernfix-forge.mixins.json into net.minecraft.server.level.ServerChunkCache
[05Dec2025 00:59:08.337] [Server thread/DEBUG] [mixin/]: Mixing MapDataMixin from moonlight-common.mixins.json into net.minecraft.world.level.saveddata.maps.MapItemSavedData
[05Dec2025 00:59:08.337] [Server thread/DEBUG] [mixin/]: Renaming synthetic method lambda$save$3(Lnet/minecraft/nbt/CompoundTag;Lnet/minecraft/resources/ResourceLocation;Lnet/mehvahdjukaar/moonlight/api/map/CustomMapData;)V to mdc04f64$lambda$save$3$0 in moonlight-common.mixins.json:MapDataMixin
[05Dec2025 00:59:08.337] [Server thread/DEBUG] [mixin/]: Renaming synthetic method lambda$load$2(Lnet/minecraft/nbt/CompoundTag;Lnet/mehvahdjukaar/moonlight/api/map/CustomMapData;)V to mdc04f64$lambda$load$2$1 in moonlight-common.mixins.json:MapDataMixin
[05Dec2025 00:59:08.338] [Server thread/DEBUG] [mixin/]: Renaming synthetic method lambda$setCustomDataDirty$1(Lnet/mehvahdjukaar/moonlight/api/map/CustomMapData$Type;Ljava/util/function/Consumer;Lnet/minecraft/world/level/saveddata/maps/MapItemSavedData$HoldingPlayer;)V to mdc04f64$lambda$setCustomDataDirty$1$2 in moonlight-common.mixins.json:MapDataMixin
[05Dec2025 00:59:08.338] [Server thread/DEBUG] [mixin/]: Renaming synthetic method lambda$setCustomDecorationsDirty$0(Lnet/minecraft/world/level/saveddata/maps/MapItemSavedData$HoldingPlayer;)V to mdc04f64$lambda$setCustomDecorationsDirty$0$3 in moonlight-common.mixins.json:MapDataMixin
[05Dec2025 00:59:08.373] [Server thread/DEBUG] [Smooth Boot (Reloaded)/]: Replaced IO Executor
[05Dec2025 00:59:08.385] [Server thread/DEBUG] [mixin/]: Mixing perf.ticking_chunk_alloc.ChunkHolderMixin from modernfix-common.mixins.json into net.minecraft.server.level.ChunkHolder
[05Dec2025 00:59:08.391] [Server thread/DEBUG] [mixin/]: Mixing bugfix.paper_chunk_patches.ChunkMapMixin from modernfix-common.mixins.json into net.minecraft.server.level.ChunkMap
[05Dec2025 00:59:08.392] [Server thread/DEBUG] [mixin/]: Renaming synthetic method lambda$useLegacySchedulingLogic$1(Lnet/minecraft/world/level/chunk/ChunkStatus;Lnet/minecraft/world/level/ChunkPos;Lnet/minecraft/server/level/ChunkHolder;Lcom/mojang/datafixers/util/Either;)Ljava/util/concurrent/CompletionStage; to mdc04f64$lambda$useLegacySchedulingLogic$1$0 in modernfix-common.mixins.json:bugfix.paper_chunk_patches.ChunkMapMixin
[05Dec2025 00:59:08.392] [Server thread/DEBUG] [mixin/]: Renaming synthetic method lambda$useLegacySchedulingLogic$0(Lnet/minecraft/server/level/ChunkHolder;Lnet/minecraft/world/level/chunk/ChunkAccess;)Ljava/util/concurrent/CompletableFuture; to mdc04f64$lambda$useLegacySchedulingLogic$0$1 in modernfix-common.mixins.json:bugfix.paper_chunk_patches.ChunkMapMixin
[05Dec2025 00:59:08.393] [Server thread/DEBUG] [mixin/]: Mixing bugfix.chunk_deadlock.ChunkMapLoadMixin from modernfix-forge.mixins.json into net.minecraft.server.level.ChunkMap
[05Dec2025 00:59:08.502] [Server thread/DEBUG] [mixin/]: Mixing perf.cache_strongholds.ChunkGeneratorMixin from modernfix-common.mixins.json into net.minecraft.world.level.chunk.ChunkGeneratorStructureState
[05Dec2025 00:59:08.503] [Server thread/DEBUG] [mixin/]: Renaming synthetic method lambda$saveCachedData$0(Ljava/util/List;)Ljava/util/List; to mdc04f64$lambda$saveCachedData$0$0 in modernfix-common.mixins.json:perf.cache_strongholds.ChunkGeneratorMixin
[05Dec2025 00:59:08.558] [Server thread/DEBUG] [mixin/]: Mixing perf.faster_structure_location.StructureCheckMixin from modernfix-common.mixins.json into net.minecraft.world.level.levelgen.structure.StructureCheck
[05Dec2025 00:59:08.559] [Server thread/DEBUG] [net.minecraftforge.coremod.transformer.CoreModBaseTransformer/COREMOD]: Transforming net/minecraft/world/level/levelgen/structure/Structure
[05Dec2025 00:59:08.580] [Server thread/DEBUG] [ModernFix/]: Loaded stronghold cache for dimension minecraft:overworld with 128 positions
[05Dec2025 00:59:08.583] [Server thread/DEBUG] [ironfurnaces.IronFurnaces/]: Loading config file /workspaces/server-de-minecraft/servidor_minecraft/config/ironfurnaces-client.toml
[05Dec2025 00:59:08.583] [Server thread/DEBUG] [ironfurnaces.IronFurnaces/]: Built TOML config for /workspaces/server-de-minecraft/servidor_minecraft/config/ironfurnaces-client.toml
[05Dec2025 00:59:08.583] [Server thread/DEBUG] [ironfurnaces.IronFurnaces/]: Loaded TOML config file /workspaces/server-de-minecraft/servidor_minecraft/config/ironfurnaces-client.toml
[05Dec2025 00:59:08.584] [Server thread/DEBUG] [ironfurnaces.IronFurnaces/]: Loading config file /workspaces/server-de-minecraft/servidor_minecraft/config/ironfurnaces.toml
[05Dec2025 00:59:08.584] [Server thread/DEBUG] [ironfurnaces.IronFurnaces/]: Built TOML config for /workspaces/server-de-minecraft/servidor_minecraft/config/ironfurnaces.toml
[05Dec2025 00:59:08.584] [Server thread/DEBUG] [ironfurnaces.IronFurnaces/]: Loaded TOML config file /workspaces/server-de-minecraft/servidor_minecraft/config/ironfurnaces.toml
[05Dec2025 00:59:08.587] [Server thread/INFO] [incontrol/]: Reading rules from areas.json
[05Dec2025 00:59:08.594] [Server thread/INFO] [incontrol/]: Reading rules from spawn.json
[05Dec2025 00:59:08.596] [Server thread/INFO] [incontrol/]: Reading rules from summonaid.json
[05Dec2025 00:59:08.598] [Server thread/INFO] [incontrol/]: Reading rules from loot.json
[05Dec2025 00:59:08.599] [Server thread/INFO] [incontrol/]: Reading rules from experience.json
[05Dec2025 00:59:08.601] [Server thread/INFO] [incontrol/]: Reading rules from phases.json
[05Dec2025 00:59:08.602] [Server thread/INFO] [incontrol/]: Reading rules from effects.json
[05Dec2025 00:59:08.604] [Server thread/INFO] [incontrol/]: Reading rules from breakevents.json
[05Dec2025 00:59:08.605] [Server thread/INFO] [incontrol/]: Reading rules from placeevents.json
[05Dec2025 00:59:08.606] [Server thread/INFO] [incontrol/]: Reading rules from rightclicks.json
[05Dec2025 00:59:08.608] [Server thread/INFO] [incontrol/]: Reading rules from leftclicks.json
[05Dec2025 00:59:08.610] [Server thread/INFO] [incontrol/]: Reading rules from spawner.json
[05Dec2025 00:59:08.612] [Server thread/INFO] [incontrol/]: Reading rules from events.json
[05Dec2025 00:59:08.649] [Server thread/DEBUG] [ModernFix/]: Loaded stronghold cache for dimension lostcities:lostcity with 128 positions
[05Dec2025 00:59:08.649] [Server thread/DEBUG] [ironfurnaces.IronFurnaces/]: Loading config file /workspaces/server-de-minecraft/servidor_minecraft/config/ironfurnaces-client.toml
[05Dec2025 00:59:08.650] [Server thread/DEBUG] [ironfurnaces.IronFurnaces/]: Built TOML config for /workspaces/server-de-minecraft/servidor_minecraft/config/ironfurnaces-client.toml
[05Dec2025 00:59:08.651] [Server thread/DEBUG] [ironfurnaces.IronFurnaces/]: Loaded TOML config file /workspaces/server-de-minecraft/servidor_minecraft/config/ironfurnaces-client.toml
[05Dec2025 00:59:08.652] [Server thread/DEBUG] [ironfurnaces.IronFurnaces/]: Loading config file /workspaces/server-de-minecraft/servidor_minecraft/config/ironfurnaces.toml
[05Dec2025 00:59:08.653] [Server thread/DEBUG] [ironfurnaces.IronFurnaces/]: Built TOML config for /workspaces/server-de-minecraft/servidor_minecraft/config/ironfurnaces.toml
[05Dec2025 00:59:08.653] [Server thread/DEBUG] [ironfurnaces.IronFurnaces/]: Loaded TOML config file /workspaces/server-de-minecraft/servidor_minecraft/config/ironfurnaces.toml
[05Dec2025 00:59:08.671] [Server thread/DEBUG] [ironfurnaces.IronFurnaces/]: Loading config file /workspaces/server-de-minecraft/servidor_minecraft/config/ironfurnaces-client.toml
[05Dec2025 00:59:08.671] [Server thread/DEBUG] [ironfurnaces.IronFurnaces/]: Built TOML config for /workspaces/server-de-minecraft/servidor_minecraft/config/ironfurnaces-client.toml
[05Dec2025 00:59:08.672] [Server thread/DEBUG] [ironfurnaces.IronFurnaces/]: Loaded TOML config file /workspaces/server-de-minecraft/servidor_minecraft/config/ironfurnaces-client.toml
[05Dec2025 00:59:08.673] [Server thread/DEBUG] [ironfurnaces.IronFurnaces/]: Loading config file /workspaces/server-de-minecraft/servidor_minecraft/config/ironfurnaces.toml
[05Dec2025 00:59:08.673] [Server thread/DEBUG] [ironfurnaces.IronFurnaces/]: Built TOML config for /workspaces/server-de-minecraft/servidor_minecraft/config/ironfurnaces.toml
[05Dec2025 00:59:08.673] [Server thread/DEBUG] [ironfurnaces.IronFurnaces/]: Loaded TOML config file /workspaces/server-de-minecraft/servidor_minecraft/config/ironfurnaces.toml
[05Dec2025 00:59:08.686] [Server thread/DEBUG] [ironfurnaces.IronFurnaces/]: Loading config file /workspaces/server-de-minecraft/servidor_minecraft/config/ironfurnaces-client.toml
[05Dec2025 00:59:08.686] [Server thread/DEBUG] [ironfurnaces.IronFurnaces/]: Built TOML config for /workspaces/server-de-minecraft/servidor_minecraft/config/ironfurnaces-client.toml
[05Dec2025 00:59:08.687] [Server thread/DEBUG] [ironfurnaces.IronFurnaces/]: Loaded TOML config file /workspaces/server-de-minecraft/servidor_minecraft/config/ironfurnaces-client.toml
[05Dec2025 00:59:08.687] [Server thread/DEBUG] [ironfurnaces.IronFurnaces/]: Loading config file /workspaces/server-de-minecraft/servidor_minecraft/config/ironfurnaces.toml
[05Dec2025 00:59:08.687] [Server thread/DEBUG] [ironfurnaces.IronFurnaces/]: Built TOML config for /workspaces/server-de-minecraft/servidor_minecraft/config/ironfurnaces.toml
[05Dec2025 00:59:08.687] [Server thread/DEBUG] [ironfurnaces.IronFurnaces/]: Loaded TOML config file /workspaces/server-de-minecraft/servidor_minecraft/config/ironfurnaces.toml
[05Dec2025 00:59:08.738] [Server thread/DEBUG] [ironfurnaces.IronFurnaces/]: Loading config file /workspaces/server-de-minecraft/servidor_minecraft/config/ironfurnaces-client.toml
[05Dec2025 00:59:08.738] [Server thread/DEBUG] [ironfurnaces.IronFurnaces/]: Built TOML config for /workspaces/server-de-minecraft/servidor_minecraft/config/ironfurnaces-client.toml
[05Dec2025 00:59:08.738] [Server thread/DEBUG] [ironfurnaces.IronFurnaces/]: Loaded TOML config file /workspaces/server-de-minecraft/servidor_minecraft/config/ironfurnaces-client.toml
[05Dec2025 00:59:08.739] [Server thread/DEBUG] [ironfurnaces.IronFurnaces/]: Loading config file /workspaces/server-de-minecraft/servidor_minecraft/config/ironfurnaces.toml
[05Dec2025 00:59:08.739] [Server thread/DEBUG] [ironfurnaces.IronFurnaces/]: Built TOML config for /workspaces/server-de-minecraft/servidor_minecraft/config/ironfurnaces.toml
[05Dec2025 00:59:08.739] [Server thread/DEBUG] [ironfurnaces.IronFurnaces/]: Loaded TOML config file /workspaces/server-de-minecraft/servidor_minecraft/config/ironfurnaces.toml
[05Dec2025 00:59:08.742] [Server thread/INFO] [net.minecraft.server.MinecraftServer/]: Preparing start region for dimension minecraft:overworld
[05Dec2025 00:59:08.746] [Server thread/DEBUG] [mixin/]: Mixing bugfix.paper_chunk_patches.SortedArraySetMixin from modernfix-common.mixins.json into net.minecraft.util.SortedArraySet
[05Dec2025 00:59:08.781] [Server thread/DEBUG] [Smooth Boot (Reloaded)/]: Initialized IO-Worker-23
[05Dec2025 00:59:08.797] [IO-Worker-23/DEBUG] [Smooth Boot (Reloaded)/]: Initialized IO-Worker-24
[05Dec2025 00:59:08.799] [IO-Worker-24/DEBUG] [Smooth Boot (Reloaded)/]: Initialized IO-Worker-25
[05Dec2025 00:59:08.802] [IO-Worker-23/DEBUG] [Smooth Boot (Reloaded)/]: Initialized IO-Worker-26
[05Dec2025 00:59:08.853] [IO-Worker-23/DEBUG] [Smooth Boot (Reloaded)/]: Initialized IO-Worker-27
[05Dec2025 00:59:08.883] [Worker-Main-13/DEBUG] [Smooth Boot (Reloaded)/]: Initialized Worker-Main-28
[05Dec2025 00:59:08.883] [IO-Worker-26/DEBUG] [Smooth Boot (Reloaded)/]: Initialized Worker-Main-29
[05Dec2025 00:59:08.883] [Worker-Main-8/DEBUG] [Smooth Boot (Reloaded)/]: Initialized Worker-Main-30
[05Dec2025 00:59:08.883] [Worker-Main-7/DEBUG] [Smooth Boot (Reloaded)/]: Initialized Worker-Main-31
[05Dec2025 00:59:08.883] [Worker-Main-13/DEBUG] [Smooth Boot (Reloaded)/]: Initialized Worker-Main-32
[05Dec2025 00:59:08.883] [Worker-Main-9/DEBUG] [Smooth Boot (Reloaded)/]: Initialized Worker-Main-33
[05Dec2025 00:59:08.883] [Worker-Main-21/DEBUG] [Smooth Boot (Reloaded)/]: Initialized Worker-Main-34
[05Dec2025 00:59:08.883] [Worker-Main-19/DEBUG] [Smooth Boot (Reloaded)/]: Initialized Worker-Main-35
[05Dec2025 00:59:08.883] [Worker-Main-14/DEBUG] [Smooth Boot (Reloaded)/]: Initialized Worker-Main-36
[05Dec2025 00:59:08.934] [Server thread/DEBUG] [mixin/]: Mixing MixinChunkSerializer from architectury.mixins.json into net.minecraft.world.level.chunk.storage.ChunkSerializer
[05Dec2025 00:59:08.947] [Server thread/DEBUG] [mixin/]: Mixing perf.compact_bit_storage.PalettedContainerMixin from modernfix-common.mixins.json into net.minecraft.world.level.chunk.PalettedContainer
[05Dec2025 00:59:09.051] [IO-Worker-26/DEBUG] [Smooth Boot (Reloaded)/]: Initialized IO-Worker-37
[05Dec2025 00:59:09.053] [IO-Worker-26/DEBUG] [Smooth Boot (Reloaded)/]: Initialized IO-Worker-38
[05Dec2025 00:59:09.255] [Server thread/DEBUG] [net.minecraftforge.coremod.transformer.CoreModBaseTransformer/COREMOD]: Transforming net/minecraft/world/level/levelgen/structure/templatesystem/StructureTemplate
[05Dec2025 00:59:09.288] [Server thread/DEBUG] [mixin/]: Mixing MixinStructureTemplate from lootr.mixins.json into net.minecraft.world.level.levelgen.structure.templatesystem.StructureTemplate
[05Dec2025 00:59:09.330] [Server thread/DEBUG] [mixin/]: Mixing perf.cache_blockstate_cache_arrays.AbstractBlockStateCacheMixin from modernfix-common.mixins.json into net.minecraft.world.level.block.state.BlockBehaviour$BlockStateBase$Cache
[05Dec2025 00:59:09.331] [Server thread/DEBUG] [mixin/]: Mixing BlockStateCacheMixin from ferritecore.blockstatecache.mixin.json into net.minecraft.world.level.block.state.BlockBehaviour$BlockStateBase$Cache
[05Dec2025 00:59:09.372] [Server thread/DEBUG] [mixin/]: Mixing SubShapeAccess from ferritecore.blockstatecache.mixin.json into net.minecraft.world.phys.shapes.SubShape
[05Dec2025 00:59:09.630] [Server thread/DEBUG] [ModernFix/]: Using cached upgraded version of shrines:world_tree_manor/world_tree_manor
[05Dec2025 00:59:09.847] [Netty Epoll Server IO #1/DEBUG] [mixin/]: Mixing MapItemDataPacketMixin from moonlight-common.mixins.json into net.minecraft.network.protocol.game.ClientboundMapItemDataPacket
[05Dec2025 00:59:09.848] [Netty Epoll Server IO #1/DEBUG] [mixin/]: Renaming synthetic method lambda$moonlight$sendCustomDecorations$1(I)[Lnet/mehvahdjukaar/moonlight/api/map/CustomMapDecoration; to mdc04f64$lambda$moonlight$sendCustomDecorations$1$0 in moonlight-common.mixins.json:MapItemDataPacketMixin
[05Dec2025 00:59:09.848] [Netty Epoll Server IO #1/DEBUG] [mixin/]: Renaming synthetic method lambda$moonlight$sendCustomDecorations$0(Lnet/minecraft/network/FriendlyByteBuf;Lnet/mehvahdjukaar/moonlight/api/map/CustomMapDecoration;)Lnet/mehvahdjukaar/moonlight/api/map/CustomMapDecoration; to mdc04f64$lambda$moonlight$sendCustomDecorations$0$1 in moonlight-common.mixins.json:MapItemDataPacketMixin
[05Dec2025 00:59:09.933] [Netty Epoll Server IO #1/DEBUG] [io.netty.util.Recycler/]: -Dio.netty.recycler.maxCapacityPerThread: 4096
[05Dec2025 00:59:09.933] [Netty Epoll Server IO #1/DEBUG] [io.netty.util.Recycler/]: -Dio.netty.recycler.ratio: 8
[05Dec2025 00:59:09.933] [Netty Epoll Server IO #1/DEBUG] [io.netty.util.Recycler/]: -Dio.netty.recycler.chunkSize: 32
[05Dec2025 00:59:09.933] [Netty Epoll Server IO #1/DEBUG] [io.netty.util.Recycler/]: -Dio.netty.recycler.blocking: false
[05Dec2025 00:59:09.938] [Netty Epoll Server IO #1/DEBUG] [io.netty.buffer.AbstractByteBuf/]: -Dio.netty.buffer.checkAccessible: true
[05Dec2025 00:59:09.938] [Netty Epoll Server IO #1/DEBUG] [io.netty.buffer.AbstractByteBuf/]: -Dio.netty.buffer.checkBounds: true
[05Dec2025 00:59:09.939] [Netty Epoll Server IO #1/DEBUG] [io.netty.util.ResourceLeakDetectorFactory/]: Loaded default ResourceLeakDetector: io.netty.util.ResourceLeakDetector@74cc93a6
[05Dec2025 00:59:09.956] [Netty Epoll Server IO #1/INFO] [net.minecraftforge.server.ServerLifecycleHooks/SERVERHOOKS]: Disconnecting Player (server is still starting): literal{Server is still starting! Please wait before reconnecting.}
[05Dec2025 00:59:09.957] [Netty Epoll Server IO #2/INFO] [net.minecraftforge.server.ServerLifecycleHooks/SERVERHOOKS]: Disconnecting Player (server is still starting): literal{Server is still starting! Please wait before reconnecting.}
[05Dec2025 00:59:10.377] [Server thread/DEBUG] [ModernFix/]: Using cached upgraded version of shrines:tall_player_house/tall_player_house_2
[05Dec2025 00:59:11.222] [Server thread/ERROR] [noobanidus.mods.lootr.api.LootrAPI/]: There are over 100 entries in the conversion list without aggressive mode enabled. This may cause TPS issues. If TPS issues persist after first launch, consider enabling aggressive mode in the configuration.
[05Dec2025 00:59:11.306] [Server thread/INFO] [net.minecraft.server.level.progress.LoggerChunkProgressListener/]: Time elapsed: 11939187 ms
[05Dec2025 00:59:11.307] [Server thread/INFO] [net.minecraft.server.dedicated.DedicatedServer/]: Done (3.107s)! For help, type "help"
[05Dec2025 00:59:11.315] [Server thread/DEBUG] [net.minecraftforge.network.DualStackUtils/]: Detected IPv6 address: "0:0:0:0:0:0:0:0"
[05Dec2025 00:59:11.352] [Server thread/DEBUG] [net.minecraftforge.common.ForgeI18n/CORE]: Loading I18N data entries: 8277
[05Dec2025 00:59:11.357] [Server thread/INFO] [net.minecraftforge.server.permission.PermissionAPI/]: Successfully initialized permission handler forge:default_handler
[05Dec2025 00:59:11.369] [Server thread/WARN] [ModernFix/]: Dedicated server took 27.021 seconds to load
[05Dec2025 00:59:11.412] [Server thread/DEBUG] [net.minecraftforge.coremod.transformer.CoreModBaseTransformer/COREMOD]: Transforming net/minecraft/world/level/NaturalSpawner
[05Dec2025 00:59:11.610] [Server thread/DEBUG] [mixin/]: Mixing EnchantmentHelperMixin from tetra.mixins.json into net.minecraft.world.item.enchantment.EnchantmentHelper
[05Dec2025 00:59:16.308] [Netty Epoll Server IO #5/DEBUG] [net.minecraftforge.network.HandshakeHandler/FMLHANDSHAKE]: Starting new modded impl connection. Found 35 messages to dispatch.
[05Dec2025 00:59:16.324] [Server thread/DEBUG] [net.minecraftforge.network.HandshakeHandler/FMLHANDSHAKE]: Sending ticking packet info 'net.minecraftforge.network.HandshakeMessages$S2CModData' to 'fml:handshake' sequence 0
[05Dec2025 00:59:16.373] [Server thread/DEBUG] [net.minecraftforge.network.HandshakeHandler/FMLHANDSHAKE]: Sending ticking packet info 'net.minecraftforge.network.HandshakeMessages$S2CModList' to 'fml:handshake' sequence 1
[05Dec2025 00:59:16.424] [Server thread/DEBUG] [net.minecraftforge.network.HandshakeHandler/FMLHANDSHAKE]: Sending ticking packet info 'Registry minecraft:command_argument_type' to 'fml:handshake' sequence 2
[05Dec2025 00:59:16.474] [Server thread/DEBUG] [net.minecraftforge.network.HandshakeHandler/FMLHANDSHAKE]: Sending ticking packet info 'Registry minecraft:recipe_serializer' to 'fml:handshake' sequence 3
[05Dec2025 00:59:16.523] [Server thread/DEBUG] [net.minecraftforge.network.HandshakeHandler/FMLHANDSHAKE]: Sending ticking packet info 'Registry minecraft:sound_event' to 'fml:handshake' sequence 4
[05Dec2025 00:59:16.573] [Server thread/DEBUG] [net.minecraftforge.network.HandshakeHandler/FMLHANDSHAKE]: Sending ticking packet info 'Registry minecraft:particle_type' to 'fml:handshake' sequence 5
[05Dec2025 00:59:16.623] [Server thread/DEBUG] [net.minecraftforge.network.HandshakeHandler/FMLHANDSHAKE]: Sending ticking packet info 'Registry minecraft:villager_profession' to 'fml:handshake' sequence 6
[05Dec2025 00:59:16.673] [Server thread/DEBUG] [net.minecraftforge.network.HandshakeHandler/FMLHANDSHAKE]: Sending ticking packet info 'Registry minecraft:item' to 'fml:handshake' sequence 7
[05Dec2025 00:59:16.723] [Server thread/DEBUG] [net.minecraftforge.network.HandshakeHandler/FMLHANDSHAKE]: Sending ticking packet info 'Registry minecraft:potion' to 'fml:handshake' sequence 8
[05Dec2025 00:59:16.773] [Server thread/DEBUG] [net.minecraftforge.network.HandshakeHandler/FMLHANDSHAKE]: Sending ticking packet info 'Registry minecraft:painting_variant' to 'fml:handshake' sequence 9
[05Dec2025 00:59:16.824] [Server thread/DEBUG] [net.minecraftforge.network.HandshakeHandler/FMLHANDSHAKE]: Sending ticking packet info 'Registry forge:fluid_type' to 'fml:handshake' sequence 10
[05Dec2025 00:59:16.873] [Server thread/DEBUG] [net.minecraftforge.network.HandshakeHandler/FMLHANDSHAKE]: Sending ticking packet info 'Registry minecraft:block_entity_type' to 'fml:handshake' sequence 11
[05Dec2025 00:59:16.923] [Server thread/DEBUG] [net.minecraftforge.network.HandshakeHandler/FMLHANDSHAKE]: Sending ticking packet info 'Registry forge:display_contexts' to 'fml:handshake' sequence 12
[05Dec2025 00:59:16.974] [Server thread/DEBUG] [net.minecraftforge.network.HandshakeHandler/FMLHANDSHAKE]: Sending ticking packet info 'Registry minecraft:block' to 'fml:handshake' sequence 13
[05Dec2025 00:59:17.026] [Server thread/DEBUG] [net.minecraftforge.network.HandshakeHandler/FMLHANDSHAKE]: Sending ticking packet info 'Registry forge:entity_data_serializers' to 'fml:handshake' sequence 14
[05Dec2025 00:59:17.073] [Server thread/DEBUG] [net.minecraftforge.network.HandshakeHandler/FMLHANDSHAKE]: Sending ticking packet info 'Registry minecraft:mob_effect' to 'fml:handshake' sequence 15
[05Dec2025 00:59:17.123] [Server thread/DEBUG] [net.minecraftforge.network.HandshakeHandler/FMLHANDSHAKE]: Sending ticking packet info 'Registry minecraft:stat_type' to 'fml:handshake' sequence 16
[05Dec2025 00:59:17.173] [Server thread/DEBUG] [net.minecraftforge.network.HandshakeHandler/FMLHANDSHAKE]: Sending ticking packet info 'Registry minecraft:menu' to 'fml:handshake' sequence 17
[05Dec2025 00:59:17.223] [Server thread/DEBUG] [net.minecraftforge.network.HandshakeHandler/FMLHANDSHAKE]: Sending ticking packet info 'Registry minecraft:enchantment' to 'fml:handshake' sequence 18
[05Dec2025 00:59:17.273] [Server thread/DEBUG] [net.minecraftforge.network.HandshakeHandler/FMLHANDSHAKE]: Sending ticking packet info 'Registry minecraft:fluid' to 'fml:handshake' sequence 19
[05Dec2025 00:59:17.323] [Server thread/DEBUG] [net.minecraftforge.network.HandshakeHandler/FMLHANDSHAKE]: Sending ticking packet info 'Registry minecraft:entity_type' to 'fml:handshake' sequence 20
[05Dec2025 00:59:17.373] [Server thread/DEBUG] [net.minecraftforge.network.HandshakeHandler/FMLHANDSHAKE]: Sending ticking packet info 'Config sit-server.toml' to 'fml:handshake' sequence 21
[05Dec2025 00:59:17.424] [Server thread/DEBUG] [net.minecraftforge.network.HandshakeHandler/FMLHANDSHAKE]: Sending ticking packet info 'Config parcool-server.toml' to 'fml:handshake' sequence 22
[05Dec2025 00:59:17.473] [Server thread/DEBUG] [net.minecraftforge.network.HandshakeHandler/FMLHANDSHAKE]: Sending ticking packet info 'Config incontrol-server.toml' to 'fml:handshake' sequence 23
[05Dec2025 00:59:17.523] [Server thread/DEBUG] [net.minecraftforge.network.HandshakeHandler/FMLHANDSHAKE]: Sending ticking packet info 'Config reap-server.toml' to 'fml:handshake' sequence 24
[05Dec2025 00:59:17.574] [Server thread/DEBUG] [net.minecraftforge.network.HandshakeHandler/FMLHANDSHAKE]: Sending ticking packet info 'Config inventorysorter-server.toml' to 'fml:handshake' sequence 25
[05Dec2025 00:59:17.623] [Server thread/DEBUG] [net.minecraftforge.network.HandshakeHandler/FMLHANDSHAKE]: Sending ticking packet info 'Config jei-server.toml' to 'fml:handshake' sequence 26
[05Dec2025 00:59:17.673] [Server thread/DEBUG] [net.minecraftforge.network.HandshakeHandler/FMLHANDSHAKE]: Sending ticking packet info 'Config curios-server.toml' to 'fml:handshake' sequence 27
[05Dec2025 00:59:17.724] [Server thread/DEBUG] [net.minecraftforge.network.HandshakeHandler/FMLHANDSHAKE]: Sending ticking packet info 'Config chiselsandbits-server.toml' to 'fml:handshake' sequence 28
[05Dec2025 00:59:17.774] [Server thread/DEBUG] [net.minecraftforge.network.HandshakeHandler/FMLHANDSHAKE]: Sending ticking packet info 'Config travelersbackpack-server.toml' to 'fml:handshake' sequence 29
[05Dec2025 00:59:17.823] [Server thread/DEBUG] [net.minecraftforge.network.HandshakeHandler/FMLHANDSHAKE]: Sending ticking packet info 'Config gravestone-server.toml' to 'fml:handshake' sequence 30
[05Dec2025 00:59:17.873] [Server thread/DEBUG] [net.minecraftforge.network.HandshakeHandler/FMLHANDSHAKE]: Sending ticking packet info 'Config fastleafdecay-server.toml' to 'fml:handshake' sequence 31
[05Dec2025 00:59:17.923] [Server thread/DEBUG] [net.minecraftforge.network.HandshakeHandler/FMLHANDSHAKE]: Sending ticking packet info 'Config lostcities-server.toml' to 'fml:handshake' sequence 32
[05Dec2025 00:59:17.974] [Server thread/DEBUG] [net.minecraftforge.network.HandshakeHandler/FMLHANDSHAKE]: Sending ticking packet info 'Config xptome-server.toml' to 'fml:handshake' sequence 33
[05Dec2025 00:59:18.024] [Server thread/DEBUG] [net.minecraftforge.network.HandshakeHandler/FMLHANDSHAKE]: Sending ticking packet info 'Config forge-server.toml' to 'fml:handshake' sequence 34
[05Dec2025 00:59:46.275] [Server thread/INFO] [net.minecraft.server.network.ServerLoginPacketListenerImpl/]: com.mojang.authlib.GameProfile@604ff025[id=<null>,name=zxymatthewyxz,properties={},legacy=false] (/100.84.145.86:50905) lost connection: Disconnected
[05Dec2025 00:59:50.661] [Netty Epoll Server IO #7/DEBUG] [net.minecraftforge.network.HandshakeHandler/FMLHANDSHAKE]: Starting new modded impl connection. Found 35 messages to dispatch.
[05Dec2025 00:59:50.671] [Server thread/DEBUG] [net.minecraftforge.network.HandshakeHandler/FMLHANDSHAKE]: Sending ticking packet info 'net.minecraftforge.network.HandshakeMessages$S2CModData' to 'fml:handshake' sequence 0
[05Dec2025 00:59:50.721] [Server thread/DEBUG] [net.minecraftforge.network.HandshakeHandler/FMLHANDSHAKE]: Sending ticking packet info 'net.minecraftforge.network.HandshakeMessages$S2CModList' to 'fml:handshake' sequence 1
[05Dec2025 00:59:50.771] [Server thread/DEBUG] [net.minecraftforge.network.HandshakeHandler/FMLHANDSHAKE]: Sending ticking packet info 'Registry minecraft:command_argument_type' to 'fml:handshake' sequence 2
[05Dec2025 00:59:50.821] [Server thread/DEBUG] [net.minecraftforge.network.HandshakeHandler/FMLHANDSHAKE]: Sending ticking packet info 'Registry minecraft:recipe_serializer' to 'fml:handshake' sequence 3
[05Dec2025 00:59:50.871] [Server thread/DEBUG] [net.minecraftforge.network.HandshakeHandler/FMLHANDSHAKE]: Sending ticking packet info 'Registry minecraft:sound_event' to 'fml:handshake' sequence 4
[05Dec2025 00:59:50.921] [Server thread/DEBUG] [net.minecraftforge.network.HandshakeHandler/FMLHANDSHAKE]: Sending ticking packet info 'Registry minecraft:particle_type' to 'fml:handshake' sequence 5
[05Dec2025 00:59:50.971] [Server thread/DEBUG] [net.minecraftforge.network.HandshakeHandler/FMLHANDSHAKE]: Sending ticking packet info 'Registry minecraft:villager_profession' to 'fml:handshake' sequence 6
[05Dec2025 00:59:51.021] [Server thread/DEBUG] [net.minecraftforge.network.HandshakeHandler/FMLHANDSHAKE]: Sending ticking packet info 'Registry minecraft:item' to 'fml:handshake' sequence 7
[05Dec2025 00:59:51.071] [Server thread/DEBUG] [net.minecraftforge.network.HandshakeHandler/FMLHANDSHAKE]: Sending ticking packet info 'Registry minecraft:potion' to 'fml:handshake' sequence 8
[05Dec2025 00:59:51.121] [Server thread/DEBUG] [net.minecraftforge.network.HandshakeHandler/FMLHANDSHAKE]: Sending ticking packet info 'Registry minecraft:painting_variant' to 'fml:handshake' sequence 9
[05Dec2025 00:59:51.171] [Server thread/DEBUG] [net.minecraftforge.network.HandshakeHandler/FMLHANDSHAKE]: Sending ticking packet info 'Registry forge:fluid_type' to 'fml:handshake' sequence 10
[05Dec2025 00:59:51.221] [Server thread/DEBUG] [net.minecraftforge.network.HandshakeHandler/FMLHANDSHAKE]: Sending ticking packet info 'Registry minecraft:block_entity_type' to 'fml:handshake' sequence 11
[05Dec2025 00:59:51.271] [Server thread/DEBUG] [net.minecraftforge.network.HandshakeHandler/FMLHANDSHAKE]: Sending ticking packet info 'Registry forge:display_contexts' to 'fml:handshake' sequence 12
[05Dec2025 00:59:51.321] [Server thread/DEBUG] [net.minecraftforge.network.HandshakeHandler/FMLHANDSHAKE]: Sending ticking packet info 'Registry minecraft:block' to 'fml:handshake' sequence 13
[05Dec2025 00:59:51.371] [Server thread/DEBUG] [net.minecraftforge.network.HandshakeHandler/FMLHANDSHAKE]: Sending ticking packet info 'Registry forge:entity_data_serializers' to 'fml:handshake' sequence 14
[05Dec2025 00:59:51.421] [Server thread/DEBUG] [net.minecraftforge.network.HandshakeHandler/FMLHANDSHAKE]: Sending ticking packet info 'Registry minecraft:mob_effect' to 'fml:handshake' sequence 15
[05Dec2025 00:59:51.471] [Server thread/DEBUG] [net.minecraftforge.network.HandshakeHandler/FMLHANDSHAKE]: Sending ticking packet info 'Registry minecraft:stat_type' to 'fml:handshake' sequence 16
[05Dec2025 00:59:51.521] [Server thread/DEBUG] [net.minecraftforge.network.HandshakeHandler/FMLHANDSHAKE]: Sending ticking packet info 'Registry minecraft:menu' to 'fml:handshake' sequence 17
[05Dec2025 00:59:51.571] [Server thread/DEBUG] [net.minecraftforge.network.HandshakeHandler/FMLHANDSHAKE]: Sending ticking packet info 'Registry minecraft:enchantment' to 'fml:handshake' sequence 18
[05Dec2025 00:59:51.621] [Server thread/DEBUG] [net.minecraftforge.network.HandshakeHandler/FMLHANDSHAKE]: Sending ticking packet info 'Registry minecraft:fluid' to 'fml:handshake' sequence 19
[05Dec2025 00:59:51.671] [Server thread/DEBUG] [net.minecraftforge.network.HandshakeHandler/FMLHANDSHAKE]: Sending ticking packet info 'Registry minecraft:entity_type' to 'fml:handshake' sequence 20
[05Dec2025 00:59:51.721] [Server thread/DEBUG] [net.minecraftforge.network.HandshakeHandler/FMLHANDSHAKE]: Sending ticking packet info 'Config sit-server.toml' to 'fml:handshake' sequence 21
[05Dec2025 00:59:51.771] [Server thread/DEBUG] [net.minecraftforge.network.HandshakeHandler/FMLHANDSHAKE]: Sending ticking packet info 'Config parcool-server.toml' to 'fml:handshake' sequence 22
[05Dec2025 00:59:51.821] [Server thread/DEBUG] [net.minecraftforge.network.HandshakeHandler/FMLHANDSHAKE]: Sending ticking packet info 'Config incontrol-server.toml' to 'fml:handshake' sequence 23
[05Dec2025 00:59:51.871] [Server thread/DEBUG] [net.minecraftforge.network.HandshakeHandler/FMLHANDSHAKE]: Sending ticking packet info 'Config reap-server.toml' to 'fml:handshake' sequence 24
[05Dec2025 00:59:51.921] [Server thread/DEBUG] [net.minecraftforge.network.HandshakeHandler/FMLHANDSHAKE]: Sending ticking packet info 'Config inventorysorter-server.toml' to 'fml:handshake' sequence 25
[05Dec2025 00:59:51.971] [Server thread/DEBUG] [net.minecraftforge.network.HandshakeHandler/FMLHANDSHAKE]: Sending ticking packet info 'Config jei-server.toml' to 'fml:handshake' sequence 26
[05Dec2025 00:59:52.020] [Server thread/DEBUG] [net.minecraftforge.network.HandshakeHandler/FMLHANDSHAKE]: Sending ticking packet info 'Config curios-server.toml' to 'fml:handshake' sequence 27
[05Dec2025 00:59:52.071] [Server thread/DEBUG] [net.minecraftforge.network.HandshakeHandler/FMLHANDSHAKE]: Sending ticking packet info 'Config chiselsandbits-server.toml' to 'fml:handshake' sequence 28
[05Dec2025 00:59:52.121] [Server thread/DEBUG] [net.minecraftforge.network.HandshakeHandler/FMLHANDSHAKE]: Sending ticking packet info 'Config travelersbackpack-server.toml' to 'fml:handshake' sequence 29
[05Dec2025 00:59:52.171] [Server thread/DEBUG] [net.minecraftforge.network.HandshakeHandler/FMLHANDSHAKE]: Sending ticking packet info 'Config gravestone-server.toml' to 'fml:handshake' sequence 30
[05Dec2025 00:59:52.221] [Server thread/DEBUG] [net.minecraftforge.network.HandshakeHandler/FMLHANDSHAKE]: Sending ticking packet info 'Config fastleafdecay-server.toml' to 'fml:handshake' sequence 31
[05Dec2025 00:59:52.271] [Server thread/DEBUG] [net.minecraftforge.network.HandshakeHandler/FMLHANDSHAKE]: Sending ticking packet info 'Config lostcities-server.toml' to 'fml:handshake' sequence 32
[05Dec2025 00:59:52.321] [Server thread/DEBUG] [net.minecraftforge.network.HandshakeHandler/FMLHANDSHAKE]: Sending ticking packet info 'Config xptome-server.toml' to 'fml:handshake' sequence 33
[05Dec2025 00:59:52.371] [Server thread/DEBUG] [net.minecraftforge.network.HandshakeHandler/FMLHANDSHAKE]: Sending ticking packet info 'Config forge-server.toml' to 'fml:handshake' sequence 34
[05Dec2025 01:00:11.595] [Worker-Main-8/DEBUG] [Smooth Boot (Reloaded)/]: Worker-Main-8 shutdown
[05Dec2025 01:00:13.521] [Server thread/INFO] [net.minecraft.server.network.ServerLoginPacketListenerImpl/]: com.mojang.authlib.GameProfile@6d133cbe[id=<null>,name=zxymatthewyxz,properties={},legacy=false] (/100.84.145.86:50913) lost connection: Disconnected
[05Dec2025 01:00:19.686] [Netty Epoll Server IO #1/DEBUG] [net.minecraftforge.network.HandshakeHandler/FMLHANDSHAKE]: Starting new modded impl connection. Found 35 messages to dispatch.
[05Dec2025 01:00:19.721] [Server thread/DEBUG] [net.minecraftforge.network.HandshakeHandler/FMLHANDSHAKE]: Sending ticking packet info 'net.minecraftforge.network.HandshakeMessages$S2CModData' to 'fml:handshake' sequence 0
[05Dec2025 01:00:19.771] [Server thread/DEBUG] [net.minecraftforge.network.HandshakeHandler/FMLHANDSHAKE]: Sending ticking packet info 'net.minecraftforge.network.HandshakeMessages$S2CModList' to 'fml:handshake' sequence 1
[05Dec2025 01:00:19.821] [Server thread/DEBUG] [net.minecraftforge.network.HandshakeHandler/FMLHANDSHAKE]: Sending ticking packet info 'Registry minecraft:command_argument_type' to 'fml:handshake' sequence 2
[05Dec2025 01:00:19.871] [Server thread/DEBUG] [net.minecraftforge.network.HandshakeHandler/FMLHANDSHAKE]: Sending ticking packet info 'Registry minecraft:recipe_serializer' to 'fml:handshake' sequence 3
[05Dec2025 01:00:19.914] [Netty Epoll Server IO #1/DEBUG] [net.minecraftforge.network.LoginWrapper/FMLHANDSHAKE]: Recieved login wrapper packet event for channel fml:handshake with index 1
[05Dec2025 01:00:19.916] [Netty Epoll Server IO #1/DEBUG] [net.minecraftforge.network.HandshakeHandler/FMLHANDSHAKE]: Received client indexed reply 1 of type net.minecraftforge.network.HandshakeMessages$C2SModListReply
[05Dec2025 01:00:19.917] [Netty Epoll Server IO #1/DEBUG] [net.minecraftforge.network.HandshakeHandler/FMLHANDSHAKE]: Received client connection with modlist [tetra, kuma_api, netherportalfix, geckolib, scena, playeranimator, incontrol, gpumemleakfix, neat, xaeroworldmap, controlling, prism, placebo, modernfix, gateways, maxhealthfix, mixinextras, bookshelf, lootbeams, balm, carryon, sodiumoptionsapi, jeresources, cloth_config, dummmmmmy, sodiumdynamiclights, embeddium, rubidium, advancementplaques, w2w2, ambientsounds, ironfurnaces, colorfulhearts, highlighter, curios, searchables, attributeslib, bettervillage, lostcities, architectury, aiimprovements, transition, dynamic_fps, framework, fastleafdecay, yeetusexperimentus, essential, inventorysorter, fastload, retrodamageindicators, trashslot, shrines, jei, attributefix, libraryferret, trender, reap, waystones, clumps, travelersbackpack, naturescompass, configured, catalogue, forge, ironchest, craftingtweaks, minecraft, jujutsucraft, enchdesc, moonlight, fabric_api_base, mousetweaks, jade, culllessleaves, creativecore, cleanswing, spectrelib, smoothboot, jeiintegration, notenoughanimations, iceberg, mutil, legendarytooltips, xaerominimap, gravestone, fastbench, polymorph, sit, parcool, entityculling, inventoryhud, immediatelyfast, fastfurnace, appleskin, lootr, ferritecore, betterf3, cosmeticarmorreworked, overloadedarmorbar, chiselsandbits, xpbook, defaultoptions]
[05Dec2025 01:00:19.917] [Netty Epoll Server IO #1/DEBUG] [net.minecraftforge.network.NetworkRegistry/NETREGISTRY]: Channel 'jujutsucraft:jujutsucraft' : Version test of '1' from client : ACCEPTED
[05Dec2025 01:00:19.917] [Netty Epoll Server IO #1/DEBUG] [net.minecraftforge.network.NetworkRegistry/NETREGISTRY]: Channel 'configured:play' : Version test of '1' from client : ACCEPTED
[05Dec2025 01:00:19.917] [Netty Epoll Server IO #1/DEBUG] [net.minecraftforge.network.NetworkRegistry/NETREGISTRY]: Channel 'inventorysorter:net' : Version test of '1' from client : ACCEPTED
[05Dec2025 01:00:19.917] [Netty Epoll Server IO #1/DEBUG] [net.minecraftforge.network.NetworkRegistry/NETREGISTRY]: Channel 'architectury:network' : Version test of '1' from client : ACCEPTED
[05Dec2025 01:00:19.918] [Netty Epoll Server IO #1/DEBUG] [net.minecraftforge.network.NetworkRegistry/NETREGISTRY]: Channel 'dummmmmmy:channel' : Version test of '1' from client : ACCEPTED
[05Dec2025 01:00:19.918] [Netty Epoll Server IO #1/DEBUG] [net.minecraftforge.network.NetworkRegistry/NETREGISTRY]: Channel 'parcool:message' : Version test of '3.4.0.5' from client : ACCEPTED
[05Dec2025 01:00:19.918] [Netty Epoll Server IO #1/DEBUG] [net.minecraftforge.network.NetworkRegistry/NETREGISTRY]: Channel 'jei:channel' : Version test of '1.0.0' from client : ACCEPTED
[05Dec2025 01:00:19.918] [Netty Epoll Server IO #1/DEBUG] [net.minecraftforge.network.NetworkRegistry/NETREGISTRY]: Channel 'carryon:carryonpackets' : Version test of '1.0' from client : ACCEPTED
[05Dec2025 01:00:19.918] [Netty Epoll Server IO #1/DEBUG] [net.minecraftforge.network.NetworkRegistry/NETREGISTRY]: Channel 'minecraft:unregister' : Version test of 'FML3' from client : ACCEPTED
[05Dec2025 01:00:19.918] [Netty Epoll Server IO #1/DEBUG] [net.minecraftforge.network.NetworkRegistry/NETREGISTRY]: Channel 'craftingtweaks:network' : Version test of '1.0' from client : ACCEPTED
[05Dec2025 01:00:19.918] [Netty Epoll Server IO #1/DEBUG] [net.minecraftforge.network.NetworkRegistry/NETREGISTRY]: Channel 'xaerominimap:main' : Version test of '1.0' from client : ACCEPTED
[05Dec2025 01:00:19.918] [Netty Epoll Server IO #1/DEBUG] [net.minecraftforge.network.NetworkRegistry/NETREGISTRY]: Channel 'tetra:main' : Version test of '1' from client : ACCEPTED
[05Dec2025 01:00:19.918] [Netty Epoll Server IO #1/DEBUG] [net.minecraftforge.network.NetworkRegistry/NETREGISTRY]: Channel 'ironfurnaces:ironfurnaces_network' : Version test of '1.0' from client : ACCEPTED
[05Dec2025 01:00:19.918] [Netty Epoll Server IO #1/DEBUG] [net.minecraftforge.network.NetworkRegistry/NETREGISTRY]: Channel 'lostcities:lostcities' : Version test of '1.0' from client : ACCEPTED
[05Dec2025 01:00:19.918] [Netty Epoll Server IO #1/DEBUG] [net.minecraftforge.network.NetworkRegistry/NETREGISTRY]: Channel 'framework:play' : Version test of '1' from client : ACCEPTED
[05Dec2025 01:00:19.918] [Netty Epoll Server IO #1/DEBUG] [net.minecraftforge.network.NetworkRegistry/NETREGISTRY]: Channel 'travelersbackpack:network' : Version test of 'travelersbackpack:1' from client : ACCEPTED
[05Dec2025 01:00:19.918] [Netty Epoll Server IO #1/DEBUG] [net.minecraftforge.network.NetworkRegistry/NETREGISTRY]: Channel 'modernfix:main' : Version test of '1' from client : ACCEPTED
[05Dec2025 01:00:19.918] [Netty Epoll Server IO #1/DEBUG] [net.minecraftforge.network.NetworkRegistry/NETREGISTRY]: Channel 'curios:main' : Version test of '1' from client : ACCEPTED
[05Dec2025 01:00:19.918] [Netty Epoll Server IO #1/DEBUG] [net.minecraftforge.network.NetworkRegistry/NETREGISTRY]: Channel 'placebo:placebo' : Version test of '1.0.0' from client : ACCEPTED
[05Dec2025 01:00:19.918] [Netty Epoll Server IO #1/DEBUG] [net.minecraftforge.network.NetworkRegistry/NETREGISTRY]: Channel 'balm:network' : Version test of '1.0' from client : ACCEPTED
[05Dec2025 01:00:19.918] [Netty Epoll Server IO #1/DEBUG] [net.minecraftforge.network.NetworkRegistry/NETREGISTRY]: Channel 'w2w2:main' : Version test of '1' from client : ACCEPTED
[05Dec2025 01:00:19.918] [Netty Epoll Server IO #1/DEBUG] [net.minecraftforge.network.NetworkRegistry/NETREGISTRY]: Channel 'fastbench:channel' : Version test of '4.6.0' from client : ACCEPTED
[05Dec2025 01:00:19.918] [Netty Epoll Server IO #1/DEBUG] [net.minecraftforge.network.NetworkRegistry/NETREGISTRY]: Channel 'attributeslib:attributeslib' : Version test of '1.0.0' from client : ACCEPTED
[05Dec2025 01:00:19.918] [Netty Epoll Server IO #1/DEBUG] [net.minecraftforge.network.NetworkRegistry/NETREGISTRY]: Channel 'polymorph:main' : Version test of '1' from client : ACCEPTED
[05Dec2025 01:00:19.918] [Netty Epoll Server IO #1/DEBUG] [net.minecraftforge.network.NetworkRegistry/NETREGISTRY]: Channel 'framework:handshake' : Version test of '1' from client : ACCEPTED
[05Dec2025 01:00:19.918] [Netty Epoll Server IO #1/DEBUG] [net.minecraftforge.network.NetworkRegistry/NETREGISTRY]: Channel 'fml:loginwrapper' : Version test of 'FML3' from client : ACCEPTED
[05Dec2025 01:00:19.918] [Netty Epoll Server IO #1/DEBUG] [net.minecraftforge.network.NetworkRegistry/NETREGISTRY]: Channel 'forge:tier_sorting' : Version test of '1.0' from client : ACCEPTED
[05Dec2025 01:00:19.918] [Netty Epoll Server IO #1/DEBUG] [net.minecraftforge.network.NetworkRegistry/NETREGISTRY]: Channel 'spectrelib:main' : Version test of '1' from client : ACCEPTED
[05Dec2025 01:00:19.918] [Netty Epoll Server IO #1/DEBUG] [net.minecraftforge.network.NetworkRegistry/NETREGISTRY]: Channel 'chiselsandbits:chiselsandbits' : Version test of '1.0' from client : ACCEPTED
[05Dec2025 01:00:19.918] [Netty Epoll Server IO #1/DEBUG] [net.minecraftforge.network.NetworkRegistry/NETREGISTRY]: Channel 'trashslot:network' : Version test of '1.0' from client : ACCEPTED
[05Dec2025 01:00:19.918] [Netty Epoll Server IO #1/DEBUG] [net.minecraftforge.network.NetworkRegistry/NETREGISTRY]: Channel 'naturescompass:naturescompass' : Version test of '1.0' from client : ACCEPTED
[05Dec2025 01:00:19.918] [Netty Epoll Server IO #1/DEBUG] [net.minecraftforge.network.NetworkRegistry/NETREGISTRY]: Channel 'cosmeticarmorreworked:main' : Version test of '2' from client : ACCEPTED
[05Dec2025 01:00:19.918] [Netty Epoll Server IO #1/DEBUG] [net.minecraftforge.network.NetworkRegistry/NETREGISTRY]: Channel 'fml:play' : Version test of 'FML3' from client : ACCEPTED
[05Dec2025 01:00:19.918] [Netty Epoll Server IO #1/DEBUG] [net.minecraftforge.network.NetworkRegistry/NETREGISTRY]: Channel 'creativecore:main' : Version test of '1' from client : ACCEPTED
[05Dec2025 01:00:19.918] [Netty Epoll Server IO #1/DEBUG] [net.minecraftforge.network.NetworkRegistry/NETREGISTRY]: Channel 'gravestone:default' : Version test of '1.0.0' from client : ACCEPTED
[05Dec2025 01:00:19.918] [Netty Epoll Server IO #1/DEBUG] [net.minecraftforge.network.NetworkRegistry/NETREGISTRY]: Channel 'fml:handshake' : Version test of 'FML3' from client : ACCEPTED
[05Dec2025 01:00:19.919] [Netty Epoll Server IO #1/DEBUG] [net.minecraftforge.network.NetworkRegistry/NETREGISTRY]: Channel 'jujutsucraft:main' : Version test of '1' from client : ACCEPTED
[05Dec2025 01:00:19.919] [Netty Epoll Server IO #1/DEBUG] [net.minecraftforge.network.NetworkRegistry/NETREGISTRY]: Channel 'lootr:main_network_channel' : Version test of '2' from client : ACCEPTED
[05Dec2025 01:00:19.919] [Netty Epoll Server IO #1/DEBUG] [net.minecraftforge.network.NetworkRegistry/NETREGISTRY]: Channel 'ironchest:network' : Version test of '1' from client : ACCEPTED
[05Dec2025 01:00:19.919] [Netty Epoll Server IO #1/DEBUG] [net.minecraftforge.network.NetworkRegistry/NETREGISTRY]: Channel 'modernfix:ingredient_sync' : Version test of '1' from client : ACCEPTED
[05Dec2025 01:00:19.919] [Netty Epoll Server IO #1/DEBUG] [net.minecraftforge.network.NetworkRegistry/NETREGISTRY]: Channel 'gateways:channel' : Version test of '1.0.0' from client : ACCEPTED
[05Dec2025 01:00:19.919] [Netty Epoll Server IO #1/DEBUG] [net.minecraftforge.network.NetworkRegistry/NETREGISTRY]: Channel 'xaeroworldmap:main' : Version test of '1.0' from client : ACCEPTED
[05Dec2025 01:00:19.919] [Netty Epoll Server IO #1/DEBUG] [net.minecraftforge.network.NetworkRegistry/NETREGISTRY]: Channel 'minecraft:register' : Version test of 'FML3' from client : ACCEPTED
[05Dec2025 01:00:19.919] [Netty Epoll Server IO #1/DEBUG] [net.minecraftforge.network.NetworkRegistry/NETREGISTRY]: Channel 'forge:split' : Version test of '1.1' from client : ACCEPTED
[05Dec2025 01:00:19.919] [Netty Epoll Server IO #1/DEBUG] [net.minecraftforge.network.NetworkRegistry/NETREGISTRY]: Channel 'geckolib:main' : Version test of '1' from client : ACCEPTED
[05Dec2025 01:00:19.919] [Netty Epoll Server IO #1/DEBUG] [net.minecraftforge.network.NetworkRegistry/NETREGISTRY]: Channel 'waystones:network' : Version test of '1.0' from client : ACCEPTED
[05Dec2025 01:00:19.919] [Netty Epoll Server IO #1/DEBUG] [net.minecraftforge.network.NetworkRegistry/NETREGISTRY]: Channel 'jade:networking' : Version test of '2' from client : ACCEPTED
[05Dec2025 01:00:19.919] [Netty Epoll Server IO #1/DEBUG] [net.minecraftforge.network.NetworkRegistry/NETREGISTRY]: Channel 'moonlight:channel' : Version test of '0' from client : ACCEPTED
[05Dec2025 01:00:19.919] [Netty Epoll Server IO #1/DEBUG] [net.minecraftforge.network.NetworkRegistry/NETREGISTRY]: Accepting channel list from client
[05Dec2025 01:00:19.920] [Netty Epoll Server IO #1/DEBUG] [net.minecraftforge.network.HandshakeHandler/FMLHANDSHAKE]: Accepted client connection mod list
[05Dec2025 01:00:19.921] [Server thread/DEBUG] [net.minecraftforge.network.HandshakeHandler/FMLHANDSHAKE]: Sending ticking packet info 'Registry minecraft:sound_event' to 'fml:handshake' sequence 4
[05Dec2025 01:00:19.958] [Netty Epoll Server IO #1/DEBUG] [net.minecraftforge.network.LoginWrapper/FMLHANDSHAKE]: Recieved login wrapper packet event for channel fml:handshake with index 2
[05Dec2025 01:00:19.958] [Netty Epoll Server IO #1/DEBUG] [net.minecraftforge.network.HandshakeHandler/FMLHANDSHAKE]: Received client indexed reply 2 of type net.minecraftforge.network.HandshakeMessages$C2SAcknowledge
[05Dec2025 01:00:19.959] [Netty Epoll Server IO #1/DEBUG] [net.minecraftforge.network.HandshakeHandler/FMLHANDSHAKE]: Received acknowledgement from client
[05Dec2025 01:00:19.971] [Server thread/DEBUG] [net.minecraftforge.network.HandshakeHandler/FMLHANDSHAKE]: Sending ticking packet info 'Registry minecraft:particle_type' to 'fml:handshake' sequence 5
[05Dec2025 01:00:20.005] [Netty Epoll Server IO #1/DEBUG] [net.minecraftforge.network.LoginWrapper/FMLHANDSHAKE]: Recieved login wrapper packet event for channel fml:handshake with index 3
[05Dec2025 01:00:20.005] [Netty Epoll Server IO #1/DEBUG] [net.minecraftforge.network.HandshakeHandler/FMLHANDSHAKE]: Received client indexed reply 3 of type net.minecraftforge.network.HandshakeMessages$C2SAcknowledge
[05Dec2025 01:00:20.005] [Netty Epoll Server IO #1/DEBUG] [net.minecraftforge.network.HandshakeHandler/FMLHANDSHAKE]: Received acknowledgement from client
[05Dec2025 01:00:20.021] [Server thread/DEBUG] [net.minecraftforge.network.HandshakeHandler/FMLHANDSHAKE]: Sending ticking packet info 'Registry minecraft:villager_profession' to 'fml:handshake' sequence 6
[05Dec2025 01:00:20.071] [Server thread/DEBUG] [net.minecraftforge.network.HandshakeHandler/FMLHANDSHAKE]: Sending ticking packet info 'Registry minecraft:item' to 'fml:handshake' sequence 7
[05Dec2025 01:00:20.121] [Server thread/DEBUG] [net.minecraftforge.network.HandshakeHandler/FMLHANDSHAKE]: Sending ticking packet info 'Registry minecraft:potion' to 'fml:handshake' sequence 8
[05Dec2025 01:00:20.171] [Server thread/DEBUG] [net.minecraftforge.network.HandshakeHandler/FMLHANDSHAKE]: Sending ticking packet info 'Registry minecraft:painting_variant' to 'fml:handshake' sequence 9
[05Dec2025 01:00:20.221] [Server thread/DEBUG] [net.minecraftforge.network.HandshakeHandler/FMLHANDSHAKE]: Sending ticking packet info 'Registry forge:fluid_type' to 'fml:handshake' sequence 10
[05Dec2025 01:00:20.225] [Netty Epoll Server IO #1/DEBUG] [net.minecraftforge.network.LoginWrapper/FMLHANDSHAKE]: Recieved login wrapper packet event for channel fml:handshake with index 4
[05Dec2025 01:00:20.225] [Netty Epoll Server IO #1/DEBUG] [net.minecraftforge.network.HandshakeHandler/FMLHANDSHAKE]: Received client indexed reply 4 of type net.minecraftforge.network.HandshakeMessages$C2SAcknowledge
[05Dec2025 01:00:20.225] [Netty Epoll Server IO #1/DEBUG] [net.minecraftforge.network.HandshakeHandler/FMLHANDSHAKE]: Received acknowledgement from client
[05Dec2025 01:00:20.225] [Netty Epoll Server IO #1/DEBUG] [net.minecraftforge.network.LoginWrapper/FMLHANDSHAKE]: Recieved login wrapper packet event for channel fml:handshake with index 5
[05Dec2025 01:00:20.225] [Netty Epoll Server IO #1/DEBUG] [net.minecraftforge.network.HandshakeHandler/FMLHANDSHAKE]: Received client indexed reply 5 of type net.minecraftforge.network.HandshakeMessages$C2SAcknowledge
[05Dec2025 01:00:20.225] [Netty Epoll Server IO #1/DEBUG] [net.minecraftforge.network.HandshakeHandler/FMLHANDSHAKE]: Received acknowledgement from client
[05Dec2025 01:00:20.225] [Netty Epoll Server IO #1/DEBUG] [net.minecraftforge.network.LoginWrapper/FMLHANDSHAKE]: Recieved login wrapper packet event for channel fml:handshake with index 6
[05Dec2025 01:00:20.225] [Netty Epoll Server IO #1/DEBUG] [net.minecraftforge.network.HandshakeHandler/FMLHANDSHAKE]: Received client indexed reply 6 of type net.minecraftforge.network.HandshakeMessages$C2SAcknowledge
[05Dec2025 01:00:20.226] [Netty Epoll Server IO #1/DEBUG] [net.minecraftforge.network.HandshakeHandler/FMLHANDSHAKE]: Received acknowledgement from client
[05Dec2025 01:00:20.271] [Server thread/DEBUG] [net.minecraftforge.network.HandshakeHandler/FMLHANDSHAKE]: Sending ticking packet info 'Registry minecraft:block_entity_type' to 'fml:handshake' sequence 11
[05Dec2025 01:00:20.321] [Server thread/DEBUG] [net.minecraftforge.network.HandshakeHandler/FMLHANDSHAKE]: Sending ticking packet info 'Registry forge:display_contexts' to 'fml:handshake' sequence 12
[05Dec2025 01:00:20.358] [Netty Epoll Server IO #1/DEBUG] [net.minecraftforge.network.LoginWrapper/FMLHANDSHAKE]: Recieved login wrapper packet event for channel fml:handshake with index 7
[05Dec2025 01:00:20.358] [Netty Epoll Server IO #1/DEBUG] [net.minecraftforge.network.HandshakeHandler/FMLHANDSHAKE]: Received client indexed reply 7 of type net.minecraftforge.network.HandshakeMessages$C2SAcknowledge
[05Dec2025 01:00:20.358] [Netty Epoll Server IO #1/DEBUG] [net.minecraftforge.network.HandshakeHandler/FMLHANDSHAKE]: Received acknowledgement from client
[05Dec2025 01:00:20.358] [Netty Epoll Server IO #1/DEBUG] [net.minecraftforge.network.LoginWrapper/FMLHANDSHAKE]: Recieved login wrapper packet event for channel fml:handshake with index 8
[05Dec2025 01:00:20.358] [Netty Epoll Server IO #1/DEBUG] [net.minecraftforge.network.HandshakeHandler/FMLHANDSHAKE]: Received client indexed reply 8 of type net.minecraftforge.network.HandshakeMessages$C2SAcknowledge
[05Dec2025 01:00:20.358] [Netty Epoll Server IO #1/DEBUG] [net.minecraftforge.network.HandshakeHandler/FMLHANDSHAKE]: Received acknowledgement from client
[05Dec2025 01:00:20.358] [Netty Epoll Server IO #1/DEBUG] [net.minecraftforge.network.LoginWrapper/FMLHANDSHAKE]: Recieved login wrapper packet event for channel fml:handshake with index 9
[05Dec2025 01:00:20.358] [Netty Epoll Server IO #1/DEBUG] [net.minecraftforge.network.HandshakeHandler/FMLHANDSHAKE]: Received client indexed reply 9 of type net.minecraftforge.network.HandshakeMessages$C2SAcknowledge
[05Dec2025 01:00:20.359] [Netty Epoll Server IO #1/DEBUG] [net.minecraftforge.network.HandshakeHandler/FMLHANDSHAKE]: Received acknowledgement from client
[05Dec2025 01:00:20.359] [Netty Epoll Server IO #1/DEBUG] [net.minecraftforge.network.LoginWrapper/FMLHANDSHAKE]: Recieved login wrapper packet event for channel fml:handshake with index 10
[05Dec2025 01:00:20.359] [Netty Epoll Server IO #1/DEBUG] [net.minecraftforge.network.HandshakeHandler/FMLHANDSHAKE]: Received client indexed reply 10 of type net.minecraftforge.network.HandshakeMessages$C2SAcknowledge
[05Dec2025 01:00:20.359] [Netty Epoll Server IO #1/DEBUG] [net.minecraftforge.network.HandshakeHandler/FMLHANDSHAKE]: Received acknowledgement from client
[05Dec2025 01:00:20.371] [Server thread/DEBUG] [net.minecraftforge.network.HandshakeHandler/FMLHANDSHAKE]: Sending ticking packet info 'Registry minecraft:block' to 'fml:handshake' sequence 13
[05Dec2025 01:00:20.404] [Netty Epoll Server IO #1/DEBUG] [net.minecraftforge.network.LoginWrapper/FMLHANDSHAKE]: Recieved login wrapper packet event for channel fml:handshake with index 11
[05Dec2025 01:00:20.404] [Netty Epoll Server IO #1/DEBUG] [net.minecraftforge.network.HandshakeHandler/FMLHANDSHAKE]: Received client indexed reply 11 of type net.minecraftforge.network.HandshakeMessages$C2SAcknowledge
[05Dec2025 01:00:20.404] [Netty Epoll Server IO #1/DEBUG] [net.minecraftforge.network.HandshakeHandler/FMLHANDSHAKE]: Received acknowledgement from client
[05Dec2025 01:00:20.421] [Server thread/DEBUG] [net.minecraftforge.network.HandshakeHandler/FMLHANDSHAKE]: Sending ticking packet info 'Registry forge:entity_data_serializers' to 'fml:handshake' sequence 14
[05Dec2025 01:00:20.454] [Netty Epoll Server IO #1/DEBUG] [net.minecraftforge.network.LoginWrapper/FMLHANDSHAKE]: Recieved login wrapper packet event for channel fml:handshake with index 12
[05Dec2025 01:00:20.454] [Netty Epoll Server IO #1/DEBUG] [net.minecraftforge.network.HandshakeHandler/FMLHANDSHAKE]: Received client indexed reply 12 of type net.minecraftforge.network.HandshakeMessages$C2SAcknowledge
[05Dec2025 01:00:20.454] [Netty Epoll Server IO #1/DEBUG] [net.minecraftforge.network.HandshakeHandler/FMLHANDSHAKE]: Received acknowledgement from client
[05Dec2025 01:00:20.471] [Server thread/DEBUG] [net.minecraftforge.network.HandshakeHandler/FMLHANDSHAKE]: Sending ticking packet info 'Registry minecraft:mob_effect' to 'fml:handshake' sequence 15
[05Dec2025 01:00:20.507] [Netty Epoll Server IO #1/DEBUG] [net.minecraftforge.network.LoginWrapper/FMLHANDSHAKE]: Recieved login wrapper packet event for channel fml:handshake with index 13
[05Dec2025 01:00:20.508] [Netty Epoll Server IO #1/DEBUG] [net.minecraftforge.network.HandshakeHandler/FMLHANDSHAKE]: Received client indexed reply 13 of type net.minecraftforge.network.HandshakeMessages$C2SAcknowledge
[05Dec2025 01:00:20.508] [Netty Epoll Server IO #1/DEBUG] [net.minecraftforge.network.HandshakeHandler/FMLHANDSHAKE]: Received acknowledgement from client
[05Dec2025 01:00:20.521] [Server thread/DEBUG] [net.minecraftforge.network.HandshakeHandler/FMLHANDSHAKE]: Sending ticking packet info 'Registry minecraft:stat_type' to 'fml:handshake' sequence 16
[05Dec2025 01:00:20.554] [Netty Epoll Server IO #1/DEBUG] [net.minecraftforge.network.LoginWrapper/FMLHANDSHAKE]: Recieved login wrapper packet event for channel fml:handshake with index 14
[05Dec2025 01:00:20.554] [Netty Epoll Server IO #1/DEBUG] [net.minecraftforge.network.HandshakeHandler/FMLHANDSHAKE]: Received client indexed reply 14 of type net.minecraftforge.network.HandshakeMessages$C2SAcknowledge
[05Dec2025 01:00:20.554] [Netty Epoll Server IO #1/DEBUG] [net.minecraftforge.network.HandshakeHandler/FMLHANDSHAKE]: Received acknowledgement from client
[05Dec2025 01:00:20.571] [Server thread/DEBUG] [net.minecraftforge.network.HandshakeHandler/FMLHANDSHAKE]: Sending ticking packet info 'Registry minecraft:menu' to 'fml:handshake' sequence 17
[05Dec2025 01:00:20.604] [Netty Epoll Server IO #1/DEBUG] [net.minecraftforge.network.LoginWrapper/FMLHANDSHAKE]: Recieved login wrapper packet event for channel fml:handshake with index 15
[05Dec2025 01:00:20.604] [Netty Epoll Server IO #1/DEBUG] [net.minecraftforge.network.HandshakeHandler/FMLHANDSHAKE]: Received client indexed reply 15 of type net.minecraftforge.network.HandshakeMessages$C2SAcknowledge
[05Dec2025 01:00:20.604] [Netty Epoll Server IO #1/DEBUG] [net.minecraftforge.network.HandshakeHandler/FMLHANDSHAKE]: Received acknowledgement from client
[05Dec2025 01:00:20.621] [Server thread/DEBUG] [net.minecraftforge.network.HandshakeHandler/FMLHANDSHAKE]: Sending ticking packet info 'Registry minecraft:enchantment' to 'fml:handshake' sequence 18
[05Dec2025 01:00:20.655] [Netty Epoll Server IO #1/DEBUG] [net.minecraftforge.network.LoginWrapper/FMLHANDSHAKE]: Recieved login wrapper packet event for channel fml:handshake with index 16
[05Dec2025 01:00:20.655] [Netty Epoll Server IO #1/DEBUG] [net.minecraftforge.network.HandshakeHandler/FMLHANDSHAKE]: Received client indexed reply 16 of type net.minecraftforge.network.HandshakeMessages$C2SAcknowledge
[05Dec2025 01:00:20.655] [Netty Epoll Server IO #1/DEBUG] [net.minecraftforge.network.HandshakeHandler/FMLHANDSHAKE]: Received acknowledgement from client
[05Dec2025 01:00:20.671] [Server thread/DEBUG] [net.minecraftforge.network.HandshakeHandler/FMLHANDSHAKE]: Sending ticking packet info 'Registry minecraft:fluid' to 'fml:handshake' sequence 19
[05Dec2025 01:00:20.704] [Netty Epoll Server IO #1/DEBUG] [net.minecraftforge.network.LoginWrapper/FMLHANDSHAKE]: Recieved login wrapper packet event for channel fml:handshake with index 17
[05Dec2025 01:00:20.705] [Netty Epoll Server IO #1/DEBUG] [net.minecraftforge.network.HandshakeHandler/FMLHANDSHAKE]: Received client indexed reply 17 of type net.minecraftforge.network.HandshakeMessages$C2SAcknowledge
[05Dec2025 01:00:20.705] [Netty Epoll Server IO #1/DEBUG] [net.minecraftforge.network.HandshakeHandler/FMLHANDSHAKE]: Received acknowledgement from client
[05Dec2025 01:00:20.721] [Server thread/DEBUG] [net.minecraftforge.network.HandshakeHandler/FMLHANDSHAKE]: Sending ticking packet info 'Registry minecraft:entity_type' to 'fml:handshake' sequence 20
[05Dec2025 01:00:20.755] [Netty Epoll Server IO #1/DEBUG] [net.minecraftforge.network.LoginWrapper/FMLHANDSHAKE]: Recieved login wrapper packet event for channel fml:handshake with index 18
[05Dec2025 01:00:20.755] [Netty Epoll Server IO #1/DEBUG] [net.minecraftforge.network.HandshakeHandler/FMLHANDSHAKE]: Received client indexed reply 18 of type net.minecraftforge.network.HandshakeMessages$C2SAcknowledge
[05Dec2025 01:00:20.755] [Netty Epoll Server IO #1/DEBUG] [net.minecraftforge.network.HandshakeHandler/FMLHANDSHAKE]: Received acknowledgement from client
[05Dec2025 01:00:20.771] [Server thread/DEBUG] [net.minecraftforge.network.HandshakeHandler/FMLHANDSHAKE]: Sending ticking packet info 'Config sit-server.toml' to 'fml:handshake' sequence 21
[05Dec2025 01:00:20.808] [Netty Epoll Server IO #1/DEBUG] [net.minecraftforge.network.LoginWrapper/FMLHANDSHAKE]: Recieved login wrapper packet event for channel fml:handshake with index 19
[05Dec2025 01:00:20.808] [Netty Epoll Server IO #1/DEBUG] [net.minecraftforge.network.HandshakeHandler/FMLHANDSHAKE]: Received client indexed reply 19 of type net.minecraftforge.network.HandshakeMessages$C2SAcknowledge
[05Dec2025 01:00:20.808] [Netty Epoll Server IO #1/DEBUG] [net.minecraftforge.network.HandshakeHandler/FMLHANDSHAKE]: Received acknowledgement from client
[05Dec2025 01:00:20.821] [Server thread/DEBUG] [net.minecraftforge.network.HandshakeHandler/FMLHANDSHAKE]: Sending ticking packet info 'Config parcool-server.toml' to 'fml:handshake' sequence 22
[05Dec2025 01:00:20.871] [Server thread/DEBUG] [net.minecraftforge.network.HandshakeHandler/FMLHANDSHAKE]: Sending ticking packet info 'Config incontrol-server.toml' to 'fml:handshake' sequence 23
[05Dec2025 01:00:20.921] [Server thread/DEBUG] [net.minecraftforge.network.HandshakeHandler/FMLHANDSHAKE]: Sending ticking packet info 'Config reap-server.toml' to 'fml:handshake' sequence 24
[05Dec2025 01:00:20.971] [Server thread/DEBUG] [net.minecraftforge.network.HandshakeHandler/FMLHANDSHAKE]: Sending ticking packet info 'Config inventorysorter-server.toml' to 'fml:handshake' sequence 25
[05Dec2025 01:00:20.989] [Netty Epoll Server IO #1/DEBUG] [net.minecraftforge.network.LoginWrapper/FMLHANDSHAKE]: Recieved login wrapper packet event for channel fml:handshake with index 20
[05Dec2025 01:00:20.989] [Netty Epoll Server IO #1/DEBUG] [net.minecraftforge.network.HandshakeHandler/FMLHANDSHAKE]: Received client indexed reply 20 of type net.minecraftforge.network.HandshakeMessages$C2SAcknowledge
[05Dec2025 01:00:20.989] [Netty Epoll Server IO #1/DEBUG] [net.minecraftforge.network.HandshakeHandler/FMLHANDSHAKE]: Received acknowledgement from client
[05Dec2025 01:00:21.000] [Netty Epoll Server IO #1/DEBUG] [net.minecraftforge.network.LoginWrapper/FMLHANDSHAKE]: Recieved login wrapper packet event for channel fml:handshake with index 21
[05Dec2025 01:00:21.000] [Netty Epoll Server IO #1/DEBUG] [net.minecraftforge.network.HandshakeHandler/FMLHANDSHAKE]: Received client indexed reply 21 of type net.minecraftforge.network.HandshakeMessages$C2SAcknowledge
[05Dec2025 01:00:21.000] [Netty Epoll Server IO #1/DEBUG] [net.minecraftforge.network.HandshakeHandler/FMLHANDSHAKE]: Received acknowledgement from client
[05Dec2025 01:00:21.004] [Netty Epoll Server IO #1/DEBUG] [net.minecraftforge.network.LoginWrapper/FMLHANDSHAKE]: Recieved login wrapper packet event for channel fml:handshake with index 22
[05Dec2025 01:00:21.004] [Netty Epoll Server IO #1/DEBUG] [net.minecraftforge.network.HandshakeHandler/FMLHANDSHAKE]: Received client indexed reply 22 of type net.minecraftforge.network.HandshakeMessages$C2SAcknowledge
[05Dec2025 01:00:21.004] [Netty Epoll Server IO #1/DEBUG] [net.minecraftforge.network.HandshakeHandler/FMLHANDSHAKE]: Received acknowledgement from client
[05Dec2025 01:00:21.005] [Netty Epoll Server IO #1/DEBUG] [net.minecraftforge.network.LoginWrapper/FMLHANDSHAKE]: Recieved login wrapper packet event for channel fml:handshake with index 23
[05Dec2025 01:00:21.005] [Netty Epoll Server IO #1/DEBUG] [net.minecraftforge.network.HandshakeHandler/FMLHANDSHAKE]: Received client indexed reply 23 of type net.minecraftforge.network.HandshakeMessages$C2SAcknowledge
[05Dec2025 01:00:21.005] [Netty Epoll Server IO #1/DEBUG] [net.minecraftforge.network.HandshakeHandler/FMLHANDSHAKE]: Received acknowledgement from client
[05Dec2025 01:00:21.021] [Server thread/DEBUG] [net.minecraftforge.network.HandshakeHandler/FMLHANDSHAKE]: Sending ticking packet info 'Config jei-server.toml' to 'fml:handshake' sequence 26
[05Dec2025 01:00:21.058] [Netty Epoll Server IO #1/DEBUG] [net.minecraftforge.network.LoginWrapper/FMLHANDSHAKE]: Recieved login wrapper packet event for channel fml:handshake with index 24
[05Dec2025 01:00:21.058] [Netty Epoll Server IO #1/DEBUG] [net.minecraftforge.network.HandshakeHandler/FMLHANDSHAKE]: Received client indexed reply 24 of type net.minecraftforge.network.HandshakeMessages$C2SAcknowledge
[05Dec2025 01:00:21.058] [Netty Epoll Server IO #1/DEBUG] [net.minecraftforge.network.HandshakeHandler/FMLHANDSHAKE]: Received acknowledgement from client
[05Dec2025 01:00:21.071] [Server thread/DEBUG] [net.minecraftforge.network.HandshakeHandler/FMLHANDSHAKE]: Sending ticking packet info 'Config curios-server.toml' to 'fml:handshake' sequence 27
[05Dec2025 01:00:21.107] [Netty Epoll Server IO #1/DEBUG] [net.minecraftforge.network.LoginWrapper/FMLHANDSHAKE]: Recieved login wrapper packet event for channel fml:handshake with index 25
[05Dec2025 01:00:21.107] [Netty Epoll Server IO #1/DEBUG] [net.minecraftforge.network.HandshakeHandler/FMLHANDSHAKE]: Received client indexed reply 25 of type net.minecraftforge.network.HandshakeMessages$C2SAcknowledge
[05Dec2025 01:00:21.107] [Netty Epoll Server IO #1/DEBUG] [net.minecraftforge.network.HandshakeHandler/FMLHANDSHAKE]: Received acknowledgement from client
[05Dec2025 01:00:21.121] [Server thread/DEBUG] [net.minecraftforge.network.HandshakeHandler/FMLHANDSHAKE]: Sending ticking packet info 'Config chiselsandbits-server.toml' to 'fml:handshake' sequence 28
[05Dec2025 01:00:21.155] [Netty Epoll Server IO #1/DEBUG] [net.minecraftforge.network.LoginWrapper/FMLHANDSHAKE]: Recieved login wrapper packet event for channel fml:handshake with index 26
[05Dec2025 01:00:21.155] [Netty Epoll Server IO #1/DEBUG] [net.minecraftforge.network.HandshakeHandler/FMLHANDSHAKE]: Received client indexed reply 26 of type net.minecraftforge.network.HandshakeMessages$C2SAcknowledge
[05Dec2025 01:00:21.155] [Netty Epoll Server IO #1/DEBUG] [net.minecraftforge.network.HandshakeHandler/FMLHANDSHAKE]: Received acknowledgement from client
[05Dec2025 01:00:21.171] [Server thread/DEBUG] [net.minecraftforge.network.HandshakeHandler/FMLHANDSHAKE]: Sending ticking packet info 'Config travelersbackpack-server.toml' to 'fml:handshake' sequence 29
[05Dec2025 01:00:21.205] [Netty Epoll Server IO #1/DEBUG] [net.minecraftforge.network.LoginWrapper/FMLHANDSHAKE]: Recieved login wrapper packet event for channel fml:handshake with index 27
[05Dec2025 01:00:21.206] [Netty Epoll Server IO #1/DEBUG] [net.minecraftforge.network.HandshakeHandler/FMLHANDSHAKE]: Received client indexed reply 27 of type net.minecraftforge.network.HandshakeMessages$C2SAcknowledge
[05Dec2025 01:00:21.206] [Netty Epoll Server IO #1/DEBUG] [net.minecraftforge.network.HandshakeHandler/FMLHANDSHAKE]: Received acknowledgement from client
[05Dec2025 01:00:21.221] [Server thread/DEBUG] [net.minecraftforge.network.HandshakeHandler/FMLHANDSHAKE]: Sending ticking packet info 'Config gravestone-server.toml' to 'fml:handshake' sequence 30
[05Dec2025 01:00:21.256] [Netty Epoll Server IO #1/DEBUG] [net.minecraftforge.network.LoginWrapper/FMLHANDSHAKE]: Recieved login wrapper packet event for channel fml:handshake with index 28
[05Dec2025 01:00:21.256] [Netty Epoll Server IO #1/DEBUG] [net.minecraftforge.network.HandshakeHandler/FMLHANDSHAKE]: Received client indexed reply 28 of type net.minecraftforge.network.HandshakeMessages$C2SAcknowledge
[05Dec2025 01:00:21.256] [Netty Epoll Server IO #1/DEBUG] [net.minecraftforge.network.HandshakeHandler/FMLHANDSHAKE]: Received acknowledgement from client
[05Dec2025 01:00:21.271] [Server thread/DEBUG] [net.minecraftforge.network.HandshakeHandler/FMLHANDSHAKE]: Sending ticking packet info 'Config fastleafdecay-server.toml' to 'fml:handshake' sequence 31
[05Dec2025 01:00:21.312] [Netty Epoll Server IO #1/DEBUG] [net.minecraftforge.network.LoginWrapper/FMLHANDSHAKE]: Recieved login wrapper packet event for channel fml:handshake with index 29
[05Dec2025 01:00:21.312] [Netty Epoll Server IO #1/DEBUG] [net.minecraftforge.network.HandshakeHandler/FMLHANDSHAKE]: Received client indexed reply 29 of type net.minecraftforge.network.HandshakeMessages$C2SAcknowledge
[05Dec2025 01:00:21.313] [Netty Epoll Server IO #1/DEBUG] [net.minecraftforge.network.HandshakeHandler/FMLHANDSHAKE]: Received acknowledgement from client
[05Dec2025 01:00:21.321] [Server thread/DEBUG] [net.minecraftforge.network.HandshakeHandler/FMLHANDSHAKE]: Sending ticking packet info 'Config lostcities-server.toml' to 'fml:handshake' sequence 32
[05Dec2025 01:00:21.358] [Netty Epoll Server IO #1/DEBUG] [net.minecraftforge.network.LoginWrapper/FMLHANDSHAKE]: Recieved login wrapper packet event for channel fml:handshake with index 30
[05Dec2025 01:00:21.358] [Netty Epoll Server IO #1/DEBUG] [net.minecraftforge.network.HandshakeHandler/FMLHANDSHAKE]: Received client indexed reply 30 of type net.minecraftforge.network.HandshakeMessages$C2SAcknowledge
[05Dec2025 01:00:21.358] [Netty Epoll Server IO #1/DEBUG] [net.minecraftforge.network.HandshakeHandler/FMLHANDSHAKE]: Received acknowledgement from client
[05Dec2025 01:00:21.371] [Server thread/DEBUG] [net.minecraftforge.network.HandshakeHandler/FMLHANDSHAKE]: Sending ticking packet info 'Config xptome-server.toml' to 'fml:handshake' sequence 33
[05Dec2025 01:00:21.405] [Netty Epoll Server IO #1/DEBUG] [net.minecraftforge.network.LoginWrapper/FMLHANDSHAKE]: Recieved login wrapper packet event for channel fml:handshake with index 31
[05Dec2025 01:00:21.406] [Netty Epoll Server IO #1/DEBUG] [net.minecraftforge.network.HandshakeHandler/FMLHANDSHAKE]: Received client indexed reply 31 of type net.minecraftforge.network.HandshakeMessages$C2SAcknowledge
[05Dec2025 01:00:21.406] [Netty Epoll Server IO #1/DEBUG] [net.minecraftforge.network.HandshakeHandler/FMLHANDSHAKE]: Received acknowledgement from client
[05Dec2025 01:00:21.421] [Server thread/DEBUG] [net.minecraftforge.network.HandshakeHandler/FMLHANDSHAKE]: Sending ticking packet info 'Config forge-server.toml' to 'fml:handshake' sequence 34
[05Dec2025 01:00:21.458] [Netty Epoll Server IO #1/DEBUG] [net.minecraftforge.network.LoginWrapper/FMLHANDSHAKE]: Recieved login wrapper packet event for channel fml:handshake with index 32
[05Dec2025 01:00:21.458] [Netty Epoll Server IO #1/DEBUG] [net.minecraftforge.network.HandshakeHandler/FMLHANDSHAKE]: Received client indexed reply 32 of type net.minecraftforge.network.HandshakeMessages$C2SAcknowledge
[05Dec2025 01:00:21.458] [Netty Epoll Server IO #1/DEBUG] [net.minecraftforge.network.HandshakeHandler/FMLHANDSHAKE]: Received acknowledgement from client
[05Dec2025 01:00:21.505] [Netty Epoll Server IO #1/DEBUG] [net.minecraftforge.network.LoginWrapper/FMLHANDSHAKE]: Recieved login wrapper packet event for channel fml:handshake with index 33
[05Dec2025 01:00:21.505] [Netty Epoll Server IO #1/DEBUG] [net.minecraftforge.network.HandshakeHandler/FMLHANDSHAKE]: Received client indexed reply 33 of type net.minecraftforge.network.HandshakeMessages$C2SAcknowledge
[05Dec2025 01:00:21.505] [Netty Epoll Server IO #1/DEBUG] [net.minecraftforge.network.HandshakeHandler/FMLHANDSHAKE]: Received acknowledgement from client
[05Dec2025 01:00:21.560] [Netty Epoll Server IO #1/DEBUG] [net.minecraftforge.network.LoginWrapper/FMLHANDSHAKE]: Recieved login wrapper packet event for channel fml:handshake with index 34
[05Dec2025 01:00:21.560] [Netty Epoll Server IO #1/DEBUG] [net.minecraftforge.network.HandshakeHandler/FMLHANDSHAKE]: Received client indexed reply 34 of type net.minecraftforge.network.HandshakeMessages$C2SAcknowledge
[05Dec2025 01:00:21.560] [Netty Epoll Server IO #1/DEBUG] [net.minecraftforge.network.HandshakeHandler/FMLHANDSHAKE]: Received acknowledgement from client
[05Dec2025 01:00:21.571] [Server thread/DEBUG] [net.minecraftforge.network.HandshakeHandler/FMLHANDSHAKE]: Handshake complete!
[05Dec2025 01:00:21.624] [Server thread/DEBUG] [mixin/]: Mixing accessors.item.AccessorItemCooldowns from bookshelf.common.mixins.json into net.minecraft.world.item.ItemCooldowns
[05Dec2025 01:00:21.630] [Server thread/WARN] [net.minecraft.network.syncher.SynchedEntityData/]: defineId called for: class net.minecraft.world.entity.player.Player from class tschipp.carryon.common.carry.CarryOnDataManager
[05Dec2025 01:00:21.642] [Server thread/DEBUG] [mixin/]: Mixing AbilitiesMixin from attributeslib.mixins.json into net.minecraft.world.entity.player.Abilities
[05Dec2025 01:00:21.655] [Server thread/DEBUG] [mixin/]: Mixing PlayerAdvancementsMixin from iceberg.mixins.json into net.minecraft.server.PlayerAdvancements
[05Dec2025 01:00:21.699] [Server thread/INFO] [net.minecraft.server.players.PlayerList/]: zxymatthewyxz[/100.84.145.86:50918] logged in with entity id 98 at (466.32493479246034, 62.18988120660522, 376.3948530241288)
[05Dec2025 01:00:21.710] [Server thread/DEBUG] [net.minecraftforge.network.filters.NetworkFilters/]: Injected net.minecraftforge.network.filters.ForgeConnectionNetworkFilter@1979369e into net.minecraft.network.Connection@737077d0
[05Dec2025 01:00:21.730] [Server thread/DEBUG] [ModernFix/]: Sending ID correction packet to client with 247 classes
[05Dec2025 01:00:21.731] [Server thread/DEBUG] [mixin/]: Mixing PacketDistributorHackMixin from moonlight.mixins.json into net.minecraftforge.network.PacketDistributor
[05Dec2025 01:00:21.792] [Server thread/INFO] [ModernFix/]: Using enhanced recipe sync for player zxymatthewyxz
[05Dec2025 01:00:21.808] [Netty Epoll Server IO #1/DEBUG] [se.mickelus.tetra.items.modular.IModularItem/]: Gathering properties for  (40f0dd62-4904-4846-9585-dcce1b5f32ab)
[05Dec2025 01:00:21.814] [Netty Epoll Server IO #1/DEBUG] [se.mickelus.tetra.items.modular.IModularItem/]: Gathering properties for  (d21c5dc4-f5de-4829-b155-09408b49cfc3)
[05Dec2025 01:00:21.818] [Netty Epoll Server IO #1/DEBUG] [se.mickelus.tetra.items.modular.IModularItem/]: Gathering properties for  (926fb0d2-0e40-48e9-a933-06c552c8b0ed)
[05Dec2025 01:00:21.821] [Netty Epoll Server IO #1/DEBUG] [se.mickelus.tetra.items.modular.IModularItem/]: Gathering properties for  (a6fba635-4540-4c6e-8719-b097e9a49cf4)
[05Dec2025 01:00:21.823] [Netty Epoll Server IO #1/DEBUG] [se.mickelus.tetra.items.modular.IModularItem/]: Gathering properties for  (03f82617-6e49-4351-ba56-a3a0f2166412)
[05Dec2025 01:00:21.827] [Netty Epoll Server IO #1/DEBUG] [se.mickelus.tetra.items.modular.IModularItem/]: Gathering properties for  (c2783bc8-6f22-4f62-b464-80cb96403556)
[05Dec2025 01:00:21.828] [Netty Epoll Server IO #1/DEBUG] [se.mickelus.tetra.items.modular.IModularItem/]: Gathering properties for  (78b6924d-3506-43be-a1e7-9ae990c38570)
[05Dec2025 01:00:21.829] [Netty Epoll Server IO #1/DEBUG] [se.mickelus.tetra.items.modular.IModularItem/]: Gathering properties for  (5fc9fae8-6c21-4cb0-a465-f039ee94c800)
[05Dec2025 01:00:21.839] [Netty Epoll Server IO #1/DEBUG] [se.mickelus.tetra.items.modular.IModularItem/]: Gathering properties for  (9503de92-046c-4d61-8afe-8c0d71c6afae)
[05Dec2025 01:00:21.840] [Netty Epoll Server IO #1/DEBUG] [se.mickelus.tetra.items.modular.IModularItem/]: Gathering properties for  (aaed8d9d-8b15-48fe-a03e-de1ebe112080)
[05Dec2025 01:00:21.844] [Netty Epoll Server IO #1/DEBUG] [se.mickelus.tetra.items.modular.IModularItem/]: Gathering properties for  (fbed6076-3f87-4795-b49b-f47f313b7e4e)
[05Dec2025 01:00:21.846] [Netty Epoll Server IO #1/DEBUG] [se.mickelus.tetra.items.modular.IModularItem/]: Gathering properties for  (166d477c-c7fe-4dc8-acee-aa5e431147d9)
[05Dec2025 01:00:21.858] [Server thread/INFO] [net.minecraft.server.MinecraftServer/]: zxymatthewyxz joined the game
[05Dec2025 01:00:21.904] [Server thread/INFO] [se.mickelus.tetra.data.DataManager/]: Sending data to client: zxymatthewyxz
[05Dec2025 01:00:21.923] [Server thread/INFO] [Jade/]: Syncing config to zxymatthewyxz (433be659-15d5-3745-9436-55cee3bfccfc)
[05Dec2025 01:00:21.971] [Worker-Main-7/DEBUG] [Smooth Boot (Reloaded)/]: Initialized Worker-Main-39
[05Dec2025 01:00:21.988] [Server thread/DEBUG] [Smooth Boot (Reloaded)/]: Initialized IO-Worker-40
[05Dec2025 01:00:21.993] [IO-Worker-40/DEBUG] [Smooth Boot (Reloaded)/]: Initialized IO-Worker-41
[05Dec2025 01:00:21.996] [IO-Worker-40/DEBUG] [Smooth Boot (Reloaded)/]: Initialized IO-Worker-42
[05Dec2025 01:00:21.998] [IO-Worker-41/DEBUG] [Smooth Boot (Reloaded)/]: Initialized IO-Worker-43
[05Dec2025 01:00:22.000] [IO-Worker-41/DEBUG] [Smooth Boot (Reloaded)/]: Initialized IO-Worker-44
[05Dec2025 01:00:22.001] [IO-Worker-40/DEBUG] [Smooth Boot (Reloaded)/]: Initialized IO-Worker-45
[05Dec2025 01:00:22.332] [Server thread/INFO] [com.alrex.parcool.ParCool/]: Limitation of 433be659-15d5-3745-9436-55cee3bfccfc was loaded
[05Dec2025 01:00:22.333] [Server thread/INFO] [com.alrex.parcool.ParCool/]: Sent Server Limitation of [zxymatthewyxz]
[05Dec2025 01:00:22.334] [Server thread/INFO] [com.alrex.parcool.ParCool/]: Received Client Information of [zxymatthewyxz]
[05Dec2025 01:00:26.384] [IO-Worker-43/DEBUG] [Smooth Boot (Reloaded)/]: Initialized IO-Worker-46
[05Dec2025 01:00:29.433] [Server thread/INFO] [net.minecraft.world.entity.npc.Villager/]: Villager Villager['Unemployed'/164, l='ServerLevel[world]', x=448.15, y=63.00, z=440.70] died, message: 'Unemployed died'
[05Dec2025 01:00:30.186] [Server thread/INFO] [net.minecraft.world.entity.npc.Villager/]: Villager Villager['Jujutsu Sorcerer'/149, l='ServerLevel[world]', x=489.50, y=63.00, z=352.50] died, message: 'Jujutsu Sorcerer died'
[05Dec2025 01:00:43.046] [Server thread/INFO] [net.minecraft.server.MinecraftServer/]: [zxymatthewyxz: Set own game mode to Creative Mode]
[05Dec2025 01:00:46.487] [Server thread/INFO] [net.minecraft.world.entity.npc.Villager/]: Villager Villager['Jujutsu Sorcerer'/119, l='ServerLevel[world]', x=489.48, y=63.00, z=394.55] died, message: 'Jujutsu Sorcerer died'
[05Dec2025 01:00:53.330] [Server thread/INFO] [net.minecraft.world.entity.npc.Villager/]: Villager Villager['Unemployed'/165, l='ServerLevel[world]', x=460.30, y=64.25, z=431.39] died, message: 'Unemployed died'
[05Dec2025 01:00:53.928] [Server thread/INFO] [net.minecraft.world.entity.npc.Villager/]: Villager Villager['Unemployed'/129, l='ServerLevel[world]', x=464.50, y=66.00, z=411.50] died, message: 'Unemployed died'
[05Dec2025 01:01:19.531] [Server thread/DEBUG] [mixin/]: Mixing accessors.item.AccessorCooldownInstance from bookshelf.common.mixins.json into net.minecraft.world.item.ItemCooldowns$CooldownInstance
[05Dec2025 01:01:26.751] [Server thread/INFO] [net.minecraft.world.entity.npc.Villager/]: Villager Villager['Jujutsu Sorcerer'/104, l='ServerLevel[world]', x=468.50, y=63.00, z=373.50] died, message: 'Jujutsu Sorcerer died'
[05Dec2025 01:01:29.249] [Worker-Main-28/DEBUG] [mixin/]: Mixing perf.worldgen_allocation.NoiseChunkMixin from modernfix-common.mixins.json into net.minecraft.world.level.levelgen.NoiseChunk
[05Dec2025 01:01:29.315] [Worker-Main-28/DEBUG] [mixin/]: Mixing perf.worldgen_allocation.MaterialRuleListMixin from modernfix-common.mixins.json into net.minecraft.world.level.levelgen.material.MaterialRuleList
[05Dec2025 01:01:30.088] [Worker-Main-2/DEBUG] [mixin/]: Mixing perf.worldgen_allocation.SurfaceRulesContextMixin from modernfix-common.mixins.json into net.minecraft.world.level.levelgen.SurfaceRules$Context
[05Dec2025 01:01:30.095] [Worker-Main-2/DEBUG] [mixin/]: Mixing perf.worldgen_allocation.SurfaceRulesMixin from modernfix-common.mixins.json into net.minecraft.world.level.levelgen.SurfaceRules$VerticalGradientConditionSource$1VerticalGradientCondition
[05Dec2025 01:01:30.096] [Worker-Main-2/DEBUG] [mixin/]: Mixing perf.worldgen_allocation.SurfaceRulesMixin from modernfix-common.mixins.json into net.minecraft.world.level.levelgen.SurfaceRules$StoneDepthCheck$1StoneDepthCondition
[05Dec2025 01:01:30.097] [Worker-Main-2/DEBUG] [mixin/]: Mixing perf.worldgen_allocation.SurfaceRulesMixin from modernfix-common.mixins.json into net.minecraft.world.level.levelgen.SurfaceRules$BiomeConditionSource$1BiomeCondition
[05Dec2025 01:01:30.098] [Worker-Main-2/DEBUG] [mixin/]: Mixing perf.worldgen_allocation.SurfaceRulesMixin from modernfix-common.mixins.json into net.minecraft.world.level.levelgen.SurfaceRules$YConditionSource$1YCondition
[05Dec2025 01:01:30.100] [Worker-Main-2/DEBUG] [mixin/]: Mixing perf.worldgen_allocation.SurfaceRulesMixin from modernfix-common.mixins.json into net.minecraft.world.level.levelgen.SurfaceRules$WaterConditionSource$1WaterCondition
[05Dec2025 01:01:30.101] [Worker-Main-2/DEBUG] [mixin/]: Mixing perf.worldgen_allocation.SequenceRuleMixin from modernfix-common.mixins.json into net.minecraft.world.level.levelgen.SurfaceRules$SequenceRule
[05Dec2025 01:01:30.237] [Worker-Main-31/WARN] [net.minecraft.world.level.levelgen.heightproviders.UniformHeight/]: Empty height range: [6 above bottom--1 absolute]
[05Dec2025 01:01:35.940] [Server thread/INFO] [net.minecraft.server.MinecraftServer/]: [zxymatthewyxz: Set own game mode to Survival Mode]
[05Dec2025 01:01:36.834] [Server thread/INFO] [net.minecraft.world.entity.npc.Villager/]: Villager Villager['Unemployed'/211, l='ServerLevel[world]', x=374.18, y=63.00, z=338.57] died, message: 'Unemployed died'
[05Dec2025 01:01:36.835] [Server thread/INFO] [net.minecraft.world.entity.npc.Villager/]: Villager Villager['Farmer'/212, l='ServerLevel[world]', x=374.56, y=63.00, z=339.32] died, message: 'Farmer died'
[05Dec2025 01:01:36.837] [Server thread/INFO] [net.minecraft.world.entity.npc.Villager/]: Villager Villager['Farmer'/213, l='ServerLevel[world]', x=371.53, y=64.00, z=339.07] died, message: 'Farmer died'
[05Dec2025 01:01:42.796] [Server thread/INFO] [net.minecraft.world.entity.npc.Villager/]: Villager Villager['Unemployed'/128, l='ServerLevel[world]', x=466.50, y=66.00, z=414.51] died, message: 'Unemployed died'
[05Dec2025 01:01:55.191] [Server thread/INFO] [net.minecraft.world.entity.npc.Villager/]: Villager Villager['Jujutsu Sorcerer'/102, l='ServerLevel[world]', x=441.40, y=63.00, z=395.52] died, message: 'Jujutsu Sorcerer died'
[05Dec2025 01:01:55.999] [Server thread/INFO] [net.minecraft.world.entity.npc.Villager/]: Villager Villager['Shepherd'/133, l='ServerLevel[world]', x=430.99, y=65.88, z=382.57] died, message: 'Shepherd died'
[05Dec2025 01:02:05.398] [Server thread/INFO] [net.minecraft.world.entity.npc.Villager/]: Villager Villager['Jujutsu Sorcerer'/178, l='ServerLevel[world]', x=445.57, y=63.00, z=440.85] died, message: 'Jujutsu Sorcerer died'
[05Dec2025 01:02:06.503] [Server thread/INFO] [net.minecraft.world.entity.npc.Villager/]: Villager Villager['Unemployed'/117, l='ServerLevel[world]', x=517.86, y=67.00, z=370.45] died, message: 'Unemployed died'
[05Dec2025 01:02:06.504] [Server thread/INFO] [net.minecraft.world.entity.npc.Villager/]: Villager Villager['Jujutsu Sorcerer'/124, l='ServerLevel[world]', x=507.54, y=63.00, z=370.50] died, message: 'Jujutsu Sorcerer died'
[05Dec2025 01:02:06.541] [Server thread/INFO] [net.minecraft.world.entity.npc.Villager/]: Villager Villager['Fisherman'/99, l='ServerLevel[world]', x=512.90, y=63.00, z=369.50] died, message: 'Fisherman died'
[05Dec2025 01:02:09.193] [Server thread/INFO] [net.minecraft.world.entity.npc.Villager/]: Villager Villager['Farmer'/134, l='ServerLevel[world]', x=437.70, y=64.00, z=382.30] died, message: 'Farmer died'
[05Dec2025 01:02:43.976] [Server thread/INFO] [net.minecraft.world.entity.npc.Villager/]: Villager Villager['Fisherman'/135, l='ServerLevel[world]', x=440.32, y=63.00, z=365.73] died, message: 'Fisherman died'
[05Dec2025 01:02:43.978] [Server thread/INFO] [net.minecraft.world.entity.npc.Villager/]: Villager Villager['Fisherman'/136, l='ServerLevel[world]', x=440.56, y=63.00, z=365.08] died, message: 'Fisherman died'
[05Dec2025 01:02:52.590] [Server thread/INFO] [net.minecraft.world.entity.npc.Villager/]: Villager Villager['Butcher'/151, l='ServerLevel[world]', x=486.81, y=63.00, z=353.19] died, message: 'Butcher died'
[05Dec2025 01:02:52.683] [Server thread/INFO] [net.minecraft.world.entity.npc.Villager/]: Villager Villager['Farmer'/144, l='ServerLevel[world]', x=493.70, y=64.00, z=347.70] died, message: 'Farmer died'
[05Dec2025 01:02:57.708] [IO-Worker-45/DEBUG] [Smooth Boot (Reloaded)/]: Initialized IO-Worker-47
[05Dec2025 01:03:04.901] [Server thread/INFO] [net.minecraft.world.entity.npc.Villager/]: Villager Villager['Jujutsu Sorcerer'/186, l='ServerLevel[world]', x=384.54, y=65.23, z=355.72] died, message: 'Jujutsu Sorcerer died'
[05Dec2025 01:03:14.089] [Server thread/INFO] [net.minecraft.world.entity.npc.Villager/]: Villager Villager['Unemployed'/159, l='ServerLevel[world]', x=403.83, y=69.00, z=379.02] died, message: 'Unemployed died'
[05Dec2025 01:03:14.144] [Server thread/INFO] [net.minecraft.world.entity.npc.Villager/]: Villager Villager['Unemployed'/158, l='ServerLevel[world]', x=402.84, y=69.00, z=379.03] died, message: 'Unemployed died'
[05Dec2025 01:03:22.940] [Server thread/INFO] [net.minecraft.world.entity.npc.Villager/]: Villager Villager['Jujutsu Sorcerer'/113, l='ServerLevel[world]', x=477.97, y=62.00, z=380.33] died, message: 'Jujutsu Sorcerer died'
[05Dec2025 01:03:26.413] [Server thread/DEBUG] [Smooth Boot (Reloaded)/]: Initialized IO-Worker-48
[05Dec2025 01:04:07.145] [Server thread/INFO] [net.minecraft.world.entity.npc.Villager/]: Villager Villager['Farmer'/107, l='ServerLevel[world]', x=496.80, y=63.00, z=410.50] died, message: 'Farmer died'
[05Dec2025 01:04:11.375] [Server thread/DEBUG] [net.minecraftforge.common.ForgeHooks/WP]: Gathering id map for writing to world save world
[05Dec2025 01:04:11.384] [Server thread/DEBUG] [net.minecraftforge.common.ForgeHooks/WP]: ID Map collection complete world
[05Dec2025 01:04:16.883] [Server thread/INFO] [net.minecraft.world.entity.npc.Villager/]: Villager Villager['Jujutsu Sorcerer'/187, l='ServerLevel[world]', x=384.30, y=66.00, z=354.49] died, message: 'Jujutsu Sorcerer died'
[05Dec2025 01:04:19.286] [Server thread/INFO] [net.minecraft.world.entity.npc.Villager/]: Villager Villager['Unemployed'/205, l='ServerLevel[world]', x=501.74, y=76.50, z=450.05] died, message: 'Unemployed died'
[05Dec2025 01:04:19.334] [Server thread/INFO] [net.minecraft.world.entity.npc.Villager/]: Villager Villager['Fisherman'/246, l='ServerLevel[world]', x=502.99, y=72.42, z=447.33] died, message: 'Fisherman died'
[05Dec2025 01:04:19.586] [Server thread/INFO] [net.minecraft.world.entity.npc.Villager/]: Villager Villager['Fisherman'/106, l='ServerLevel[world]', x=497.16, y=69.55, z=438.70] died, message: 'Fisherman died'
[05Dec2025 01:04:19.686] [Server thread/INFO] [net.minecraft.world.entity.npc.Villager/]: Villager Villager['Fisherman'/204, l='ServerLevel[world]', x=490.66, y=71.01, z=450.02] died, message: 'Fisherman died'
[05Dec2025 01:04:20.438] [Server thread/INFO] [net.minecraft.world.entity.npc.Villager/]: Villager Villager['Fisherman'/109, l='ServerLevel[world]', x=510.30, y=64.78, z=432.70] died, message: 'Fisherman died'
[05Dec2025 01:04:31.433] [Server thread/INFO] [net.minecraft.world.entity.npc.Villager/]: Villager Villager['Jujutsu Sorcerer'/108, l='ServerLevel[world]', x=403.48, y=67.18, z=439.77] died, message: 'Jujutsu Sorcerer died'
[05Dec2025 01:04:46.231] [Server thread/INFO] [net.minecraft.world.entity.npc.Villager/]: Villager Villager['Jujutsu Sorcerer'/206, l='ServerLevel[world]', x=414.99, y=63.00, z=425.01] died, message: 'Jujutsu Sorcerer died'
[05Dec2025 01:05:13.097] [Server thread/INFO] [net.minecraft.world.entity.npc.Villager/]: Villager Villager['Unemployed'/313, l='ServerLevel[world]', x=351.51, y=79.00, z=455.52] died, message: 'Unemployed died'
[05Dec2025 01:05:13.105] [Server thread/INFO] [net.minecraft.world.entity.npc.Villager/]: Villager Villager['Unemployed'/152, l='ServerLevel[world]', x=423.07, y=77.00, z=403.48] died, message: 'Unemployed died'
[05Dec2025 01:05:13.106] [Server thread/INFO] [net.minecraft.world.entity.npc.Villager/]: Villager Villager['Unemployed'/239, l='ServerLevel[world]', x=369.82, y=76.50, z=395.69] died, message: 'Unemployed died'
[05Dec2025 01:05:13.107] [Server thread/INFO] [net.minecraft.world.entity.npc.Villager/]: Villager Villager['Unemployed'/241, l='ServerLevel[world]', x=369.06, y=77.00, z=394.89] died, message: 'Unemployed died'
[05Dec2025 01:05:13.108] [Server thread/INFO] [net.minecraft.world.entity.npc.Villager/]: Villager Villager['Fisherman'/169, l='ServerLevel[world]', x=469.25, y=72.00, z=449.54] died, message: 'Fisherman died'
[05Dec2025 01:05:13.109] [Server thread/INFO] [net.minecraft.world.entity.npc.Villager/]: Villager Villager['Unemployed'/200, l='ServerLevel[world]', x=476.50, y=78.00, z=456.41] died, message: 'Unemployed died'
[05Dec2025 01:05:13.111] [Server thread/INFO] [net.minecraft.world.entity.npc.Villager/]: Villager Villager['Jujutsu Sorcerer'/227, l='ServerLevel[world]', x=378.08, y=64.00, z=394.48] died, message: 'Jujutsu Sorcerer died'
[05Dec2025 01:05:13.112] [Server thread/INFO] [net.minecraft.world.entity.npc.Villager/]: Villager Villager['Fisherman'/163, l='ServerLevel[world]', x=461.28, y=63.00, z=431.51] died, message: 'Fisherman died'
[05Dec2025 01:05:13.113] [Server thread/INFO] [net.minecraft.world.entity.npc.Villager/]: Villager Villager['Jujutsu Sorcerer'/269, l='ServerLevel[world]', x=320.08, y=62.52, z=419.10] died, message: 'Jujutsu Sorcerer died'
[05Dec2025 01:05:13.116] [Server thread/INFO] [net.minecraft.world.entity.npc.Villager/]: Villager Villager['Unemployed'/305, l='ServerLevel[world]', x=315.04, y=62.48, z=406.97] died, message: 'Unemployed died'
[05Dec2025 01:05:13.116] [Server thread/INFO] [net.minecraft.world.entity.npc.Villager/]: Villager Villager['Unemployed'/303, l='ServerLevel[world]', x=314.08, y=62.49, z=407.92] died, message: 'Unemployed died'
[05Dec2025 01:05:13.125] [Server thread/INFO] [net.minecraft.world.entity.npc.Villager/]: Villager Villager['Farmer'/160, l='ServerLevel[world]', x=408.76, y=64.00, z=317.50] died, message: 'Farmer died'
[05Dec2025 01:05:13.127] [Server thread/INFO] [net.minecraft.world.entity.npc.Villager/]: Villager Villager['Unemployed'/214, l='ServerLevel[world]', x=370.51, y=69.05, z=342.50] died, message: 'Unemployed died'
[05Dec2025 01:05:13.128] [Server thread/INFO] [net.minecraft.world.entity.npc.Villager/]: Villager Villager['Farmer'/155, l='ServerLevel[world]', x=403.83, y=63.00, z=347.17] died, message: 'Farmer died'
[05Dec2025 01:05:19.396] [IO-Worker-44/DEBUG] [Smooth Boot (Reloaded)/]: Initialized IO-Worker-49
[05Dec2025 01:05:19.397] [IO-Worker-48/DEBUG] [Smooth Boot (Reloaded)/]: Initialized IO-Worker-50
[05Dec2025 01:05:26.322] [Server thread/WARN] [net.minecraft.server.MinecraftServer/]: Can't keep up! Is the server overloaded? Running 2052ms or 41 ticks behind
[05Dec2025 01:05:27.864] [Server thread/INFO] [net.minecraft.server.MinecraftServer/]: zxymatthewyxz died
[05Dec2025 01:05:30.336] [Server thread/INFO] [com.alrex.parcool.ParCool/]: Sent Server Limitation of [zxymatthewyxz]
[05Dec2025 01:05:30.337] [Server thread/INFO] [com.alrex.parcool.ParCool/]: Received Client Information of [zxymatthewyxz]
[05Dec2025 01:05:44.529] [Server thread/INFO] [net.minecraft.server.network.ServerGamePacketListenerImpl/]: zxymatthewyxz lost connection: Disconnected
[05Dec2025 01:05:44.529] [Server thread/INFO] [net.minecraft.server.MinecraftServer/]: zxymatthewyxz left the game
[05Dec2025 01:05:44.530] [Server thread/INFO] [com.alrex.parcool.ParCool/]: Limitation of 433be659-15d5-3745-9436-55cee3bfccfc was unloaded
[05Dec2025 01:05:57.025] [Server thread/INFO] [net.minecraft.server.MinecraftServer/]: Stopping the server
[05Dec2025 01:05:57.077] [Server thread/DEBUG] [lain.mods.cos.init.forge.ForgeCosmeticArmorReworked/]: Server is stopping... try to save all still loaded CosmeticArmor data
[05Dec2025 01:05:57.079] [Server thread/INFO] [net.minecraft.server.MinecraftServer/]: Stopping server
[05Dec2025 01:05:57.079] [Server thread/INFO] [net.minecraft.server.MinecraftServer/]: Saving players
[05Dec2025 01:05:57.079] [Server thread/INFO] [net.minecraft.server.MinecraftServer/]: Saving worlds
[05Dec2025 01:05:57.169] [Server thread/INFO] [net.minecraft.server.MinecraftServer/]: Saving chunks for level 'ServerLevel[world]'/minecraft:overworld
[05Dec2025 01:05:57.273] [Server thread/INFO] [net.minecraft.server.MinecraftServer/]: Saving chunks for level 'ServerLevel[world]'/lostcities:lostcity
[05Dec2025 01:05:57.275] [Server thread/INFO] [net.minecraft.server.MinecraftServer/]: Saving chunks for level 'ServerLevel[world]'/minecraft:the_end
[05Dec2025 01:05:57.277] [Server thread/INFO] [net.minecraft.server.MinecraftServer/]: Saving chunks for level 'ServerLevel[world]'/minecraft:the_nether
[05Dec2025 01:05:57.278] [Server thread/INFO] [net.minecraft.server.MinecraftServer/]: Saving chunks for level 'ServerLevel[world]'/jujutsucraft:cursed_spirit_manipulation_dimension
[05Dec2025 01:05:57.286] [Server thread/DEBUG] [net.minecraftforge.common.ForgeHooks/WP]: Gathering id map for writing to world save world
[05Dec2025 01:05:57.293] [Server thread/DEBUG] [net.minecraftforge.common.ForgeHooks/WP]: ID Map collection complete world
[05Dec2025 01:05:57.312] [Server thread/INFO] [net.minecraft.server.MinecraftServer/]: ThreadedAnvilChunkStorage (world): All chunks are saved
[05Dec2025 01:05:57.313] [Server thread/INFO] [net.minecraft.server.MinecraftServer/]: ThreadedAnvilChunkStorage (lostcity): All chunks are saved
[05Dec2025 01:05:57.313] [Server thread/INFO] [net.minecraft.server.MinecraftServer/]: ThreadedAnvilChunkStorage (DIM1): All chunks are saved
[05Dec2025 01:05:57.314] [Server thread/INFO] [net.minecraft.server.MinecraftServer/]: ThreadedAnvilChunkStorage (DIM-1): All chunks are saved
[05Dec2025 01:05:57.314] [Server thread/INFO] [net.minecraft.server.MinecraftServer/]: ThreadedAnvilChunkStorage (cursed_spirit_manipulation_dimension): All chunks are saved
[05Dec2025 01:05:57.315] [Server thread/INFO] [net.minecraft.server.MinecraftServer/]: ThreadedAnvilChunkStorage: All dimensions are saved
[05Dec2025 01:05:57.349] [Worker-Main-34/DEBUG] [Smooth Boot (Reloaded)/]: Worker-Main-34 shutdown
[05Dec2025 01:05:57.349] [Worker-Main-11/DEBUG] [Smooth Boot (Reloaded)/]: Worker-Main-11 shutdown
[05Dec2025 01:05:57.349] [Worker-Main-2/DEBUG] [Smooth Boot (Reloaded)/]: Worker-Main-2 shutdown
[05Dec2025 01:05:57.349] [Worker-Main-15/DEBUG] [Smooth Boot (Reloaded)/]: Worker-Main-15 shutdown
[05Dec2025 01:05:57.350] [Worker-Main-33/DEBUG] [Smooth Boot (Reloaded)/]: Worker-Main-33 shutdown
[05Dec2025 01:05:57.350] [Worker-Main-18/DEBUG] [Smooth Boot (Reloaded)/]: Worker-Main-18 shutdown
[05Dec2025 01:05:57.350] [Worker-Main-12/DEBUG] [Smooth Boot (Reloaded)/]: Worker-Main-12 shutdown
[05Dec2025 01:05:57.350] [Worker-Main-3/DEBUG] [Smooth Boot (Reloaded)/]: Worker-Main-3 shutdown
[05Dec2025 01:05:57.350] [Worker-Main-17/DEBUG] [Smooth Boot (Reloaded)/]: Worker-Main-17 shutdown
[05Dec2025 01:05:57.350] [Worker-Main-31/DEBUG] [Smooth Boot (Reloaded)/]: Worker-Main-31 shutdown
[05Dec2025 01:05:57.350] [Worker-Main-6/DEBUG] [Smooth Boot (Reloaded)/]: Worker-Main-6 shutdown
[05Dec2025 01:05:57.350] [Worker-Main-30/DEBUG] [Smooth Boot (Reloaded)/]: Worker-Main-30 shutdown
[05Dec2025 01:05:57.350] [Worker-Main-22/DEBUG] [Smooth Boot (Reloaded)/]: Worker-Main-22 shutdown
[05Dec2025 01:05:57.350] [Worker-Main-28/DEBUG] [Smooth Boot (Reloaded)/]: Worker-Main-28 shutdown
[05Dec2025 01:05:57.350] [Worker-Main-16/DEBUG] [Smooth Boot (Reloaded)/]: Worker-Main-16 shutdown
[05Dec2025 01:05:57.350] [Worker-Main-20/DEBUG] [Smooth Boot (Reloaded)/]: Worker-Main-20 shutdown
[05Dec2025 01:05:57.350] [Worker-Main-9/DEBUG] [Smooth Boot (Reloaded)/]: Worker-Main-9 shutdown
[05Dec2025 01:05:57.349] [Worker-Main-19/DEBUG] [Smooth Boot (Reloaded)/]: Worker-Main-19 shutdown
[05Dec2025 01:05:57.351] [Worker-Main-14/DEBUG] [Smooth Boot (Reloaded)/]: Worker-Main-14 shutdown
[05Dec2025 01:05:57.351] [Worker-Main-39/DEBUG] [Smooth Boot (Reloaded)/]: Worker-Main-39 shutdown
[05Dec2025 01:05:57.351] [Worker-Main-5/DEBUG] [Smooth Boot (Reloaded)/]: Worker-Main-5 shutdown
[05Dec2025 01:05:57.351] [Worker-Main-35/DEBUG] [Smooth Boot (Reloaded)/]: Worker-Main-35 shutdown
[05Dec2025 01:05:57.351] [Worker-Main-29/DEBUG] [Smooth Boot (Reloaded)/]: Worker-Main-29 shutdown
[05Dec2025 01:05:57.351] [Worker-Main-4/DEBUG] [Smooth Boot (Reloaded)/]: Worker-Main-4 shutdown
[05Dec2025 01:05:57.351] [Worker-Main-32/DEBUG] [Smooth Boot (Reloaded)/]: Worker-Main-32 shutdown
[05Dec2025 01:05:57.350] [Worker-Main-7/DEBUG] [Smooth Boot (Reloaded)/]: Worker-Main-7 shutdown
[05Dec2025 01:05:57.350] [Worker-Main-1/DEBUG] [Smooth Boot (Reloaded)/]: Worker-Main-1 shutdown
[05Dec2025 01:05:57.350] [Worker-Main-21/DEBUG] [Smooth Boot (Reloaded)/]: Worker-Main-21 shutdown
[05Dec2025 01:05:57.350] [Worker-Main-36/DEBUG] [Smooth Boot (Reloaded)/]: Worker-Main-36 shutdown
[05Dec2025 01:05:57.351] [Worker-Main-13/DEBUG] [Smooth Boot (Reloaded)/]: Worker-Main-13 shutdown
[05Dec2025 01:05:57.349] [Worker-Main-10/DEBUG] [Smooth Boot (Reloaded)/]: Worker-Main-10 shutdown
[05Dec2025 01:05:57.354] [Server thread/DEBUG] [SpectreLib/CONFIG]: Unloading server configs
[05Dec2025 01:05:57.356] [Server thread/INFO] [Framework/]: Unloading server configs...
[05Dec2025 01:05:57.357] [Server thread/INFO] [Framework/]: Finished unloading server configs
[05Dec2025 01:05:57.358] [Server thread/DEBUG] [Framework/]: Stopping config watcher
[05Dec2025 01:05:57.358] [Server thread/DEBUG] [net.minecraftforge.fml.config.ConfigTracker/CONFIG]: Unloading configs type SERVER
