[05Dec2025 00:58:47.182] [main/INFO] [cpw.mods.modlauncher.Launcher/MODLAUNCHER]: ModLauncher running: args [--launchTarget, forgeserver, --fml.forgeVersion, 47.4.3, --fml.mcVersion, 1.20.1, --fml.forgeGroup, net.minecraftforge, --fml.mcpVersion, 20230612.114412, nogui]
[05Dec2025 00:58:47.186] [main/INFO] [cpw.mods.modlauncher.Launcher/MODLAUNCHER]: ModLauncher 10.0.9+10.0.9+main.dcd20f30 starting: java version 17.0.17 by Ubuntu; OS Linux arch amd64 version 6.8.0-1030-azure
[05Dec2025 00:58:48.705] [main/INFO] [net.minecraftforge.fml.loading.ImmediateWindowHandler/]: ImmediateWindowProvider not loading because launch target is forgeserver
[05Dec2025 00:58:48.729] [main/INFO] [gg.essential.loader.stage1.EssentialLoaderBase/]: Updating Essential Loader (stage2) version 1.6.6 (0e5a0c2dc3815b0a4d4626f551309cf5) from union:/workspaces/server-de-minecraft/servidor_minecraft/mods/Essential_1-3-10-1_forge_1-20-1.jar%23169!/essential-loader-stage2-modlauncher9-1.6.6.jar
[05Dec2025 00:58:48.733] [main/FATAL] [cpw.mods.modlauncher.TransformationServicesHandler/MODLAUNCHER]: Encountered serious error loading transformation service, expect problems
java.util.ServiceConfigurationError: cpw.mods.modlauncher.api.ITransformationService: Provider gg.essential.container.loader.stage0.EssentialTransformationService could not be instantiated
	at java.util.ServiceLoader.fail(ServiceLoader.java:586) ~[?:?]
	at java.util.ServiceLoader$ProviderImpl.newInstance(ServiceLoader.java:813) ~[?:?]
	at java.util.ServiceLoader$ProviderImpl.get(ServiceLoader.java:729) ~[?:?]
	at cpw.mods.modlauncher.util.ServiceLoaderUtils.lambda$streamWithErrorHandling$0(ServiceLoaderUtils.java:39) ~[modlauncher-10.0.9.jar%2355!/:?]
	at java.util.stream.ReferencePipeline$3$1.accept(ReferencePipeline.java:197) ~[?:?]
	at java.util.ServiceLoader$ProviderSpliterator.tryAdvance(ServiceLoader.java:1499) ~[?:?]
	at java.util.Spliterator.forEachRemaining(Spliterator.java:332) ~[?:?]
	at java.util.stream.AbstractPipeline.copyInto(AbstractPipeline.java:509) ~[?:?]
	at java.util.stream.AbstractPipeline.wrapAndCopyInto(AbstractPipeline.java:499) ~[?:?]
	at java.util.stream.ReduceOps$ReduceOp.evaluateSequential(ReduceOps.java:921) ~[?:?]
	at java.util.stream.AbstractPipeline.evaluate(AbstractPipeline.java:234) ~[?:?]
	at java.util.stream.ReferencePipeline.collect(ReferencePipeline.java:682) ~[?:?]
	at cpw.mods.modlauncher.TransformationServicesHandler.discoverServices(TransformationServicesHandler.java:133) ~[modlauncher-10.0.9.jar%2355!/:?]
	at cpw.mods.modlauncher.Launcher.run(Launcher.java:87) ~[modlauncher-10.0.9.jar%2355!/:?]
	at cpw.mods.modlauncher.Launcher.main(Launcher.java:78) ~[modlauncher-10.0.9.jar%2355!/:?]
	at cpw.mods.modlauncher.BootstrapLaunchConsumer.accept(BootstrapLaunchConsumer.java:26) ~[modlauncher-10.0.9.jar%2355!/:?]
	at cpw.mods.modlauncher.BootstrapLaunchConsumer.accept(BootstrapLaunchConsumer.java:23) ~[modlauncher-10.0.9.jar%2355!/:?]
	at cpw.mods.bootstraplauncher.BootstrapLauncher.main(BootstrapLauncher.java:141) ~[bootstraplauncher-1.1.2.jar:?]
Caused by: java.lang.RuntimeException: java.lang.reflect.InvocationTargetException
	at gg.essential.container.loader.stage0.EssentialTransformationServiceBase.loadStage1OrThrow(EssentialTransformationServiceBase.java:27) ~[?:?]
	at gg.essential.container.loader.stage0.EssentialTransformationServiceBase.lambda$new$0(EssentialTransformationServiceBase.java:20) ~[?:?]
	at gg.essential.container.loader.stage0.util.DelegatingTransformationServiceBase.<init>(DelegatingTransformationServiceBase.java:13) ~[?:?]
	at gg.essential.container.loader.stage0.EssentialTransformationServiceBase.<init>(EssentialTransformationServiceBase.java:20) ~[?:?]
	at gg.essential.container.loader.stage0.EssentialTransformationService.<init>(EssentialTransformationService.java:7) ~[?:?]
	at jdk.internal.reflect.NativeConstructorAccessorImpl.newInstance0(Native Method) ~[?:?]
	at jdk.internal.reflect.NativeConstructorAccessorImpl.newInstance(NativeConstructorAccessorImpl.java:77) ~[?:?]
	at jdk.internal.reflect.DelegatingConstructorAccessorImpl.newInstance(DelegatingConstructorAccessorImpl.java:45) ~[?:?]
	at java.lang.reflect.Constructor.newInstanceWithCaller(Constructor.java:500) ~[?:?]
	at java.lang.reflect.Constructor.newInstance(Constructor.java:481) ~[?:?]
	at java.util.ServiceLoader$ProviderImpl.newInstance(ServiceLoader.java:789) ~[?:?]
	... 16 more
Caused by: java.lang.reflect.InvocationTargetException
	at jdk.internal.reflect.NativeConstructorAccessorImpl.newInstance0(Native Method) ~[?:?]
	at jdk.internal.reflect.NativeConstructorAccessorImpl.newInstance(NativeConstructorAccessorImpl.java:77) ~[?:?]
	at jdk.internal.reflect.DelegatingConstructorAccessorImpl.newInstance(DelegatingConstructorAccessorImpl.java:45) ~[?:?]
	at java.lang.reflect.Constructor.newInstanceWithCaller(Constructor.java:500) ~[?:?]
	at java.lang.reflect.Constructor.newInstance(Constructor.java:481) ~[?:?]
	at gg.essential.container.loader.stage0.EssentialTransformationServiceBase.loadStage1(EssentialTransformationServiceBase.java:47) ~[?:?]
	at gg.essential.container.loader.stage0.EssentialTransformationServiceBase.loadStage1OrThrow(EssentialTransformationServiceBase.java:25) ~[?:?]
	at gg.essential.container.loader.stage0.EssentialTransformationServiceBase.lambda$new$0(EssentialTransformationServiceBase.java:20) ~[?:?]
	at gg.essential.container.loader.stage0.util.DelegatingTransformationServiceBase.<init>(DelegatingTransformationServiceBase.java:13) ~[?:?]
	at gg.essential.container.loader.stage0.EssentialTransformationServiceBase.<init>(EssentialTransformationServiceBase.java:20) ~[?:?]
	at gg.essential.container.loader.stage0.EssentialTransformationService.<init>(EssentialTransformationService.java:7) ~[?:?]
	at jdk.internal.reflect.NativeConstructorAccessorImpl.newInstance0(Native Method) ~[?:?]
	at jdk.internal.reflect.NativeConstructorAccessorImpl.newInstance(NativeConstructorAccessorImpl.java:77) ~[?:?]
	at jdk.internal.reflect.DelegatingConstructorAccessorImpl.newInstance(DelegatingConstructorAccessorImpl.java:45) ~[?:?]
	at java.lang.reflect.Constructor.newInstanceWithCaller(Constructor.java:500) ~[?:?]
	at java.lang.reflect.Constructor.newInstance(Constructor.java:481) ~[?:?]
	at java.util.ServiceLoader$ProviderImpl.newInstance(ServiceLoader.java:789) ~[?:?]
	... 16 more
Caused by: java.lang.NoClassDefFoundError: org/apache/commons/codec/digest/DigestUtils
	at gg.essential.loader.stage1.EssentialLoaderBase.getChecksum(EssentialLoaderBase.java:356) ~[?:?]
	at gg.essential.loader.stage1.EssentialLoaderBase.downloadFile(EssentialLoaderBase.java:473) ~[?:?]
	at gg.essential.loader.stage1.EssentialLoaderBase.doDownload(EssentialLoaderBase.java:326) ~[?:?]
	at gg.essential.loader.stage1.EssentialLoaderBase.load(EssentialLoaderBase.java:176) ~[?:?]
	at gg.essential.loader.stage1.EssentialTransformationServiceBase.<init>(EssentialTransformationServiceBase.java:46) ~[?:?]
	at gg.essential.loader.stage1.EssentialTransformationService.<init>(EssentialTransformationService.java:28) ~[?:?]
	at jdk.internal.reflect.NativeConstructorAccessorImpl.newInstance0(Native Method) ~[?:?]
	at jdk.internal.reflect.NativeConstructorAccessorImpl.newInstance(NativeConstructorAccessorImpl.java:77) ~[?:?]
	at jdk.internal.reflect.DelegatingConstructorAccessorImpl.newInstance(DelegatingConstructorAccessorImpl.java:45) ~[?:?]
	at java.lang.reflect.Constructor.newInstanceWithCaller(Constructor.java:500) ~[?:?]
	at java.lang.reflect.Constructor.newInstance(Constructor.java:481) ~[?:?]
	at gg.essential.container.loader.stage0.EssentialTransformationServiceBase.loadStage1(EssentialTransformationServiceBase.java:47) ~[?:?]
	at gg.essential.container.loader.stage0.EssentialTransformationServiceBase.loadStage1OrThrow(EssentialTransformationServiceBase.java:25) ~[?:?]
	at gg.essential.container.loader.stage0.EssentialTransformationServiceBase.lambda$new$0(EssentialTransformationServiceBase.java:20) ~[?:?]
	at gg.essential.container.loader.stage0.util.DelegatingTransformationServiceBase.<init>(DelegatingTransformationServiceBase.java:13) ~[?:?]
	at gg.essential.container.loader.stage0.EssentialTransformationServiceBase.<init>(EssentialTransformationServiceBase.java:20) ~[?:?]
	at gg.essential.container.loader.stage0.EssentialTransformationService.<init>(EssentialTransformationService.java:7) ~[?:?]
	at jdk.internal.reflect.NativeConstructorAccessorImpl.newInstance0(Native Method) ~[?:?]
	at jdk.internal.reflect.NativeConstructorAccessorImpl.newInstance(NativeConstructorAccessorImpl.java:77) ~[?:?]
	at jdk.internal.reflect.DelegatingConstructorAccessorImpl.newInstance(DelegatingConstructorAccessorImpl.java:45) ~[?:?]
	at java.lang.reflect.Constructor.newInstanceWithCaller(Constructor.java:500) ~[?:?]
	at java.lang.reflect.Constructor.newInstance(Constructor.java:481) ~[?:?]
	at java.util.ServiceLoader$ProviderImpl.newInstance(ServiceLoader.java:789) ~[?:?]
	... 16 more
Caused by: java.lang.ClassNotFoundException: org.apache.commons.codec.digest.DigestUtils
	at java.net.URLClassLoader.findClass(URLClassLoader.java:445) ~[?:?]
	at java.lang.ClassLoader.loadClass(ClassLoader.java:592) ~[?:?]
	at java.lang.ClassLoader.loadClass(ClassLoader.java:525) ~[?:?]
	at gg.essential.loader.stage1.EssentialLoaderBase.getChecksum(EssentialLoaderBase.java:356) ~[?:?]
	at gg.essential.loader.stage1.EssentialLoaderBase.downloadFile(EssentialLoaderBase.java:473) ~[?:?]
	at gg.essential.loader.stage1.EssentialLoaderBase.doDownload(EssentialLoaderBase.java:326) ~[?:?]
	at gg.essential.loader.stage1.EssentialLoaderBase.load(EssentialLoaderBase.java:176) ~[?:?]
	at gg.essential.loader.stage1.EssentialTransformationServiceBase.<init>(EssentialTransformationServiceBase.java:46) ~[?:?]
	at gg.essential.loader.stage1.EssentialTransformationService.<init>(EssentialTransformationService.java:28) ~[?:?]
	at jdk.internal.reflect.NativeConstructorAccessorImpl.newInstance0(Native Method) ~[?:?]
	at jdk.internal.reflect.NativeConstructorAccessorImpl.newInstance(NativeConstructorAccessorImpl.java:77) ~[?:?]
	at jdk.internal.reflect.DelegatingConstructorAccessorImpl.newInstance(DelegatingConstructorAccessorImpl.java:45) ~[?:?]
	at java.lang.reflect.Constructor.newInstanceWithCaller(Constructor.java:500) ~[?:?]
	at java.lang.reflect.Constructor.newInstance(Constructor.java:481) ~[?:?]
	at gg.essential.container.loader.stage0.EssentialTransformationServiceBase.loadStage1(EssentialTransformationServiceBase.java:47) ~[?:?]
	at gg.essential.container.loader.stage0.EssentialTransformationServiceBase.loadStage1OrThrow(EssentialTransformationServiceBase.java:25) ~[?:?]
	at gg.essential.container.loader.stage0.EssentialTransformationServiceBase.lambda$new$0(EssentialTransformationServiceBase.java:20) ~[?:?]
	at gg.essential.container.loader.stage0.util.DelegatingTransformationServiceBase.<init>(DelegatingTransformationServiceBase.java:13) ~[?:?]
	at gg.essential.container.loader.stage0.EssentialTransformationServiceBase.<init>(EssentialTransformationServiceBase.java:20) ~[?:?]
	at gg.essential.container.loader.stage0.EssentialTransformationService.<init>(EssentialTransformationService.java:7) ~[?:?]
	at jdk.internal.reflect.NativeConstructorAccessorImpl.newInstance0(Native Method) ~[?:?]
	at jdk.internal.reflect.NativeConstructorAccessorImpl.newInstance(NativeConstructorAccessorImpl.java:77) ~[?:?]
	at jdk.internal.reflect.DelegatingConstructorAccessorImpl.newInstance(DelegatingConstructorAccessorImpl.java:45) ~[?:?]
	at java.lang.reflect.Constructor.newInstanceWithCaller(Constructor.java:500) ~[?:?]
	at java.lang.reflect.Constructor.newInstance(Constructor.java:481) ~[?:?]
	at java.util.ServiceLoader$ProviderImpl.newInstance(ServiceLoader.java:789) ~[?:?]
	... 16 more
[05Dec2025 00:58:48.805] [main/INFO] [mixin/]: SpongePowered MIXIN Subsystem Version=0.8.5 Source=union:/workspaces/server-de-minecraft/servidor_minecraft/libraries/org/spongepowered/mixin/0.8.5/mixin-0.8.5.jar%2365!/ Service=ModLauncher Env=SERVER
[05Dec2025 00:58:49.166] [main/WARN] [net.minecraftforge.fml.loading.moddiscovery.ModFileParser/LOADING]: Mod file /workspaces/server-de-minecraft/servidor_minecraft/libraries/net/minecraftforge/fmlcore/1.20.1-47.4.3/fmlcore-1.20.1-47.4.3.jar is missing mods.toml file
[05Dec2025 00:58:49.167] [main/WARN] [net.minecraftforge.fml.loading.moddiscovery.ModFileParser/LOADING]: Mod file /workspaces/server-de-minecraft/servidor_minecraft/libraries/net/minecraftforge/javafmllanguage/1.20.1-47.4.3/javafmllanguage-1.20.1-47.4.3.jar is missing mods.toml file
[05Dec2025 00:58:49.168] [main/WARN] [net.minecraftforge.fml.loading.moddiscovery.ModFileParser/LOADING]: Mod file /workspaces/server-de-minecraft/servidor_minecraft/libraries/net/minecraftforge/lowcodelanguage/1.20.1-47.4.3/lowcodelanguage-1.20.1-47.4.3.jar is missing mods.toml file
[05Dec2025 00:58:49.169] [main/WARN] [net.minecraftforge.fml.loading.moddiscovery.ModFileParser/LOADING]: Mod file /workspaces/server-de-minecraft/servidor_minecraft/libraries/net/minecraftforge/mclanguage/1.20.1-47.4.3/mclanguage-1.20.1-47.4.3.jar is missing mods.toml file
[05Dec2025 00:58:49.457] [main/WARN] [net.minecraftforge.jarjar.selection.JarSelector/]: Attempted to select two dependency jars from JarJar which have the same identification: Mod File:  and Mod File: . Using Mod File: 
[05Dec2025 00:58:49.458] [main/INFO] [net.minecraftforge.fml.loading.moddiscovery.JarInJarDependencyLocator/]: Found 9 dependencies adding them to mods collection
[05Dec2025 00:58:51.661] [main/INFO] [mixin/]: Compatibility level set to JAVA_17
[05Dec2025 00:58:51.851] [main/INFO] [cpw.mods.modlauncher.LaunchServiceHandler/MODLAUNCHER]: Launching target 'forgeserver' with arguments [nogui]
[05Dec2025 00:58:51.892] [main/WARN] [mixin/]: Reference map 'trashslot.refmap.json' for trashslot.mixins.json could not be read. If this is a development environment you can ignore this message
[05Dec2025 00:58:52.019] [main/INFO] [ModernFix/]: Loaded configuration file for ModernFix 5.25.1+mc1.20.1: 98 options available, 1 override(s) found
[05Dec2025 00:58:52.019] [main/WARN] [ModernFix/]: Option 'mixin.perf.thread_priorities' overriden (by mods [smoothboot]) to 'false'
[05Dec2025 00:58:52.020] [main/INFO] [ModernFix/]: Applying Nashorn fix
[05Dec2025 00:58:52.052] [main/INFO] [ModernFix/]: Applied Forge config corruption patch
[05Dec2025 00:58:52.269] [main/WARN] [mixin/]: Reference map 'chiselsandbits.refmap.json' for chisels-and-bits.mixins.json could not be read. If this is a development environment you can ignore this message
[05Dec2025 00:58:52.353] [main/INFO] [net.minecraftforge.coremod.CoreMod.placebo/COREMODLOG]: Patching IForgeItemStack#getEnchantmentLevel
[05Dec2025 00:58:52.394] [main/INFO] [net.minecraftforge.coremod.CoreMod.placebo/COREMODLOG]: Patching IForgeItemStack#getEnchantmentLevel
[05Dec2025 00:58:53.357] [main/WARN] [mixin/]: Error loading class: vazkii/quark/addons/oddities/inventory/BackpackMenu (java.lang.ClassNotFoundException: vazkii.quark.addons.oddities.inventory.BackpackMenu)
[05Dec2025 00:58:53.359] [main/WARN] [mixin/]: Error loading class: net/minecraft/client/gui/screens/inventory/CraftingScreen (java.lang.ClassNotFoundException: net.minecraft.client.gui.screens.inventory.CraftingScreen)
[05Dec2025 00:58:53.360] [main/WARN] [mixin/]: @Mixin target net.minecraft.client.gui.screens.inventory.CraftingScreen was not found fastbench.mixins.json:MixinCraftingScreen
[05Dec2025 00:58:53.844] [main/INFO] [MixinExtras|Service/]: Initializing MixinExtras via com.llamalad7.mixinextras.service.MixinExtrasServiceImpl(version=0.4.1).
[05Dec2025 00:58:54.160] [main/INFO] [Smooth Boot (Reloaded)/]: Smooth Boot (Reloaded) config initialized
[05Dec2025 00:58:54.588] [main/INFO] [net.minecraft.server.Bootstrap/]: ModernFix reached bootstrap stage (10.24 s after launch)
[05Dec2025 00:58:54.722] [main/WARN] [mixin/]: @Final field delegatesByName:Ljava/util/Map; in modernfix-forge.mixins.json:perf.forge_registry_alloc.ForgeRegistryMixin should be final
[05Dec2025 00:58:54.722] [main/WARN] [mixin/]: @Final field delegatesByValue:Ljava/util/Map; in modernfix-forge.mixins.json:perf.forge_registry_alloc.ForgeRegistryMixin should be final
[05Dec2025 00:58:56.385] [main/INFO] [net.minecraft.server.Bootstrap/]: Vanilla bootstrap took 1791 milliseconds
[05Dec2025 00:58:56.754] [main/INFO] [net.minecraftforge.coremod.CoreMod.placebo/COREMODLOG]: Patching IForgeItemStack#getEnchantmentLevel
[05Dec2025 00:58:56.755] [main/INFO] [net.minecraftforge.coremod.CoreMod.placebo/COREMODLOG]: Patching IForgeItemStack#getEnchantmentLevel
[05Dec2025 00:58:56.910] [main/INFO] [net.minecraftforge.coremod.CoreMod.placebo/COREMODLOG]: Patching IForgeItemStack#getEnchantmentLevel
[05Dec2025 00:58:56.911] [main/INFO] [net.minecraftforge.coremod.CoreMod.placebo/COREMODLOG]: Patching IForgeItemStack#getEnchantmentLevel
[05Dec2025 00:58:58.895] [main/WARN] [mixin/]: Static binding violation: PRIVATE @Overwrite method m_47505_ in modernfix-common.mixins.json:perf.remove_biome_temperature_cache.BiomeMixin cannot reduce visibiliy of PUBLIC target method, visibility will be upgraded.
[05Dec2025 00:58:59.346] [modloading-worker-0/INFO] [scena-forge/]: Initialized scena-forge
[05Dec2025 00:58:59.349] [modloading-worker-0/INFO] [com.silverminer.shrines.Shrines/]: Shrines 1.20.1-6.0.2 initialized
[05Dec2025 00:58:59.385] [modloading-worker-0/INFO] [com.jtorleonstudios.libraryferret.LibraryFerret/]: Initialize mod Library Ferret
[05Dec2025 00:58:59.397] [modloading-worker-0/INFO] [com.jtorleonstudios.libraryferret.LibraryFerret/]: Initialized mod Library Ferret
[05Dec2025 00:58:59.476] [modloading-worker-0/INFO] [STDOUT/]: [com.tiviacz.travelersbackpack.TravelersBackpack:readOldCommonConfig:180]: curiosIntegration not found in the [common.backpackSettings] section.
[05Dec2025 00:58:59.555] [modloading-worker-0/INFO] [MaxHealthFix/]: Loaded maxhealthfix for Forge.
[05Dec2025 00:58:59.612] [modloading-worker-0/INFO] [Bookshelf/]: Fixing MC-151457. Crafting remainder for minecraft:pufferfish_bucket is now minecraft:bucket.
[05Dec2025 00:58:59.613] [modloading-worker-0/INFO] [Bookshelf/]: Fixing MC-151457. Crafting remainder for minecraft:salmon_bucket is now minecraft:bucket.
[05Dec2025 00:58:59.613] [modloading-worker-0/INFO] [Bookshelf/]: Fixing MC-151457. Crafting remainder for minecraft:cod_bucket is now minecraft:bucket.
[05Dec2025 00:58:59.613] [modloading-worker-0/INFO] [Bookshelf/]: Fixing MC-151457. Crafting remainder for minecraft:tropical_fish_bucket is now minecraft:bucket.
[05Dec2025 00:58:59.613] [modloading-worker-0/INFO] [Bookshelf/]: Fixing MC-151457. Crafting remainder for minecraft:axolotl_bucket is now minecraft:bucket.
[05Dec2025 00:58:59.613] [modloading-worker-0/INFO] [Bookshelf/]: Fixing MC-151457. Crafting remainder for minecraft:powder_snow_bucket is now minecraft:bucket.
[05Dec2025 00:58:59.616] [modloading-worker-0/INFO] [Bookshelf/]: Fixing MC-151457. Crafting remainder for minecraft:tadpole_bucket is now minecraft:bucket.
[05Dec2025 00:58:59.675] [modloading-worker-0/INFO] [net.minecraftforge.common.ForgeMod/FORGEMOD]: Forge mod loading, version 47.4.3, for MC 1.20.1 with MCP 20230612.114412
[05Dec2025 00:58:59.675] [modloading-worker-0/INFO] [net.minecraftforge.common.MinecraftForge/FORGE]: MinecraftForge v47.4.3 Initialized
[05Dec2025 00:58:59.861] [modloading-worker-0/WARN] [ironfurnaces.IronFurnaces/]: You have disabled Iron Furnaces's Update Checker, to re-enable: change the value of Update Checker in .minecraft->config->ironfurnaces-client.toml to 'true'.
[05Dec2025 00:59:00.009] [modloading-worker-0/INFO] [lostcities/]: Creating standard profiles into 'config/lostcities/profiles'
[05Dec2025 00:59:00.063] [modloading-worker-0/INFO] [lostcities/]: Reading existing profiles from 'config/lostcities/profiles'
[05Dec2025 00:59:00.181] [modloading-worker-0/INFO] [dev.architectury.networking.forge.NetworkManagerImpl/]: Registering C2S receiver with id architectury:sync_ids
[05Dec2025 00:59:00.231] [modloading-worker-0/INFO] [mod.chiselsandbits.forge.Forge/]: Initialized Chisels&Bits - Forge
[05Dec2025 00:59:00.325] [modloading-worker-0/INFO] [mod.chiselsandbits.registrars.ModBlockEntityTypes/]: Loaded block entity configuration.
[05Dec2025 00:59:00.343] [modloading-worker-0/INFO] [mod.chiselsandbits.registrars.ModBlocks/]: Loaded block configuration.
[05Dec2025 00:59:00.353] [modloading-worker-0/INFO] [mod.chiselsandbits.registrars.ModChiselModeGroups/]: Loaded chisel mode group configuration.
[05Dec2025 00:59:01.057] [modloading-worker-0/INFO] [mod.chiselsandbits.registrars.ModChiselModes/]: Loaded chisel mode configuration.
[05Dec2025 00:59:01.059] [modloading-worker-0/INFO] [mod.chiselsandbits.registrars.ModContainerTypes/]: Loaded container type configuration.
[05Dec2025 00:59:01.062] [modloading-worker-0/INFO] [mod.chiselsandbits.registrars.ModCreativeTabs/]: Loaded item group configuration.
[05Dec2025 00:59:01.081] [modloading-worker-0/INFO] [mod.chiselsandbits.registrars.ModItems/]: Loaded item configuration.
[05Dec2025 00:59:01.084] [modloading-worker-0/INFO] [mod.chiselsandbits.registrars.ModMetadataKeys/]: Loaded metadata key configuration.
[05Dec2025 00:59:01.089] [modloading-worker-0/INFO] [mod.chiselsandbits.registrars.ModModelProperties/]: Loaded model property configuration.
[05Dec2025 00:59:01.092] [modloading-worker-0/INFO] [mod.chiselsandbits.registrars.ModModificationOperation/]: Loaded modification operation configuration.
[05Dec2025 00:59:01.095] [modloading-worker-0/INFO] [mod.chiselsandbits.registrars.ModModificationOperationGroups/]: Loaded modification operation group configuration.
[05Dec2025 00:59:01.103] [modloading-worker-0/INFO] [mod.chiselsandbits.registrars.ModPatternPlacementTypes/]: Loaded pattern placement type configuration.
[05Dec2025 00:59:01.106] [modloading-worker-0/INFO] [mod.chiselsandbits.registrars.ModRecipeSerializers/]: Loaded recipe serializer configuration.
[05Dec2025 00:59:01.107] [modloading-worker-0/INFO] [mod.chiselsandbits.registrars.ModTags/]: Loaded tag configuration.
[05Dec2025 00:59:01.108] [modloading-worker-0/INFO] [mod.chiselsandbits.registrars.ModRecipeTypes/]: Registering recipe types.
[05Dec2025 00:59:01.110] [modloading-worker-0/INFO] [mod.chiselsandbits.registrars.ModEventHandler/]: Registering event handlers
[05Dec2025 00:59:02.754] [main/INFO] [Moonlight/]: Initialized block sets in 9ms
[05Dec2025 00:59:03.411] [modloading-worker-0/INFO] [incontrol/]: Enabling support for Lost Cities
[05Dec2025 00:59:03.412] [modloading-worker-0/INFO] [incontrol/]: Enabling support for Lost Cities
[05Dec2025 00:59:03.453] [Forge Version Check/INFO] [net.minecraftforge.fml.VersionChecker/]: [fastload] Starting version check at https://github.com/BumbleSoftware/Fastload/raw/Forge-1.20.1/updates.json
[05Dec2025 00:59:03.629] [main/INFO] [com.tiviacz.travelersbackpack.TravelersBackpack/]: Registered the FluidEffect with Unique ID of minecraft:water for Water (Fluid Amount Required: 1000) with the ID 0
[05Dec2025 00:59:03.631] [main/INFO] [com.tiviacz.travelersbackpack.TravelersBackpack/]: Registered the FluidEffect with Unique ID of minecraft:lava for Lava (Fluid Amount Required: 1000) with the ID 1
[05Dec2025 00:59:03.637] [main/INFO] [com.tiviacz.travelersbackpack.TravelersBackpack/]: Registered the FluidEffect with Unique ID of travelersbackpack:potion for Uncraftable Potion (Fluid Amount Required: 250) with the ID 2
[05Dec2025 00:59:03.638] [main/INFO] [com.tiviacz.travelersbackpack.TravelersBackpack/]: Registered the FluidEffect with Unique ID of minecraft:milk for Milk (Fluid Amount Required: 1000) with the ID 3
[05Dec2025 00:59:03.664] [Forge Version Check/INFO] [net.minecraftforge.fml.VersionChecker/]: [fastload] Found status: UP_TO_DATE Current: 3.4.0 Target: null
[05Dec2025 00:59:03.665] [Forge Version Check/INFO] [net.minecraftforge.fml.VersionChecker/]: [shrines] Starting version check at https://raw.githubusercontent.com/Silverminer007/MinecraftModsUpdateChecker/master/shrines-structures.json
[05Dec2025 00:59:03.675] [Forge Version Check/INFO] [net.minecraftforge.fml.VersionChecker/]: [shrines] Found status: BETA Current: 1.20.1-6.0.2 Target: null
[05Dec2025 00:59:03.676] [Forge Version Check/INFO] [net.minecraftforge.fml.VersionChecker/]: [attributefix] Starting version check at https://updates.blamejared.com/get?n=attributefix&gv=1.20.1
[05Dec2025 00:59:03.676] [main/INFO] [Moonlight/]: Initialized color sets in 18ms
[05Dec2025 00:59:03.817] [modloading-worker-0/INFO] [xaero.map.server.WorldMapServer/]: Loading Xaero's World Map - Stage 1/2 (Server)
[05Dec2025 00:59:03.818] [modloading-worker-0/INFO] [xaero.minimap.XaeroMinimap/]: Loading Xaero's Minimap - Stage 1/2 (Server)
[05Dec2025 00:59:03.843] [main/INFO] [xaero.map.server.WorldMapServer/]: Loading Xaero's World Map - Stage 2/2 (Server)
[05Dec2025 00:59:03.843] [Thread-0/INFO] [ModernFix/]: Please use /mfsrc to reload any changed mod config files
[05Dec2025 00:59:03.844] [main/INFO] [xaero.minimap.XaeroMinimap/]: Loading Xaero's Minimap - Stage 2/2 (Server)
[05Dec2025 00:59:04.006] [Forge Version Check/INFO] [net.minecraftforge.fml.VersionChecker/]: [attributefix] Found status: BETA Current: 21.0.4 Target: 21.0.4
[05Dec2025 00:59:04.007] [Forge Version Check/INFO] [net.minecraftforge.fml.VersionChecker/]: [reap] Starting version check at https://maxhenkel.de/update/reap.json
[05Dec2025 00:59:04.128] [modloading-worker-0/INFO] [AttributeFix/]: Loaded values for 48 compatible attributes.
[05Dec2025 00:59:04.133] [modloading-worker-0/INFO] [AttributeFix/]: Loaded 48 values from config.
[05Dec2025 00:59:04.143] [modloading-worker-0/INFO] [AttributeFix/]: Saving config file. 48 entries.
[05Dec2025 00:59:04.143] [modloading-worker-0/INFO] [AttributeFix/]: Applying changes for 48 attributes.
[05Dec2025 00:59:04.158] [modloading-worker-0/INFO] [Jade/]: Start loading plugin at net.blay09.mods.waystones.compat.JadeIntegration
[05Dec2025 00:59:04.164] [modloading-worker-0/INFO] [Jade/]: Start loading plugin at dev.shadowsoffire.gateways.compat.GatewayJadePlugin
[05Dec2025 00:59:04.165] [modloading-worker-0/INFO] [Jade/]: Start loading plugin at net.blay09.mods.balm.forge.compat.hudinfo.ForgeJadeModCompat
[05Dec2025 00:59:04.166] [modloading-worker-0/INFO] [Jade/]: Start loading plugin at snownee.jade.addon.vanilla.VanillaPlugin
[05Dec2025 00:59:04.176] [modloading-worker-0/INFO] [Jade/]: Start loading plugin at snownee.jade.addon.universal.UniversalPlugin
[05Dec2025 00:59:04.179] [modloading-worker-0/INFO] [Jade/]: Start loading plugin at snownee.jade.addon.core.CorePlugin
[05Dec2025 00:59:04.181] [modloading-worker-0/INFO] [Jade/]: Start loading plugin at de.maxhenkel.gravestone.integration.waila.PluginGraveStone
[05Dec2025 00:59:04.738] [main/INFO] [com.mojang.authlib.yggdrasil.YggdrasilAuthenticationService/]: Environment: authHost='https://authserver.mojang.com', accountsHost='https://api.mojang.com', sessionHost='https://sessionserver.mojang.com', servicesHost='https://api.minecraftservices.com', name='PROD'
[05Dec2025 00:59:04.863] [main/INFO] [ModernFix/]: Bypassed Mojang DFU
[05Dec2025 00:59:05.084] [main/WARN] [net.minecraft.server.packs.VanillaPackResourcesBuilder/]: Assets URL 'union:/workspaces/server-de-minecraft/servidor_minecraft/libraries/net/minecraft/server/1.20.1-20230612.114412/server-1.20.1-20230612.114412-srg.jar%23239!/assets/.mcassetsroot' uses unexpected schema
[05Dec2025 00:59:05.084] [main/WARN] [net.minecraft.server.packs.VanillaPackResourcesBuilder/]: Assets URL 'union:/workspaces/server-de-minecraft/servidor_minecraft/libraries/net/minecraft/server/1.20.1-20230612.114412/server-1.20.1-20230612.114412-srg.jar%23239!/data/.mcassetsroot' uses unexpected schema
[05Dec2025 00:59:05.119] [Forge Version Check/INFO] [net.minecraftforge.fml.VersionChecker/]: [reap] Found status: UP_TO_DATE Current: 1.20.1-1.0.2 Target: null
[05Dec2025 00:59:05.120] [Forge Version Check/INFO] [net.minecraftforge.fml.VersionChecker/]: [clumps] Starting version check at https://updates.blamejared.com/get?n=clumps&gv=1.20.1
[05Dec2025 00:59:05.193] [main/INFO] [Moonlight/]: Starting runtime resource generation for pack type SERVER_DATA with generators from mods []: []
[05Dec2025 00:59:05.193] [main/INFO] [Moonlight/]: Finished runtime resources generation for 0 packs in a total of 0 ms
[05Dec2025 00:59:05.218] [Forge Version Check/INFO] [net.minecraftforge.fml.VersionChecker/]: [clumps] Found status: BETA Current: 12.0.0.4 Target: 12.0.0.4
[05Dec2025 00:59:05.219] [Forge Version Check/INFO] [net.minecraftforge.fml.VersionChecker/]: [prism] Starting version check at https://mc-update-check.anthonyhilyard.com/638111
[05Dec2025 00:59:05.314] [Forge Version Check/WARN] [net.minecraftforge.fml.VersionChecker/]: Failed to process update information
javax.net.ssl.SSLHandshakeException: PKIX path validation failed: java.security.cert.CertPathValidatorException: validity check failed
	at jdk.internal.net.http.HttpClientImpl.send(HttpClientImpl.java:905) ~[java.net.http:?]
	at jdk.internal.net.http.HttpClientFacade.send(HttpClientFacade.java:133) ~[java.net.http:?]
	at net.minecraftforge.fml.VersionChecker$1.openUrlString(VersionChecker.java:142) ~[fmlcore-1.20.1-47.4.3.jar%23240!/:?]
	at net.minecraftforge.fml.VersionChecker$1.process(VersionChecker.java:180) ~[fmlcore-1.20.1-47.4.3.jar%23240!/:?]
	at java.lang.Iterable.forEach(Iterable.java:75) ~[?:?]
	at net.minecraftforge.fml.VersionChecker$1.run(VersionChecker.java:117) ~[fmlcore-1.20.1-47.4.3.jar%23240!/:?]
Caused by: javax.net.ssl.SSLHandshakeException: PKIX path validation failed: java.security.cert.CertPathValidatorException: validity check failed
	at sun.security.ssl.Alert.createSSLException(Alert.java:131) ~[?:?]
	at sun.security.ssl.TransportContext.fatal(TransportContext.java:383) ~[?:?]
	at sun.security.ssl.TransportContext.fatal(TransportContext.java:326) ~[?:?]
	at sun.security.ssl.TransportContext.fatal(TransportContext.java:321) ~[?:?]
	at sun.security.ssl.CertificateMessage$T12CertificateConsumer.checkServerCerts(CertificateMessage.java:654) ~[?:?]
	at sun.security.ssl.CertificateMessage$T12CertificateConsumer.onCertificate(CertificateMessage.java:473) ~[?:?]
	at sun.security.ssl.CertificateMessage$T12CertificateConsumer.consume(CertificateMessage.java:369) ~[?:?]
	at sun.security.ssl.SSLHandshake.consume(SSLHandshake.java:396) ~[?:?]
	at sun.security.ssl.HandshakeContext.dispatch(HandshakeContext.java:481) ~[?:?]
	at sun.security.ssl.SSLEngineImpl$DelegatedTask$DelegatedAction.run(SSLEngineImpl.java:1277) ~[?:?]
	at sun.security.ssl.SSLEngineImpl$DelegatedTask$DelegatedAction.run(SSLEngineImpl.java:1264) ~[?:?]
	at java.security.AccessController.doPrivileged(AccessController.java:712) ~[?:?]
	at sun.security.ssl.SSLEngineImpl$DelegatedTask.run(SSLEngineImpl.java:1209) ~[?:?]
	at java.util.ArrayList.forEach(ArrayList.java:1511) ~[?:?]
	at jdk.internal.net.http.common.SSLFlowDelegate.lambda$executeTasks$3(SSLFlowDelegate.java:1133) ~[java.net.http:?]
	at jdk.internal.net.http.HttpClientImpl$DelegatingExecutor.execute(HttpClientImpl.java:174) ~[java.net.http:?]
	at jdk.internal.net.http.common.SSLFlowDelegate.executeTasks(SSLFlowDelegate.java:1128) ~[java.net.http:?]
	at jdk.internal.net.http.common.SSLFlowDelegate.doHandshake(SSLFlowDelegate.java:1094) ~[java.net.http:?]
	at jdk.internal.net.http.common.SSLFlowDelegate$Reader.processData(SSLFlowDelegate.java:498) ~[java.net.http:?]
	at jdk.internal.net.http.common.SSLFlowDelegate$Reader$ReaderDownstreamPusher.run(SSLFlowDelegate.java:282) ~[java.net.http:?]
	at jdk.internal.net.http.common.SequentialScheduler$LockingRestartableTask.run(SequentialScheduler.java:205) ~[java.net.http:?]
	at jdk.internal.net.http.common.SequentialScheduler$CompleteRestartableTask.run(SequentialScheduler.java:149) ~[java.net.http:?]
	at jdk.internal.net.http.common.SequentialScheduler$TryEndDeferredCompleter.complete(SequentialScheduler.java:347) ~[java.net.http:?]
	at jdk.internal.net.http.common.SequentialScheduler$CompleteRestartableTask.run(SequentialScheduler.java:151) ~[java.net.http:?]
	at jdk.internal.net.http.common.SequentialScheduler$SchedulableTask.run(SequentialScheduler.java:230) ~[java.net.http:?]
	at java.util.concurrent.ThreadPoolExecutor.runWorker(ThreadPoolExecutor.java:1136) ~[?:?]
	at java.util.concurrent.ThreadPoolExecutor$Worker.run(ThreadPoolExecutor.java:635) ~[?:?]
	at java.lang.Thread.run(Thread.java:840) ~[?:?]
Caused by: sun.security.validator.ValidatorException: PKIX path validation failed: java.security.cert.CertPathValidatorException: validity check failed
	at sun.security.validator.PKIXValidator.doValidate(PKIXValidator.java:369) ~[?:?]
	at sun.security.validator.PKIXValidator.engineValidate(PKIXValidator.java:275) ~[?:?]
	at sun.security.validator.Validator.validate(Validator.java:264) ~[?:?]
	at sun.security.ssl.X509TrustManagerImpl.checkTrusted(X509TrustManagerImpl.java:285) ~[?:?]
	at sun.security.ssl.X509TrustManagerImpl.checkServerTrusted(X509TrustManagerImpl.java:144) ~[?:?]
	at sun.security.ssl.CertificateMessage$T12CertificateConsumer.checkServerCerts(CertificateMessage.java:632) ~[?:?]
	at sun.security.ssl.CertificateMessage$T12CertificateConsumer.onCertificate(CertificateMessage.java:473) ~[?:?]
	at sun.security.ssl.CertificateMessage$T12CertificateConsumer.consume(CertificateMessage.java:369) ~[?:?]
	at sun.security.ssl.SSLHandshake.consume(SSLHandshake.java:396) ~[?:?]
	at sun.security.ssl.HandshakeContext.dispatch(HandshakeContext.java:481) ~[?:?]
	at sun.security.ssl.SSLEngineImpl$DelegatedTask$DelegatedAction.run(SSLEngineImpl.java:1277) ~[?:?]
	at sun.security.ssl.SSLEngineImpl$DelegatedTask$DelegatedAction.run(SSLEngineImpl.java:1264) ~[?:?]
	at java.security.AccessController.doPrivileged(AccessController.java:712) ~[?:?]
	at sun.security.ssl.SSLEngineImpl$DelegatedTask.run(SSLEngineImpl.java:1209) ~[?:?]
	at java.util.ArrayList.forEach(ArrayList.java:1511) ~[?:?]
	at jdk.internal.net.http.common.SSLFlowDelegate.lambda$executeTasks$3(SSLFlowDelegate.java:1133) ~[java.net.http:?]
	at jdk.internal.net.http.HttpClientImpl$DelegatingExecutor.execute(HttpClientImpl.java:174) ~[java.net.http:?]
	at jdk.internal.net.http.common.SSLFlowDelegate.executeTasks(SSLFlowDelegate.java:1128) ~[java.net.http:?]
	at jdk.internal.net.http.common.SSLFlowDelegate.doHandshake(SSLFlowDelegate.java:1094) ~[java.net.http:?]
	at jdk.internal.net.http.common.SSLFlowDelegate$Reader.processData(SSLFlowDelegate.java:498) ~[java.net.http:?]
	at jdk.internal.net.http.common.SSLFlowDelegate$Reader$ReaderDownstreamPusher.run(SSLFlowDelegate.java:282) ~[java.net.http:?]
	at jdk.internal.net.http.common.SequentialScheduler$LockingRestartableTask.run(SequentialScheduler.java:205) ~[java.net.http:?]
	at jdk.internal.net.http.common.SequentialScheduler$CompleteRestartableTask.run(SequentialScheduler.java:149) ~[java.net.http:?]
	at jdk.internal.net.http.common.SequentialScheduler$TryEndDeferredCompleter.complete(SequentialScheduler.java:347) ~[java.net.http:?]
	at jdk.internal.net.http.common.SequentialScheduler$CompleteRestartableTask.run(SequentialScheduler.java:151) ~[java.net.http:?]
	at jdk.internal.net.http.common.SequentialScheduler$SchedulableTask.run(SequentialScheduler.java:230) ~[java.net.http:?]
	at java.util.concurrent.ThreadPoolExecutor.runWorker(ThreadPoolExecutor.java:1136) ~[?:?]
	at java.util.concurrent.ThreadPoolExecutor$Worker.run(ThreadPoolExecutor.java:635) ~[?:?]
	at java.lang.Thread.run(Thread.java:840) ~[?:?]
Caused by: java.security.cert.CertPathValidatorException: validity check failed
	at sun.security.provider.certpath.PKIXMasterCertPathValidator.validate(PKIXMasterCertPathValidator.java:135) ~[?:?]
	at sun.security.provider.certpath.PKIXCertPathValidator.validate(PKIXCertPathValidator.java:224) ~[?:?]
	at sun.security.provider.certpath.PKIXCertPathValidator.validate(PKIXCertPathValidator.java:144) ~[?:?]
	at sun.security.provider.certpath.PKIXCertPathValidator.engineValidate(PKIXCertPathValidator.java:83) ~[?:?]
	at java.security.cert.CertPathValidator.validate(CertPathValidator.java:309) ~[?:?]
	at sun.security.validator.PKIXValidator.doValidate(PKIXValidator.java:364) ~[?:?]
	at sun.security.validator.PKIXValidator.engineValidate(PKIXValidator.java:275) ~[?:?]
	at sun.security.validator.Validator.validate(Validator.java:264) ~[?:?]
	at sun.security.ssl.X509TrustManagerImpl.checkTrusted(X509TrustManagerImpl.java:285) ~[?:?]
	at sun.security.ssl.X509TrustManagerImpl.checkServerTrusted(X509TrustManagerImpl.java:144) ~[?:?]
	at sun.security.ssl.CertificateMessage$T12CertificateConsumer.checkServerCerts(CertificateMessage.java:632) ~[?:?]
	at sun.security.ssl.CertificateMessage$T12CertificateConsumer.onCertificate(CertificateMessage.java:473) ~[?:?]
	at sun.security.ssl.CertificateMessage$T12CertificateConsumer.consume(CertificateMessage.java:369) ~[?:?]
	at sun.security.ssl.SSLHandshake.consume(SSLHandshake.java:396) ~[?:?]
	at sun.security.ssl.HandshakeContext.dispatch(HandshakeContext.java:481) ~[?:?]
	at sun.security.ssl.SSLEngineImpl$DelegatedTask$DelegatedAction.run(SSLEngineImpl.java:1277) ~[?:?]
	at sun.security.ssl.SSLEngineImpl$DelegatedTask$DelegatedAction.run(SSLEngineImpl.java:1264) ~[?:?]
	at java.security.AccessController.doPrivileged(AccessController.java:712) ~[?:?]
	at sun.security.ssl.SSLEngineImpl$DelegatedTask.run(SSLEngineImpl.java:1209) ~[?:?]
	at java.util.ArrayList.forEach(ArrayList.java:1511) ~[?:?]
	at jdk.internal.net.http.common.SSLFlowDelegate.lambda$executeTasks$3(SSLFlowDelegate.java:1133) ~[java.net.http:?]
	at jdk.internal.net.http.HttpClientImpl$DelegatingExecutor.execute(HttpClientImpl.java:174) ~[java.net.http:?]
	at jdk.internal.net.http.common.SSLFlowDelegate.executeTasks(SSLFlowDelegate.java:1128) ~[java.net.http:?]
	at jdk.internal.net.http.common.SSLFlowDelegate.doHandshake(SSLFlowDelegate.java:1094) ~[java.net.http:?]
	at jdk.internal.net.http.common.SSLFlowDelegate$Reader.processData(SSLFlowDelegate.java:498) ~[java.net.http:?]
	at jdk.internal.net.http.common.SSLFlowDelegate$Reader$ReaderDownstreamPusher.run(SSLFlowDelegate.java:282) ~[java.net.http:?]
	at jdk.internal.net.http.common.SequentialScheduler$LockingRestartableTask.run(SequentialScheduler.java:205) ~[java.net.http:?]
	at jdk.internal.net.http.common.SequentialScheduler$CompleteRestartableTask.run(SequentialScheduler.java:149) ~[java.net.http:?]
	at jdk.internal.net.http.common.SequentialScheduler$TryEndDeferredCompleter.complete(SequentialScheduler.java:347) ~[java.net.http:?]
	at jdk.internal.net.http.common.SequentialScheduler$CompleteRestartableTask.run(SequentialScheduler.java:151) ~[java.net.http:?]
	at jdk.internal.net.http.common.SequentialScheduler$SchedulableTask.run(SequentialScheduler.java:230) ~[java.net.http:?]
	at java.util.concurrent.ThreadPoolExecutor.runWorker(ThreadPoolExecutor.java:1136) ~[?:?]
	at java.util.concurrent.ThreadPoolExecutor$Worker.run(ThreadPoolExecutor.java:635) ~[?:?]
	at java.lang.Thread.run(Thread.java:840) ~[?:?]
Caused by: java.security.cert.CertificateExpiredException: NotAfter: Sat Sep 06 14:33:56 UTC 2025
	at sun.security.x509.CertificateValidity.valid(CertificateValidity.java:274) ~[?:?]
	at sun.security.x509.X509CertImpl.checkValidity(X509CertImpl.java:621) ~[?:?]
	at sun.security.provider.certpath.BasicChecker.verifyValidity(BasicChecker.java:190) ~[?:?]
	at sun.security.provider.certpath.BasicChecker.check(BasicChecker.java:144) ~[?:?]
	at sun.security.provider.certpath.PKIXMasterCertPathValidator.validate(PKIXMasterCertPathValidator.java:125) ~[?:?]
	at sun.security.provider.certpath.PKIXCertPathValidator.validate(PKIXCertPathValidator.java:224) ~[?:?]
	at sun.security.provider.certpath.PKIXCertPathValidator.validate(PKIXCertPathValidator.java:144) ~[?:?]
	at sun.security.provider.certpath.PKIXCertPathValidator.engineValidate(PKIXCertPathValidator.java:83) ~[?:?]
	at java.security.cert.CertPathValidator.validate(CertPathValidator.java:309) ~[?:?]
	at sun.security.validator.PKIXValidator.doValidate(PKIXValidator.java:364) ~[?:?]
	at sun.security.validator.PKIXValidator.engineValidate(PKIXValidator.java:275) ~[?:?]
	at sun.security.validator.Validator.validate(Validator.java:264) ~[?:?]
	at sun.security.ssl.X509TrustManagerImpl.checkTrusted(X509TrustManagerImpl.java:285) ~[?:?]
	at sun.security.ssl.X509TrustManagerImpl.checkServerTrusted(X509TrustManagerImpl.java:144) ~[?:?]
	at sun.security.ssl.CertificateMessage$T12CertificateConsumer.checkServerCerts(CertificateMessage.java:632) ~[?:?]
	at sun.security.ssl.CertificateMessage$T12CertificateConsumer.onCertificate(CertificateMessage.java:473) ~[?:?]
	at sun.security.ssl.CertificateMessage$T12CertificateConsumer.consume(CertificateMessage.java:369) ~[?:?]
	at sun.security.ssl.SSLHandshake.consume(SSLHandshake.java:396) ~[?:?]
	at sun.security.ssl.HandshakeContext.dispatch(HandshakeContext.java:481) ~[?:?]
	at sun.security.ssl.SSLEngineImpl$DelegatedTask$DelegatedAction.run(SSLEngineImpl.java:1277) ~[?:?]
	at sun.security.ssl.SSLEngineImpl$DelegatedTask$DelegatedAction.run(SSLEngineImpl.java:1264) ~[?:?]
	at java.security.AccessController.doPrivileged(AccessController.java:712) ~[?:?]
	at sun.security.ssl.SSLEngineImpl$DelegatedTask.run(SSLEngineImpl.java:1209) ~[?:?]
	at java.util.ArrayList.forEach(ArrayList.java:1511) ~[?:?]
	at jdk.internal.net.http.common.SSLFlowDelegate.lambda$executeTasks$3(SSLFlowDelegate.java:1133) ~[java.net.http:?]
	at jdk.internal.net.http.HttpClientImpl$DelegatingExecutor.execute(HttpClientImpl.java:174) ~[java.net.http:?]
	at jdk.internal.net.http.common.SSLFlowDelegate.executeTasks(SSLFlowDelegate.java:1128) ~[java.net.http:?]
	at jdk.internal.net.http.common.SSLFlowDelegate.doHandshake(SSLFlowDelegate.java:1094) ~[java.net.http:?]
	at jdk.internal.net.http.common.SSLFlowDelegate$Reader.processData(SSLFlowDelegate.java:498) ~[java.net.http:?]
	at jdk.internal.net.http.common.SSLFlowDelegate$Reader$ReaderDownstreamPusher.run(SSLFlowDelegate.java:282) ~[java.net.http:?]
	at jdk.internal.net.http.common.SequentialScheduler$LockingRestartableTask.run(SequentialScheduler.java:205) ~[java.net.http:?]
	at jdk.internal.net.http.common.SequentialScheduler$CompleteRestartableTask.run(SequentialScheduler.java:149) ~[java.net.http:?]
	at jdk.internal.net.http.common.SequentialScheduler$TryEndDeferredCompleter.complete(SequentialScheduler.java:347) ~[java.net.http:?]
	at jdk.internal.net.http.common.SequentialScheduler$CompleteRestartableTask.run(SequentialScheduler.java:151) ~[java.net.http:?]
	at jdk.internal.net.http.common.SequentialScheduler$SchedulableTask.run(SequentialScheduler.java:230) ~[java.net.http:?]
	at java.util.concurrent.ThreadPoolExecutor.runWorker(ThreadPoolExecutor.java:1136) ~[?:?]
	at java.util.concurrent.ThreadPoolExecutor$Worker.run(ThreadPoolExecutor.java:635) ~[?:?]
	at java.lang.Thread.run(Thread.java:840) ~[?:?]
[05Dec2025 00:59:05.321] [Forge Version Check/INFO] [net.minecraftforge.fml.VersionChecker/]: [travelersbackpack] Starting version check at https://gist.githubusercontent.com/Tiviacz1337/906937677aa472285dff9d6c2a189d5e/raw
[05Dec2025 00:59:05.579] [main/INFO] [bettervillage/]: StructureSet modified for minecraft:village : Now using custom village configuration (can be disabled in the better villages config: boolean.villages.enabled_custom_config).
[05Dec2025 00:59:05.581] [Forge Version Check/INFO] [net.minecraftforge.fml.VersionChecker/]: [travelersbackpack] Found status: AHEAD Current: 9.1.46 Target: null
[05Dec2025 00:59:05.582] [Forge Version Check/INFO] [net.minecraftforge.fml.VersionChecker/]: [configured] Starting version check at https://mrcrayfish.com/modupdatejson?id=configured
[05Dec2025 00:59:05.787] [Forge Version Check/WARN] [net.minecraftforge.fml.VersionChecker/]: Failed to process update information
com.google.gson.JsonSyntaxException: java.lang.IllegalStateException: Expected BEGIN_OBJECT but was STRING at line 1 column 1 path $
	at com.google.gson.Gson.fromJson(Gson.java:1226) ~[gson-2.10.jar%2372!/:?]
	at com.google.gson.Gson.fromJson(Gson.java:1124) ~[gson-2.10.jar%2372!/:?]
	at com.google.gson.Gson.fromJson(Gson.java:1034) ~[gson-2.10.jar%2372!/:?]
	at com.google.gson.Gson.fromJson(Gson.java:969) ~[gson-2.10.jar%2372!/:?]
	at net.minecraftforge.fml.VersionChecker$1.process(VersionChecker.java:186) ~[fmlcore-1.20.1-47.4.3.jar%23240!/:?]
	at java.lang.Iterable.forEach(Iterable.java:75) ~[?:?]
	at net.minecraftforge.fml.VersionChecker$1.run(VersionChecker.java:117) ~[fmlcore-1.20.1-47.4.3.jar%23240!/:?]
Caused by: java.lang.IllegalStateException: Expected BEGIN_OBJECT but was STRING at line 1 column 1 path $
	at com.google.gson.stream.JsonReader.beginObject(JsonReader.java:393) ~[gson-2.10.jar%2372!/:?]
	at com.google.gson.internal.bind.MapTypeAdapterFactory$Adapter.read(MapTypeAdapterFactory.java:182) ~[gson-2.10.jar%2372!/:?]
	at com.google.gson.internal.bind.MapTypeAdapterFactory$Adapter.read(MapTypeAdapterFactory.java:144) ~[gson-2.10.jar%2372!/:?]
	at com.google.gson.Gson.fromJson(Gson.java:1214) ~[gson-2.10.jar%2372!/:?]
	... 6 more
[05Dec2025 00:59:05.792] [Forge Version Check/INFO] [net.minecraftforge.fml.VersionChecker/]: [maxhealthfix] Starting version check at https://updates.blamejared.com/get?n=maxhealthfix&gv=1.20.1
[05Dec2025 00:59:05.889] [Forge Version Check/INFO] [net.minecraftforge.fml.VersionChecker/]: [maxhealthfix] Found status: BETA Current: 12.0.3 Target: 12.0.3
[05Dec2025 00:59:05.890] [Forge Version Check/INFO] [net.minecraftforge.fml.VersionChecker/]: [bookshelf] Starting version check at https://updates.blamejared.com/get?n=bookshelf&gv=1.20.1
[05Dec2025 00:59:05.992] [Forge Version Check/INFO] [net.minecraftforge.fml.VersionChecker/]: [bookshelf] Found status: BETA Current: 20.2.13 Target: 20.2.13
[05Dec2025 00:59:05.993] [Forge Version Check/INFO] [net.minecraftforge.fml.VersionChecker/]: [forge] Starting version check at https://files.minecraftforge.net/net/minecraftforge/forge/promotions_slim.json
[05Dec2025 00:59:06.108] [Forge Version Check/INFO] [net.minecraftforge.fml.VersionChecker/]: [forge] Found status: OUTDATED Current: 47.4.3 Target: 47.4.10
[05Dec2025 00:59:06.109] [Forge Version Check/INFO] [net.minecraftforge.fml.VersionChecker/]: [advancementplaques] Starting version check at https://mc-update-check.anthonyhilyard.com/499826
[05Dec2025 00:59:06.147] [Forge Version Check/WARN] [net.minecraftforge.fml.VersionChecker/]: Failed to process update information
javax.net.ssl.SSLHandshakeException: PKIX path validation failed: java.security.cert.CertPathValidatorException: validity check failed
	at jdk.internal.net.http.HttpClientImpl.send(HttpClientImpl.java:905) ~[java.net.http:?]
	at jdk.internal.net.http.HttpClientFacade.send(HttpClientFacade.java:133) ~[java.net.http:?]
	at net.minecraftforge.fml.VersionChecker$1.openUrlString(VersionChecker.java:142) ~[fmlcore-1.20.1-47.4.3.jar%23240!/:?]
	at net.minecraftforge.fml.VersionChecker$1.process(VersionChecker.java:180) ~[fmlcore-1.20.1-47.4.3.jar%23240!/:?]
	at java.lang.Iterable.forEach(Iterable.java:75) ~[?:?]
	at net.minecraftforge.fml.VersionChecker$1.run(VersionChecker.java:117) ~[fmlcore-1.20.1-47.4.3.jar%23240!/:?]
Caused by: javax.net.ssl.SSLHandshakeException: PKIX path validation failed: java.security.cert.CertPathValidatorException: validity check failed
	at sun.security.ssl.Alert.createSSLException(Alert.java:131) ~[?:?]
	at sun.security.ssl.TransportContext.fatal(TransportContext.java:383) ~[?:?]
	at sun.security.ssl.TransportContext.fatal(TransportContext.java:326) ~[?:?]
	at sun.security.ssl.TransportContext.fatal(TransportContext.java:321) ~[?:?]
	at sun.security.ssl.CertificateMessage$T12CertificateConsumer.checkServerCerts(CertificateMessage.java:654) ~[?:?]
	at sun.security.ssl.CertificateMessage$T12CertificateConsumer.onCertificate(CertificateMessage.java:473) ~[?:?]
	at sun.security.ssl.CertificateMessage$T12CertificateConsumer.consume(CertificateMessage.java:369) ~[?:?]
	at sun.security.ssl.SSLHandshake.consume(SSLHandshake.java:396) ~[?:?]
	at sun.security.ssl.HandshakeContext.dispatch(HandshakeContext.java:481) ~[?:?]
	at sun.security.ssl.SSLEngineImpl$DelegatedTask$DelegatedAction.run(SSLEngineImpl.java:1277) ~[?:?]
	at sun.security.ssl.SSLEngineImpl$DelegatedTask$DelegatedAction.run(SSLEngineImpl.java:1264) ~[?:?]
	at java.security.AccessController.doPrivileged(AccessController.java:712) ~[?:?]
	at sun.security.ssl.SSLEngineImpl$DelegatedTask.run(SSLEngineImpl.java:1209) ~[?:?]
	at java.util.ArrayList.forEach(ArrayList.java:1511) ~[?:?]
	at jdk.internal.net.http.common.SSLFlowDelegate.lambda$executeTasks$3(SSLFlowDelegate.java:1133) ~[java.net.http:?]
	at jdk.internal.net.http.HttpClientImpl$DelegatingExecutor.execute(HttpClientImpl.java:174) ~[java.net.http:?]
	at jdk.internal.net.http.common.SSLFlowDelegate.executeTasks(SSLFlowDelegate.java:1128) ~[java.net.http:?]
	at jdk.internal.net.http.common.SSLFlowDelegate.doHandshake(SSLFlowDelegate.java:1094) ~[java.net.http:?]
	at jdk.internal.net.http.common.SSLFlowDelegate$Reader.processData(SSLFlowDelegate.java:498) ~[java.net.http:?]
	at jdk.internal.net.http.common.SSLFlowDelegate$Reader$ReaderDownstreamPusher.run(SSLFlowDelegate.java:282) ~[java.net.http:?]
	at jdk.internal.net.http.common.SequentialScheduler$LockingRestartableTask.run(SequentialScheduler.java:205) ~[java.net.http:?]
	at jdk.internal.net.http.common.SequentialScheduler$CompleteRestartableTask.run(SequentialScheduler.java:149) ~[java.net.http:?]
	at jdk.internal.net.http.common.SequentialScheduler$TryEndDeferredCompleter.complete(SequentialScheduler.java:347) ~[java.net.http:?]
	at jdk.internal.net.http.common.SequentialScheduler$CompleteRestartableTask.run(SequentialScheduler.java:151) ~[java.net.http:?]
	at jdk.internal.net.http.common.SequentialScheduler$SchedulableTask.run(SequentialScheduler.java:230) ~[java.net.http:?]
	at java.util.concurrent.ThreadPoolExecutor.runWorker(ThreadPoolExecutor.java:1136) ~[?:?]
	at java.util.concurrent.ThreadPoolExecutor$Worker.run(ThreadPoolExecutor.java:635) ~[?:?]
	at java.lang.Thread.run(Thread.java:840) ~[?:?]
Caused by: sun.security.validator.ValidatorException: PKIX path validation failed: java.security.cert.CertPathValidatorException: validity check failed
	at sun.security.validator.PKIXValidator.doValidate(PKIXValidator.java:369) ~[?:?]
	at sun.security.validator.PKIXValidator.engineValidate(PKIXValidator.java:275) ~[?:?]
	at sun.security.validator.Validator.validate(Validator.java:264) ~[?:?]
	at sun.security.ssl.X509TrustManagerImpl.checkTrusted(X509TrustManagerImpl.java:285) ~[?:?]
	at sun.security.ssl.X509TrustManagerImpl.checkServerTrusted(X509TrustManagerImpl.java:144) ~[?:?]
	at sun.security.ssl.CertificateMessage$T12CertificateConsumer.checkServerCerts(CertificateMessage.java:632) ~[?:?]
	at sun.security.ssl.CertificateMessage$T12CertificateConsumer.onCertificate(CertificateMessage.java:473) ~[?:?]
	at sun.security.ssl.CertificateMessage$T12CertificateConsumer.consume(CertificateMessage.java:369) ~[?:?]
	at sun.security.ssl.SSLHandshake.consume(SSLHandshake.java:396) ~[?:?]
	at sun.security.ssl.HandshakeContext.dispatch(HandshakeContext.java:481) ~[?:?]
	at sun.security.ssl.SSLEngineImpl$DelegatedTask$DelegatedAction.run(SSLEngineImpl.java:1277) ~[?:?]
	at sun.security.ssl.SSLEngineImpl$DelegatedTask$DelegatedAction.run(SSLEngineImpl.java:1264) ~[?:?]
	at java.security.AccessController.doPrivileged(AccessController.java:712) ~[?:?]
	at sun.security.ssl.SSLEngineImpl$DelegatedTask.run(SSLEngineImpl.java:1209) ~[?:?]
	at java.util.ArrayList.forEach(ArrayList.java:1511) ~[?:?]
	at jdk.internal.net.http.common.SSLFlowDelegate.lambda$executeTasks$3(SSLFlowDelegate.java:1133) ~[java.net.http:?]
	at jdk.internal.net.http.HttpClientImpl$DelegatingExecutor.execute(HttpClientImpl.java:174) ~[java.net.http:?]
	at jdk.internal.net.http.common.SSLFlowDelegate.executeTasks(SSLFlowDelegate.java:1128) ~[java.net.http:?]
	at jdk.internal.net.http.common.SSLFlowDelegate.doHandshake(SSLFlowDelegate.java:1094) ~[java.net.http:?]
	at jdk.internal.net.http.common.SSLFlowDelegate$Reader.processData(SSLFlowDelegate.java:498) ~[java.net.http:?]
	at jdk.internal.net.http.common.SSLFlowDelegate$Reader$ReaderDownstreamPusher.run(SSLFlowDelegate.java:282) ~[java.net.http:?]
	at jdk.internal.net.http.common.SequentialScheduler$LockingRestartableTask.run(SequentialScheduler.java:205) ~[java.net.http:?]
	at jdk.internal.net.http.common.SequentialScheduler$CompleteRestartableTask.run(SequentialScheduler.java:149) ~[java.net.http:?]
	at jdk.internal.net.http.common.SequentialScheduler$TryEndDeferredCompleter.complete(SequentialScheduler.java:347) ~[java.net.http:?]
	at jdk.internal.net.http.common.SequentialScheduler$CompleteRestartableTask.run(SequentialScheduler.java:151) ~[java.net.http:?]
	at jdk.internal.net.http.common.SequentialScheduler$SchedulableTask.run(SequentialScheduler.java:230) ~[java.net.http:?]
	at java.util.concurrent.ThreadPoolExecutor.runWorker(ThreadPoolExecutor.java:1136) ~[?:?]
	at java.util.concurrent.ThreadPoolExecutor$Worker.run(ThreadPoolExecutor.java:635) ~[?:?]
	at java.lang.Thread.run(Thread.java:840) ~[?:?]
Caused by: java.security.cert.CertPathValidatorException: validity check failed
	at sun.security.provider.certpath.PKIXMasterCertPathValidator.validate(PKIXMasterCertPathValidator.java:135) ~[?:?]
	at sun.security.provider.certpath.PKIXCertPathValidator.validate(PKIXCertPathValidator.java:224) ~[?:?]
	at sun.security.provider.certpath.PKIXCertPathValidator.validate(PKIXCertPathValidator.java:144) ~[?:?]
	at sun.security.provider.certpath.PKIXCertPathValidator.engineValidate(PKIXCertPathValidator.java:83) ~[?:?]
	at java.security.cert.CertPathValidator.validate(CertPathValidator.java:309) ~[?:?]
	at sun.security.validator.PKIXValidator.doValidate(PKIXValidator.java:364) ~[?:?]
	at sun.security.validator.PKIXValidator.engineValidate(PKIXValidator.java:275) ~[?:?]
	at sun.security.validator.Validator.validate(Validator.java:264) ~[?:?]
	at sun.security.ssl.X509TrustManagerImpl.checkTrusted(X509TrustManagerImpl.java:285) ~[?:?]
	at sun.security.ssl.X509TrustManagerImpl.checkServerTrusted(X509TrustManagerImpl.java:144) ~[?:?]
	at sun.security.ssl.CertificateMessage$T12CertificateConsumer.checkServerCerts(CertificateMessage.java:632) ~[?:?]
	at sun.security.ssl.CertificateMessage$T12CertificateConsumer.onCertificate(CertificateMessage.java:473) ~[?:?]
	at sun.security.ssl.CertificateMessage$T12CertificateConsumer.consume(CertificateMessage.java:369) ~[?:?]
	at sun.security.ssl.SSLHandshake.consume(SSLHandshake.java:396) ~[?:?]
	at sun.security.ssl.HandshakeContext.dispatch(HandshakeContext.java:481) ~[?:?]
	at sun.security.ssl.SSLEngineImpl$DelegatedTask$DelegatedAction.run(SSLEngineImpl.java:1277) ~[?:?]
	at sun.security.ssl.SSLEngineImpl$DelegatedTask$DelegatedAction.run(SSLEngineImpl.java:1264) ~[?:?]
	at java.security.AccessController.doPrivileged(AccessController.java:712) ~[?:?]
	at sun.security.ssl.SSLEngineImpl$DelegatedTask.run(SSLEngineImpl.java:1209) ~[?:?]
	at java.util.ArrayList.forEach(ArrayList.java:1511) ~[?:?]
	at jdk.internal.net.http.common.SSLFlowDelegate.lambda$executeTasks$3(SSLFlowDelegate.java:1133) ~[java.net.http:?]
	at jdk.internal.net.http.HttpClientImpl$DelegatingExecutor.execute(HttpClientImpl.java:174) ~[java.net.http:?]
	at jdk.internal.net.http.common.SSLFlowDelegate.executeTasks(SSLFlowDelegate.java:1128) ~[java.net.http:?]
	at jdk.internal.net.http.common.SSLFlowDelegate.doHandshake(SSLFlowDelegate.java:1094) ~[java.net.http:?]
	at jdk.internal.net.http.common.SSLFlowDelegate$Reader.processData(SSLFlowDelegate.java:498) ~[java.net.http:?]
	at jdk.internal.net.http.common.SSLFlowDelegate$Reader$ReaderDownstreamPusher.run(SSLFlowDelegate.java:282) ~[java.net.http:?]
	at jdk.internal.net.http.common.SequentialScheduler$LockingRestartableTask.run(SequentialScheduler.java:205) ~[java.net.http:?]
	at jdk.internal.net.http.common.SequentialScheduler$CompleteRestartableTask.run(SequentialScheduler.java:149) ~[java.net.http:?]
	at jdk.internal.net.http.common.SequentialScheduler$TryEndDeferredCompleter.complete(SequentialScheduler.java:347) ~[java.net.http:?]
	at jdk.internal.net.http.common.SequentialScheduler$CompleteRestartableTask.run(SequentialScheduler.java:151) ~[java.net.http:?]
	at jdk.internal.net.http.common.SequentialScheduler$SchedulableTask.run(SequentialScheduler.java:230) ~[java.net.http:?]
	at java.util.concurrent.ThreadPoolExecutor.runWorker(ThreadPoolExecutor.java:1136) ~[?:?]
	at java.util.concurrent.ThreadPoolExecutor$Worker.run(ThreadPoolExecutor.java:635) ~[?:?]
	at java.lang.Thread.run(Thread.java:840) ~[?:?]
Caused by: java.security.cert.CertificateExpiredException: NotAfter: Sat Sep 06 14:33:56 UTC 2025
	at sun.security.x509.CertificateValidity.valid(CertificateValidity.java:274) ~[?:?]
	at sun.security.x509.X509CertImpl.checkValidity(X509CertImpl.java:621) ~[?:?]
	at sun.security.provider.certpath.BasicChecker.verifyValidity(BasicChecker.java:190) ~[?:?]
	at sun.security.provider.certpath.BasicChecker.check(BasicChecker.java:144) ~[?:?]
	at sun.security.provider.certpath.PKIXMasterCertPathValidator.validate(PKIXMasterCertPathValidator.java:125) ~[?:?]
	at sun.security.provider.certpath.PKIXCertPathValidator.validate(PKIXCertPathValidator.java:224) ~[?:?]
	at sun.security.provider.certpath.PKIXCertPathValidator.validate(PKIXCertPathValidator.java:144) ~[?:?]
	at sun.security.provider.certpath.PKIXCertPathValidator.engineValidate(PKIXCertPathValidator.java:83) ~[?:?]
	at java.security.cert.CertPathValidator.validate(CertPathValidator.java:309) ~[?:?]
	at sun.security.validator.PKIXValidator.doValidate(PKIXValidator.java:364) ~[?:?]
	at sun.security.validator.PKIXValidator.engineValidate(PKIXValidator.java:275) ~[?:?]
	at sun.security.validator.Validator.validate(Validator.java:264) ~[?:?]
	at sun.security.ssl.X509TrustManagerImpl.checkTrusted(X509TrustManagerImpl.java:285) ~[?:?]
	at sun.security.ssl.X509TrustManagerImpl.checkServerTrusted(X509TrustManagerImpl.java:144) ~[?:?]
	at sun.security.ssl.CertificateMessage$T12CertificateConsumer.checkServerCerts(CertificateMessage.java:632) ~[?:?]
	at sun.security.ssl.CertificateMessage$T12CertificateConsumer.onCertificate(CertificateMessage.java:473) ~[?:?]
	at sun.security.ssl.CertificateMessage$T12CertificateConsumer.consume(CertificateMessage.java:369) ~[?:?]
	at sun.security.ssl.SSLHandshake.consume(SSLHandshake.java:396) ~[?:?]
	at sun.security.ssl.HandshakeContext.dispatch(HandshakeContext.java:481) ~[?:?]
	at sun.security.ssl.SSLEngineImpl$DelegatedTask$DelegatedAction.run(SSLEngineImpl.java:1277) ~[?:?]
	at sun.security.ssl.SSLEngineImpl$DelegatedTask$DelegatedAction.run(SSLEngineImpl.java:1264) ~[?:?]
	at java.security.AccessController.doPrivileged(AccessController.java:712) ~[?:?]
	at sun.security.ssl.SSLEngineImpl$DelegatedTask.run(SSLEngineImpl.java:1209) ~[?:?]
	at java.util.ArrayList.forEach(ArrayList.java:1511) ~[?:?]
	at jdk.internal.net.http.common.SSLFlowDelegate.lambda$executeTasks$3(SSLFlowDelegate.java:1133) ~[java.net.http:?]
	at jdk.internal.net.http.HttpClientImpl$DelegatingExecutor.execute(HttpClientImpl.java:174) ~[java.net.http:?]
	at jdk.internal.net.http.common.SSLFlowDelegate.executeTasks(SSLFlowDelegate.java:1128) ~[java.net.http:?]
	at jdk.internal.net.http.common.SSLFlowDelegate.doHandshake(SSLFlowDelegate.java:1094) ~[java.net.http:?]
	at jdk.internal.net.http.common.SSLFlowDelegate$Reader.processData(SSLFlowDelegate.java:498) ~[java.net.http:?]
	at jdk.internal.net.http.common.SSLFlowDelegate$Reader$ReaderDownstreamPusher.run(SSLFlowDelegate.java:282) ~[java.net.http:?]
	at jdk.internal.net.http.common.SequentialScheduler$LockingRestartableTask.run(SequentialScheduler.java:205) ~[java.net.http:?]
	at jdk.internal.net.http.common.SequentialScheduler$CompleteRestartableTask.run(SequentialScheduler.java:149) ~[java.net.http:?]
	at jdk.internal.net.http.common.SequentialScheduler$TryEndDeferredCompleter.complete(SequentialScheduler.java:347) ~[java.net.http:?]
	at jdk.internal.net.http.common.SequentialScheduler$CompleteRestartableTask.run(SequentialScheduler.java:151) ~[java.net.http:?]
	at jdk.internal.net.http.common.SequentialScheduler$SchedulableTask.run(SequentialScheduler.java:230) ~[java.net.http:?]
	at java.util.concurrent.ThreadPoolExecutor.runWorker(ThreadPoolExecutor.java:1136) ~[?:?]
	at java.util.concurrent.ThreadPoolExecutor$Worker.run(ThreadPoolExecutor.java:635) ~[?:?]
	at java.lang.Thread.run(Thread.java:840) ~[?:?]
[05Dec2025 00:59:06.150] [Forge Version Check/INFO] [net.minecraftforge.fml.VersionChecker/]: [moonlight] Starting version check at https://api.modrinth.com/updates/moonlight/forge_updates.json
[05Dec2025 00:59:06.383] [Forge Version Check/INFO] [net.minecraftforge.fml.VersionChecker/]: [moonlight] Found status: OUTDATED Current: 1.20-2.16.16 Target: 1.20-2.16.16-forge
[05Dec2025 00:59:06.384] [Forge Version Check/INFO] [net.minecraftforge.fml.VersionChecker/]: [smoothboot] Starting version check at https://github.com/AbdElAziz333/SmoothBoot-Reloaded/raw/mc1.20.1/dev/updates.json
[05Dec2025 00:59:06.416] [Forge Version Check/INFO] [net.minecraftforge.fml.VersionChecker/]: [smoothboot] Found status: UP_TO_DATE Current: 0.0.4 Target: null
[05Dec2025 00:59:06.417] [Forge Version Check/INFO] [net.minecraftforge.fml.VersionChecker/]: [highlighter] Starting version check at https://mc-update-check.anthonyhilyard.com/521590
[05Dec2025 00:59:06.460] [Forge Version Check/WARN] [net.minecraftforge.fml.VersionChecker/]: Failed to process update information
javax.net.ssl.SSLHandshakeException: PKIX path validation failed: java.security.cert.CertPathValidatorException: validity check failed
	at jdk.internal.net.http.HttpClientImpl.send(HttpClientImpl.java:905) ~[java.net.http:?]
	at jdk.internal.net.http.HttpClientFacade.send(HttpClientFacade.java:133) ~[java.net.http:?]
	at net.minecraftforge.fml.VersionChecker$1.openUrlString(VersionChecker.java:142) ~[fmlcore-1.20.1-47.4.3.jar%23240!/:?]
	at net.minecraftforge.fml.VersionChecker$1.process(VersionChecker.java:180) ~[fmlcore-1.20.1-47.4.3.jar%23240!/:?]
	at java.lang.Iterable.forEach(Iterable.java:75) ~[?:?]
	at net.minecraftforge.fml.VersionChecker$1.run(VersionChecker.java:117) ~[fmlcore-1.20.1-47.4.3.jar%23240!/:?]
Caused by: javax.net.ssl.SSLHandshakeException: PKIX path validation failed: java.security.cert.CertPathValidatorException: validity check failed
	at sun.security.ssl.Alert.createSSLException(Alert.java:131) ~[?:?]
	at sun.security.ssl.TransportContext.fatal(TransportContext.java:383) ~[?:?]
	at sun.security.ssl.TransportContext.fatal(TransportContext.java:326) ~[?:?]
	at sun.security.ssl.TransportContext.fatal(TransportContext.java:321) ~[?:?]
	at sun.security.ssl.CertificateMessage$T12CertificateConsumer.checkServerCerts(CertificateMessage.java:654) ~[?:?]
	at sun.security.ssl.CertificateMessage$T12CertificateConsumer.onCertificate(CertificateMessage.java:473) ~[?:?]
	at sun.security.ssl.CertificateMessage$T12CertificateConsumer.consume(CertificateMessage.java:369) ~[?:?]
	at sun.security.ssl.SSLHandshake.consume(SSLHandshake.java:396) ~[?:?]
	at sun.security.ssl.HandshakeContext.dispatch(HandshakeContext.java:481) ~[?:?]
	at sun.security.ssl.SSLEngineImpl$DelegatedTask$DelegatedAction.run(SSLEngineImpl.java:1277) ~[?:?]
	at sun.security.ssl.SSLEngineImpl$DelegatedTask$DelegatedAction.run(SSLEngineImpl.java:1264) ~[?:?]
	at java.security.AccessController.doPrivileged(AccessController.java:712) ~[?:?]
	at sun.security.ssl.SSLEngineImpl$DelegatedTask.run(SSLEngineImpl.java:1209) ~[?:?]
	at java.util.ArrayList.forEach(ArrayList.java:1511) ~[?:?]
	at jdk.internal.net.http.common.SSLFlowDelegate.lambda$executeTasks$3(SSLFlowDelegate.java:1133) ~[java.net.http:?]
	at jdk.internal.net.http.HttpClientImpl$DelegatingExecutor.execute(HttpClientImpl.java:174) ~[java.net.http:?]
	at jdk.internal.net.http.common.SSLFlowDelegate.executeTasks(SSLFlowDelegate.java:1128) ~[java.net.http:?]
	at jdk.internal.net.http.common.SSLFlowDelegate.doHandshake(SSLFlowDelegate.java:1094) ~[java.net.http:?]
	at jdk.internal.net.http.common.SSLFlowDelegate$Reader.processData(SSLFlowDelegate.java:498) ~[java.net.http:?]
	at jdk.internal.net.http.common.SSLFlowDelegate$Reader$ReaderDownstreamPusher.run(SSLFlowDelegate.java:282) ~[java.net.http:?]
	at jdk.internal.net.http.common.SequentialScheduler$LockingRestartableTask.run(SequentialScheduler.java:205) ~[java.net.http:?]
	at jdk.internal.net.http.common.SequentialScheduler$CompleteRestartableTask.run(SequentialScheduler.java:149) ~[java.net.http:?]
	at jdk.internal.net.http.common.SequentialScheduler$TryEndDeferredCompleter.complete(SequentialScheduler.java:347) ~[java.net.http:?]
	at jdk.internal.net.http.common.SequentialScheduler$CompleteRestartableTask.run(SequentialScheduler.java:151) ~[java.net.http:?]
	at jdk.internal.net.http.common.SequentialScheduler$SchedulableTask.run(SequentialScheduler.java:230) ~[java.net.http:?]
	at java.util.concurrent.ThreadPoolExecutor.runWorker(ThreadPoolExecutor.java:1136) ~[?:?]
	at java.util.concurrent.ThreadPoolExecutor$Worker.run(ThreadPoolExecutor.java:635) ~[?:?]
	at java.lang.Thread.run(Thread.java:840) ~[?:?]
Caused by: sun.security.validator.ValidatorException: PKIX path validation failed: java.security.cert.CertPathValidatorException: validity check failed
	at sun.security.validator.PKIXValidator.doValidate(PKIXValidator.java:369) ~[?:?]
	at sun.security.validator.PKIXValidator.engineValidate(PKIXValidator.java:275) ~[?:?]
	at sun.security.validator.Validator.validate(Validator.java:264) ~[?:?]
	at sun.security.ssl.X509TrustManagerImpl.checkTrusted(X509TrustManagerImpl.java:285) ~[?:?]
	at sun.security.ssl.X509TrustManagerImpl.checkServerTrusted(X509TrustManagerImpl.java:144) ~[?:?]
	at sun.security.ssl.CertificateMessage$T12CertificateConsumer.checkServerCerts(CertificateMessage.java:632) ~[?:?]
	at sun.security.ssl.CertificateMessage$T12CertificateConsumer.onCertificate(CertificateMessage.java:473) ~[?:?]
	at sun.security.ssl.CertificateMessage$T12CertificateConsumer.consume(CertificateMessage.java:369) ~[?:?]
	at sun.security.ssl.SSLHandshake.consume(SSLHandshake.java:396) ~[?:?]
	at sun.security.ssl.HandshakeContext.dispatch(HandshakeContext.java:481) ~[?:?]
	at sun.security.ssl.SSLEngineImpl$DelegatedTask$DelegatedAction.run(SSLEngineImpl.java:1277) ~[?:?]
	at sun.security.ssl.SSLEngineImpl$DelegatedTask$DelegatedAction.run(SSLEngineImpl.java:1264) ~[?:?]
	at java.security.AccessController.doPrivileged(AccessController.java:712) ~[?:?]
	at sun.security.ssl.SSLEngineImpl$DelegatedTask.run(SSLEngineImpl.java:1209) ~[?:?]
	at java.util.ArrayList.forEach(ArrayList.java:1511) ~[?:?]
	at jdk.internal.net.http.common.SSLFlowDelegate.lambda$executeTasks$3(SSLFlowDelegate.java:1133) ~[java.net.http:?]
	at jdk.internal.net.http.HttpClientImpl$DelegatingExecutor.execute(HttpClientImpl.java:174) ~[java.net.http:?]
	at jdk.internal.net.http.common.SSLFlowDelegate.executeTasks(SSLFlowDelegate.java:1128) ~[java.net.http:?]
	at jdk.internal.net.http.common.SSLFlowDelegate.doHandshake(SSLFlowDelegate.java:1094) ~[java.net.http:?]
	at jdk.internal.net.http.common.SSLFlowDelegate$Reader.processData(SSLFlowDelegate.java:498) ~[java.net.http:?]
	at jdk.internal.net.http.common.SSLFlowDelegate$Reader$ReaderDownstreamPusher.run(SSLFlowDelegate.java:282) ~[java.net.http:?]
	at jdk.internal.net.http.common.SequentialScheduler$LockingRestartableTask.run(SequentialScheduler.java:205) ~[java.net.http:?]
	at jdk.internal.net.http.common.SequentialScheduler$CompleteRestartableTask.run(SequentialScheduler.java:149) ~[java.net.http:?]
	at jdk.internal.net.http.common.SequentialScheduler$TryEndDeferredCompleter.complete(SequentialScheduler.java:347) ~[java.net.http:?]
	at jdk.internal.net.http.common.SequentialScheduler$CompleteRestartableTask.run(SequentialScheduler.java:151) ~[java.net.http:?]
	at jdk.internal.net.http.common.SequentialScheduler$SchedulableTask.run(SequentialScheduler.java:230) ~[java.net.http:?]
	at java.util.concurrent.ThreadPoolExecutor.runWorker(ThreadPoolExecutor.java:1136) ~[?:?]
	at java.util.concurrent.ThreadPoolExecutor$Worker.run(ThreadPoolExecutor.java:635) ~[?:?]
	at java.lang.Thread.run(Thread.java:840) ~[?:?]
Caused by: java.security.cert.CertPathValidatorException: validity check failed
	at sun.security.provider.certpath.PKIXMasterCertPathValidator.validate(PKIXMasterCertPathValidator.java:135) ~[?:?]
	at sun.security.provider.certpath.PKIXCertPathValidator.validate(PKIXCertPathValidator.java:224) ~[?:?]
	at sun.security.provider.certpath.PKIXCertPathValidator.validate(PKIXCertPathValidator.java:144) ~[?:?]
	at sun.security.provider.certpath.PKIXCertPathValidator.engineValidate(PKIXCertPathValidator.java:83) ~[?:?]
	at java.security.cert.CertPathValidator.validate(CertPathValidator.java:309) ~[?:?]
	at sun.security.validator.PKIXValidator.doValidate(PKIXValidator.java:364) ~[?:?]
	at sun.security.validator.PKIXValidator.engineValidate(PKIXValidator.java:275) ~[?:?]
	at sun.security.validator.Validator.validate(Validator.java:264) ~[?:?]
	at sun.security.ssl.X509TrustManagerImpl.checkTrusted(X509TrustManagerImpl.java:285) ~[?:?]
	at sun.security.ssl.X509TrustManagerImpl.checkServerTrusted(X509TrustManagerImpl.java:144) ~[?:?]
	at sun.security.ssl.CertificateMessage$T12CertificateConsumer.checkServerCerts(CertificateMessage.java:632) ~[?:?]
	at sun.security.ssl.CertificateMessage$T12CertificateConsumer.onCertificate(CertificateMessage.java:473) ~[?:?]
	at sun.security.ssl.CertificateMessage$T12CertificateConsumer.consume(CertificateMessage.java:369) ~[?:?]
	at sun.security.ssl.SSLHandshake.consume(SSLHandshake.java:396) ~[?:?]
	at sun.security.ssl.HandshakeContext.dispatch(HandshakeContext.java:481) ~[?:?]
	at sun.security.ssl.SSLEngineImpl$DelegatedTask$DelegatedAction.run(SSLEngineImpl.java:1277) ~[?:?]
	at sun.security.ssl.SSLEngineImpl$DelegatedTask$DelegatedAction.run(SSLEngineImpl.java:1264) ~[?:?]
	at java.security.AccessController.doPrivileged(AccessController.java:712) ~[?:?]
	at sun.security.ssl.SSLEngineImpl$DelegatedTask.run(SSLEngineImpl.java:1209) ~[?:?]
	at java.util.ArrayList.forEach(ArrayList.java:1511) ~[?:?]
	at jdk.internal.net.http.common.SSLFlowDelegate.lambda$executeTasks$3(SSLFlowDelegate.java:1133) ~[java.net.http:?]
	at jdk.internal.net.http.HttpClientImpl$DelegatingExecutor.execute(HttpClientImpl.java:174) ~[java.net.http:?]
	at jdk.internal.net.http.common.SSLFlowDelegate.executeTasks(SSLFlowDelegate.java:1128) ~[java.net.http:?]
	at jdk.internal.net.http.common.SSLFlowDelegate.doHandshake(SSLFlowDelegate.java:1094) ~[java.net.http:?]
	at jdk.internal.net.http.common.SSLFlowDelegate$Reader.processData(SSLFlowDelegate.java:498) ~[java.net.http:?]
	at jdk.internal.net.http.common.SSLFlowDelegate$Reader$ReaderDownstreamPusher.run(SSLFlowDelegate.java:282) ~[java.net.http:?]
	at jdk.internal.net.http.common.SequentialScheduler$LockingRestartableTask.run(SequentialScheduler.java:205) ~[java.net.http:?]
	at jdk.internal.net.http.common.SequentialScheduler$CompleteRestartableTask.run(SequentialScheduler.java:149) ~[java.net.http:?]
	at jdk.internal.net.http.common.SequentialScheduler$TryEndDeferredCompleter.complete(SequentialScheduler.java:347) ~[java.net.http:?]
	at jdk.internal.net.http.common.SequentialScheduler$CompleteRestartableTask.run(SequentialScheduler.java:151) ~[java.net.http:?]
	at jdk.internal.net.http.common.SequentialScheduler$SchedulableTask.run(SequentialScheduler.java:230) ~[java.net.http:?]
	at java.util.concurrent.ThreadPoolExecutor.runWorker(ThreadPoolExecutor.java:1136) ~[?:?]
	at java.util.concurrent.ThreadPoolExecutor$Worker.run(ThreadPoolExecutor.java:635) ~[?:?]
	at java.lang.Thread.run(Thread.java:840) ~[?:?]
Caused by: java.security.cert.CertificateExpiredException: NotAfter: Sat Sep 06 14:33:56 UTC 2025
	at sun.security.x509.CertificateValidity.valid(CertificateValidity.java:274) ~[?:?]
	at sun.security.x509.X509CertImpl.checkValidity(X509CertImpl.java:621) ~[?:?]
	at sun.security.provider.certpath.BasicChecker.verifyValidity(BasicChecker.java:190) ~[?:?]
	at sun.security.provider.certpath.BasicChecker.check(BasicChecker.java:144) ~[?:?]
	at sun.security.provider.certpath.PKIXMasterCertPathValidator.validate(PKIXMasterCertPathValidator.java:125) ~[?:?]
	at sun.security.provider.certpath.PKIXCertPathValidator.validate(PKIXCertPathValidator.java:224) ~[?:?]
	at sun.security.provider.certpath.PKIXCertPathValidator.validate(PKIXCertPathValidator.java:144) ~[?:?]
	at sun.security.provider.certpath.PKIXCertPathValidator.engineValidate(PKIXCertPathValidator.java:83) ~[?:?]
	at java.security.cert.CertPathValidator.validate(CertPathValidator.java:309) ~[?:?]
	at sun.security.validator.PKIXValidator.doValidate(PKIXValidator.java:364) ~[?:?]
	at sun.security.validator.PKIXValidator.engineValidate(PKIXValidator.java:275) ~[?:?]
	at sun.security.validator.Validator.validate(Validator.java:264) ~[?:?]
	at sun.security.ssl.X509TrustManagerImpl.checkTrusted(X509TrustManagerImpl.java:285) ~[?:?]
	at sun.security.ssl.X509TrustManagerImpl.checkServerTrusted(X509TrustManagerImpl.java:144) ~[?:?]
	at sun.security.ssl.CertificateMessage$T12CertificateConsumer.checkServerCerts(CertificateMessage.java:632) ~[?:?]
	at sun.security.ssl.CertificateMessage$T12CertificateConsumer.onCertificate(CertificateMessage.java:473) ~[?:?]
	at sun.security.ssl.CertificateMessage$T12CertificateConsumer.consume(CertificateMessage.java:369) ~[?:?]
	at sun.security.ssl.SSLHandshake.consume(SSLHandshake.java:396) ~[?:?]
	at sun.security.ssl.HandshakeContext.dispatch(HandshakeContext.java:481) ~[?:?]
	at sun.security.ssl.SSLEngineImpl$DelegatedTask$DelegatedAction.run(SSLEngineImpl.java:1277) ~[?:?]
	at sun.security.ssl.SSLEngineImpl$DelegatedTask$DelegatedAction.run(SSLEngineImpl.java:1264) ~[?:?]
	at java.security.AccessController.doPrivileged(AccessController.java:712) ~[?:?]
	at sun.security.ssl.SSLEngineImpl$DelegatedTask.run(SSLEngineImpl.java:1209) ~[?:?]
	at java.util.ArrayList.forEach(ArrayList.java:1511) ~[?:?]
	at jdk.internal.net.http.common.SSLFlowDelegate.lambda$executeTasks$3(SSLFlowDelegate.java:1133) ~[java.net.http:?]
	at jdk.internal.net.http.HttpClientImpl$DelegatingExecutor.execute(HttpClientImpl.java:174) ~[java.net.http:?]
	at jdk.internal.net.http.common.SSLFlowDelegate.executeTasks(SSLFlowDelegate.java:1128) ~[java.net.http:?]
	at jdk.internal.net.http.common.SSLFlowDelegate.doHandshake(SSLFlowDelegate.java:1094) ~[java.net.http:?]
	at jdk.internal.net.http.common.SSLFlowDelegate$Reader.processData(SSLFlowDelegate.java:498) ~[java.net.http:?]
	at jdk.internal.net.http.common.SSLFlowDelegate$Reader$ReaderDownstreamPusher.run(SSLFlowDelegate.java:282) ~[java.net.http:?]
	at jdk.internal.net.http.common.SequentialScheduler$LockingRestartableTask.run(SequentialScheduler.java:205) ~[java.net.http:?]
	at jdk.internal.net.http.common.SequentialScheduler$CompleteRestartableTask.run(SequentialScheduler.java:149) ~[java.net.http:?]
	at jdk.internal.net.http.common.SequentialScheduler$TryEndDeferredCompleter.complete(SequentialScheduler.java:347) ~[java.net.http:?]
	at jdk.internal.net.http.common.SequentialScheduler$CompleteRestartableTask.run(SequentialScheduler.java:151) ~[java.net.http:?]
	at jdk.internal.net.http.common.SequentialScheduler$SchedulableTask.run(SequentialScheduler.java:230) ~[java.net.http:?]
	at java.util.concurrent.ThreadPoolExecutor.runWorker(ThreadPoolExecutor.java:1136) ~[?:?]
	at java.util.concurrent.ThreadPoolExecutor$Worker.run(ThreadPoolExecutor.java:635) ~[?:?]
	at java.lang.Thread.run(Thread.java:840) ~[?:?]
[05Dec2025 00:59:06.467] [Forge Version Check/INFO] [net.minecraftforge.fml.VersionChecker/]: [jeiintegration] Starting version check at https://cdn.snowshock35.com/mods/jei-integration/update.json
[05Dec2025 00:59:06.631] [Forge Version Check/INFO] [net.minecraftforge.fml.VersionChecker/]: [jeiintegration] Found status: BETA Current: 10.0.0 Target: null
[05Dec2025 00:59:06.632] [Forge Version Check/INFO] [net.minecraftforge.fml.VersionChecker/]: [iceberg] Starting version check at https://mc-update-check.anthonyhilyard.com/520110
[05Dec2025 00:59:06.689] [Forge Version Check/WARN] [net.minecraftforge.fml.VersionChecker/]: Failed to process update information
javax.net.ssl.SSLHandshakeException: PKIX path validation failed: java.security.cert.CertPathValidatorException: validity check failed
	at jdk.internal.net.http.HttpClientImpl.send(HttpClientImpl.java:905) ~[java.net.http:?]
	at jdk.internal.net.http.HttpClientFacade.send(HttpClientFacade.java:133) ~[java.net.http:?]
	at net.minecraftforge.fml.VersionChecker$1.openUrlString(VersionChecker.java:142) ~[fmlcore-1.20.1-47.4.3.jar%23240!/:?]
	at net.minecraftforge.fml.VersionChecker$1.process(VersionChecker.java:180) ~[fmlcore-1.20.1-47.4.3.jar%23240!/:?]
	at java.lang.Iterable.forEach(Iterable.java:75) ~[?:?]
	at net.minecraftforge.fml.VersionChecker$1.run(VersionChecker.java:117) ~[fmlcore-1.20.1-47.4.3.jar%23240!/:?]
Caused by: javax.net.ssl.SSLHandshakeException: PKIX path validation failed: java.security.cert.CertPathValidatorException: validity check failed
	at sun.security.ssl.Alert.createSSLException(Alert.java:131) ~[?:?]
	at sun.security.ssl.TransportContext.fatal(TransportContext.java:383) ~[?:?]
	at sun.security.ssl.TransportContext.fatal(TransportContext.java:326) ~[?:?]
	at sun.security.ssl.TransportContext.fatal(TransportContext.java:321) ~[?:?]
	at sun.security.ssl.CertificateMessage$T12CertificateConsumer.checkServerCerts(CertificateMessage.java:654) ~[?:?]
	at sun.security.ssl.CertificateMessage$T12CertificateConsumer.onCertificate(CertificateMessage.java:473) ~[?:?]
	at sun.security.ssl.CertificateMessage$T12CertificateConsumer.consume(CertificateMessage.java:369) ~[?:?]
	at sun.security.ssl.SSLHandshake.consume(SSLHandshake.java:396) ~[?:?]
	at sun.security.ssl.HandshakeContext.dispatch(HandshakeContext.java:481) ~[?:?]
	at sun.security.ssl.SSLEngineImpl$DelegatedTask$DelegatedAction.run(SSLEngineImpl.java:1277) ~[?:?]
	at sun.security.ssl.SSLEngineImpl$DelegatedTask$DelegatedAction.run(SSLEngineImpl.java:1264) ~[?:?]
	at java.security.AccessController.doPrivileged(AccessController.java:712) ~[?:?]
	at sun.security.ssl.SSLEngineImpl$DelegatedTask.run(SSLEngineImpl.java:1209) ~[?:?]
	at java.util.ArrayList.forEach(ArrayList.java:1511) ~[?:?]
	at jdk.internal.net.http.common.SSLFlowDelegate.lambda$executeTasks$3(SSLFlowDelegate.java:1133) ~[java.net.http:?]
	at jdk.internal.net.http.HttpClientImpl$DelegatingExecutor.execute(HttpClientImpl.java:174) ~[java.net.http:?]
	at jdk.internal.net.http.common.SSLFlowDelegate.executeTasks(SSLFlowDelegate.java:1128) ~[java.net.http:?]
	at jdk.internal.net.http.common.SSLFlowDelegate.doHandshake(SSLFlowDelegate.java:1094) ~[java.net.http:?]
	at jdk.internal.net.http.common.SSLFlowDelegate$Reader.processData(SSLFlowDelegate.java:498) ~[java.net.http:?]
	at jdk.internal.net.http.common.SSLFlowDelegate$Reader$ReaderDownstreamPusher.run(SSLFlowDelegate.java:282) ~[java.net.http:?]
	at jdk.internal.net.http.common.SequentialScheduler$LockingRestartableTask.run(SequentialScheduler.java:205) ~[java.net.http:?]
	at jdk.internal.net.http.common.SequentialScheduler$CompleteRestartableTask.run(SequentialScheduler.java:149) ~[java.net.http:?]
	at jdk.internal.net.http.common.SequentialScheduler$TryEndDeferredCompleter.complete(SequentialScheduler.java:347) ~[java.net.http:?]
	at jdk.internal.net.http.common.SequentialScheduler$CompleteRestartableTask.run(SequentialScheduler.java:151) ~[java.net.http:?]
	at jdk.internal.net.http.common.SequentialScheduler$SchedulableTask.run(SequentialScheduler.java:230) ~[java.net.http:?]
	at java.util.concurrent.ThreadPoolExecutor.runWorker(ThreadPoolExecutor.java:1136) ~[?:?]
	at java.util.concurrent.ThreadPoolExecutor$Worker.run(ThreadPoolExecutor.java:635) ~[?:?]
	at java.lang.Thread.run(Thread.java:840) ~[?:?]
Caused by: sun.security.validator.ValidatorException: PKIX path validation failed: java.security.cert.CertPathValidatorException: validity check failed
	at sun.security.validator.PKIXValidator.doValidate(PKIXValidator.java:369) ~[?:?]
	at sun.security.validator.PKIXValidator.engineValidate(PKIXValidator.java:275) ~[?:?]
	at sun.security.validator.Validator.validate(Validator.java:264) ~[?:?]
	at sun.security.ssl.X509TrustManagerImpl.checkTrusted(X509TrustManagerImpl.java:285) ~[?:?]
	at sun.security.ssl.X509TrustManagerImpl.checkServerTrusted(X509TrustManagerImpl.java:144) ~[?:?]
	at sun.security.ssl.CertificateMessage$T12CertificateConsumer.checkServerCerts(CertificateMessage.java:632) ~[?:?]
	at sun.security.ssl.CertificateMessage$T12CertificateConsumer.onCertificate(CertificateMessage.java:473) ~[?:?]
	at sun.security.ssl.CertificateMessage$T12CertificateConsumer.consume(CertificateMessage.java:369) ~[?:?]
	at sun.security.ssl.SSLHandshake.consume(SSLHandshake.java:396) ~[?:?]
	at sun.security.ssl.HandshakeContext.dispatch(HandshakeContext.java:481) ~[?:?]
	at sun.security.ssl.SSLEngineImpl$DelegatedTask$DelegatedAction.run(SSLEngineImpl.java:1277) ~[?:?]
	at sun.security.ssl.SSLEngineImpl$DelegatedTask$DelegatedAction.run(SSLEngineImpl.java:1264) ~[?:?]
	at java.security.AccessController.doPrivileged(AccessController.java:712) ~[?:?]
	at sun.security.ssl.SSLEngineImpl$DelegatedTask.run(SSLEngineImpl.java:1209) ~[?:?]
	at java.util.ArrayList.forEach(ArrayList.java:1511) ~[?:?]
	at jdk.internal.net.http.common.SSLFlowDelegate.lambda$executeTasks$3(SSLFlowDelegate.java:1133) ~[java.net.http:?]
	at jdk.internal.net.http.HttpClientImpl$DelegatingExecutor.execute(HttpClientImpl.java:174) ~[java.net.http:?]
	at jdk.internal.net.http.common.SSLFlowDelegate.executeTasks(SSLFlowDelegate.java:1128) ~[java.net.http:?]
	at jdk.internal.net.http.common.SSLFlowDelegate.doHandshake(SSLFlowDelegate.java:1094) ~[java.net.http:?]
	at jdk.internal.net.http.common.SSLFlowDelegate$Reader.processData(SSLFlowDelegate.java:498) ~[java.net.http:?]
	at jdk.internal.net.http.common.SSLFlowDelegate$Reader$ReaderDownstreamPusher.run(SSLFlowDelegate.java:282) ~[java.net.http:?]
	at jdk.internal.net.http.common.SequentialScheduler$LockingRestartableTask.run(SequentialScheduler.java:205) ~[java.net.http:?]
	at jdk.internal.net.http.common.SequentialScheduler$CompleteRestartableTask.run(SequentialScheduler.java:149) ~[java.net.http:?]
	at jdk.internal.net.http.common.SequentialScheduler$TryEndDeferredCompleter.complete(SequentialScheduler.java:347) ~[java.net.http:?]
	at jdk.internal.net.http.common.SequentialScheduler$CompleteRestartableTask.run(SequentialScheduler.java:151) ~[java.net.http:?]
	at jdk.internal.net.http.common.SequentialScheduler$SchedulableTask.run(SequentialScheduler.java:230) ~[java.net.http:?]
	at java.util.concurrent.ThreadPoolExecutor.runWorker(ThreadPoolExecutor.java:1136) ~[?:?]
	at java.util.concurrent.ThreadPoolExecutor$Worker.run(ThreadPoolExecutor.java:635) ~[?:?]
	at java.lang.Thread.run(Thread.java:840) ~[?:?]
Caused by: java.security.cert.CertPathValidatorException: validity check failed
	at sun.security.provider.certpath.PKIXMasterCertPathValidator.validate(PKIXMasterCertPathValidator.java:135) ~[?:?]
	at sun.security.provider.certpath.PKIXCertPathValidator.validate(PKIXCertPathValidator.java:224) ~[?:?]
	at sun.security.provider.certpath.PKIXCertPathValidator.validate(PKIXCertPathValidator.java:144) ~[?:?]
	at sun.security.provider.certpath.PKIXCertPathValidator.engineValidate(PKIXCertPathValidator.java:83) ~[?:?]
	at java.security.cert.CertPathValidator.validate(CertPathValidator.java:309) ~[?:?]
	at sun.security.validator.PKIXValidator.doValidate(PKIXValidator.java:364) ~[?:?]
	at sun.security.validator.PKIXValidator.engineValidate(PKIXValidator.java:275) ~[?:?]
	at sun.security.validator.Validator.validate(Validator.java:264) ~[?:?]
	at sun.security.ssl.X509TrustManagerImpl.checkTrusted(X509TrustManagerImpl.java:285) ~[?:?]
	at sun.security.ssl.X509TrustManagerImpl.checkServerTrusted(X509TrustManagerImpl.java:144) ~[?:?]
	at sun.security.ssl.CertificateMessage$T12CertificateConsumer.checkServerCerts(CertificateMessage.java:632) ~[?:?]
	at sun.security.ssl.CertificateMessage$T12CertificateConsumer.onCertificate(CertificateMessage.java:473) ~[?:?]
	at sun.security.ssl.CertificateMessage$T12CertificateConsumer.consume(CertificateMessage.java:369) ~[?:?]
	at sun.security.ssl.SSLHandshake.consume(SSLHandshake.java:396) ~[?:?]
	at sun.security.ssl.HandshakeContext.dispatch(HandshakeContext.java:481) ~[?:?]
	at sun.security.ssl.SSLEngineImpl$DelegatedTask$DelegatedAction.run(SSLEngineImpl.java:1277) ~[?:?]
	at sun.security.ssl.SSLEngineImpl$DelegatedTask$DelegatedAction.run(SSLEngineImpl.java:1264) ~[?:?]
	at java.security.AccessController.doPrivileged(AccessController.java:712) ~[?:?]
	at sun.security.ssl.SSLEngineImpl$DelegatedTask.run(SSLEngineImpl.java:1209) ~[?:?]
	at java.util.ArrayList.forEach(ArrayList.java:1511) ~[?:?]
	at jdk.internal.net.http.common.SSLFlowDelegate.lambda$executeTasks$3(SSLFlowDelegate.java:1133) ~[java.net.http:?]
	at jdk.internal.net.http.HttpClientImpl$DelegatingExecutor.execute(HttpClientImpl.java:174) ~[java.net.http:?]
	at jdk.internal.net.http.common.SSLFlowDelegate.executeTasks(SSLFlowDelegate.java:1128) ~[java.net.http:?]
	at jdk.internal.net.http.common.SSLFlowDelegate.doHandshake(SSLFlowDelegate.java:1094) ~[java.net.http:?]
	at jdk.internal.net.http.common.SSLFlowDelegate$Reader.processData(SSLFlowDelegate.java:498) ~[java.net.http:?]
	at jdk.internal.net.http.common.SSLFlowDelegate$Reader$ReaderDownstreamPusher.run(SSLFlowDelegate.java:282) ~[java.net.http:?]
	at jdk.internal.net.http.common.SequentialScheduler$LockingRestartableTask.run(SequentialScheduler.java:205) ~[java.net.http:?]
	at jdk.internal.net.http.common.SequentialScheduler$CompleteRestartableTask.run(SequentialScheduler.java:149) ~[java.net.http:?]
	at jdk.internal.net.http.common.SequentialScheduler$TryEndDeferredCompleter.complete(SequentialScheduler.java:347) ~[java.net.http:?]
	at jdk.internal.net.http.common.SequentialScheduler$CompleteRestartableTask.run(SequentialScheduler.java:151) ~[java.net.http:?]
	at jdk.internal.net.http.common.SequentialScheduler$SchedulableTask.run(SequentialScheduler.java:230) ~[java.net.http:?]
	at java.util.concurrent.ThreadPoolExecutor.runWorker(ThreadPoolExecutor.java:1136) ~[?:?]
	at java.util.concurrent.ThreadPoolExecutor$Worker.run(ThreadPoolExecutor.java:635) ~[?:?]
	at java.lang.Thread.run(Thread.java:840) ~[?:?]
Caused by: java.security.cert.CertificateExpiredException: NotAfter: Sat Sep 06 14:33:56 UTC 2025
	at sun.security.x509.CertificateValidity.valid(CertificateValidity.java:274) ~[?:?]
	at sun.security.x509.X509CertImpl.checkValidity(X509CertImpl.java:621) ~[?:?]
	at sun.security.provider.certpath.BasicChecker.verifyValidity(BasicChecker.java:190) ~[?:?]
	at sun.security.provider.certpath.BasicChecker.check(BasicChecker.java:144) ~[?:?]
	at sun.security.provider.certpath.PKIXMasterCertPathValidator.validate(PKIXMasterCertPathValidator.java:125) ~[?:?]
	at sun.security.provider.certpath.PKIXCertPathValidator.validate(PKIXCertPathValidator.java:224) ~[?:?]
	at sun.security.provider.certpath.PKIXCertPathValidator.validate(PKIXCertPathValidator.java:144) ~[?:?]
	at sun.security.provider.certpath.PKIXCertPathValidator.engineValidate(PKIXCertPathValidator.java:83) ~[?:?]
	at java.security.cert.CertPathValidator.validate(CertPathValidator.java:309) ~[?:?]
	at sun.security.validator.PKIXValidator.doValidate(PKIXValidator.java:364) ~[?:?]
	at sun.security.validator.PKIXValidator.engineValidate(PKIXValidator.java:275) ~[?:?]
	at sun.security.validator.Validator.validate(Validator.java:264) ~[?:?]
	at sun.security.ssl.X509TrustManagerImpl.checkTrusted(X509TrustManagerImpl.java:285) ~[?:?]
	at sun.security.ssl.X509TrustManagerImpl.checkServerTrusted(X509TrustManagerImpl.java:144) ~[?:?]
	at sun.security.ssl.CertificateMessage$T12CertificateConsumer.checkServerCerts(CertificateMessage.java:632) ~[?:?]
	at sun.security.ssl.CertificateMessage$T12CertificateConsumer.onCertificate(CertificateMessage.java:473) ~[?:?]
	at sun.security.ssl.CertificateMessage$T12CertificateConsumer.consume(CertificateMessage.java:369) ~[?:?]
	at sun.security.ssl.SSLHandshake.consume(SSLHandshake.java:396) ~[?:?]
	at sun.security.ssl.HandshakeContext.dispatch(HandshakeContext.java:481) ~[?:?]
	at sun.security.ssl.SSLEngineImpl$DelegatedTask$DelegatedAction.run(SSLEngineImpl.java:1277) ~[?:?]
	at sun.security.ssl.SSLEngineImpl$DelegatedTask$DelegatedAction.run(SSLEngineImpl.java:1264) ~[?:?]
	at java.security.AccessController.doPrivileged(AccessController.java:712) ~[?:?]
	at sun.security.ssl.SSLEngineImpl$DelegatedTask.run(SSLEngineImpl.java:1209) ~[?:?]
	at java.util.ArrayList.forEach(ArrayList.java:1511) ~[?:?]
	at jdk.internal.net.http.common.SSLFlowDelegate.lambda$executeTasks$3(SSLFlowDelegate.java:1133) ~[java.net.http:?]
	at jdk.internal.net.http.HttpClientImpl$DelegatingExecutor.execute(HttpClientImpl.java:174) ~[java.net.http:?]
	at jdk.internal.net.http.common.SSLFlowDelegate.executeTasks(SSLFlowDelegate.java:1128) ~[java.net.http:?]
	at jdk.internal.net.http.common.SSLFlowDelegate.doHandshake(SSLFlowDelegate.java:1094) ~[java.net.http:?]
	at jdk.internal.net.http.common.SSLFlowDelegate$Reader.processData(SSLFlowDelegate.java:498) ~[java.net.http:?]
	at jdk.internal.net.http.common.SSLFlowDelegate$Reader$ReaderDownstreamPusher.run(SSLFlowDelegate.java:282) ~[java.net.http:?]
	at jdk.internal.net.http.common.SequentialScheduler$LockingRestartableTask.run(SequentialScheduler.java:205) ~[java.net.http:?]
	at jdk.internal.net.http.common.SequentialScheduler$CompleteRestartableTask.run(SequentialScheduler.java:149) ~[java.net.http:?]
	at jdk.internal.net.http.common.SequentialScheduler$TryEndDeferredCompleter.complete(SequentialScheduler.java:347) ~[java.net.http:?]
	at jdk.internal.net.http.common.SequentialScheduler$CompleteRestartableTask.run(SequentialScheduler.java:151) ~[java.net.http:?]
	at jdk.internal.net.http.common.SequentialScheduler$SchedulableTask.run(SequentialScheduler.java:230) ~[java.net.http:?]
	at java.util.concurrent.ThreadPoolExecutor.runWorker(ThreadPoolExecutor.java:1136) ~[?:?]
	at java.util.concurrent.ThreadPoolExecutor$Worker.run(ThreadPoolExecutor.java:635) ~[?:?]
	at java.lang.Thread.run(Thread.java:840) ~[?:?]
[05Dec2025 00:59:06.697] [Forge Version Check/INFO] [net.minecraftforge.fml.VersionChecker/]: [gravestone] Starting version check at https://update.maxhenkel.de/forge/gravestone
[05Dec2025 00:59:06.800] [Forge Version Check/INFO] [net.minecraftforge.fml.VersionChecker/]: [gravestone] Found status: AHEAD Current: 1.20.1-1.0.35 Target: null
[05Dec2025 00:59:06.801] [Forge Version Check/INFO] [net.minecraftforge.fml.VersionChecker/]: [searchables] Starting version check at https://updates.blamejared.com/get?n=searchables&gv=1.20.1
[05Dec2025 00:59:06.902] [Forge Version Check/INFO] [net.minecraftforge.fml.VersionChecker/]: [searchables] Found status: BETA Current: 1.0.3 Target: 1.0.3
[05Dec2025 00:59:07.126] [Worker-Main-2/ERROR] [net.minecraftforge.common.ForgeHooks/]: Couldn't parse element loot_tables:parcool:grant_parcool_guide
com.google.gson.JsonSyntaxException: Expected name to be an item, was unknown string 'patchouli:guide_book'
	at net.minecraft.util.GsonHelper.m_13866_(GsonHelper.java:145) ~[server-1.20.1-20230612.114412-srg.jar%23239!/:?]
	at java.util.Optional.orElseThrow(Optional.java:403) ~[?:?]
	at net.minecraft.util.GsonHelper.m_13874_(GsonHelper.java:145) ~[server-1.20.1-20230612.114412-srg.jar%23239!/:?]
	at net.minecraft.util.GsonHelper.m_13909_(GsonHelper.java:153) ~[server-1.20.1-20230612.114412-srg.jar%23239!/:?]
	at net.minecraft.world.level.storage.loot.entries.LootItem$Serializer.m_7267_(LootItem.java:55) ~[server-1.20.1-20230612.114412-srg.jar%23239!/:?]
	at net.minecraft.world.level.storage.loot.entries.LootItem$Serializer.m_7267_(LootItem.java:40) ~[server-1.20.1-20230612.114412-srg.jar%23239!/:?]
	at net.minecraft.world.level.storage.loot.entries.LootPoolSingletonContainer$Serializer.m_5921_(LootPoolSingletonContainer.java:151) ~[server-1.20.1-20230612.114412-srg.jar%23239!/:?]
	at net.minecraft.world.level.storage.loot.entries.LootPoolSingletonContainer$Serializer.m_5921_(LootPoolSingletonContainer.java:129) ~[server-1.20.1-20230612.114412-srg.jar%23239!/:?]
	at net.minecraft.world.level.storage.loot.entries.LootPoolEntryContainer$Serializer.m_7561_(LootPoolEntryContainer.java:86) ~[server-1.20.1-20230612.114412-srg.jar%23239!/:?]
	at net.minecraft.world.level.storage.loot.entries.LootPoolEntryContainer$Serializer.m_7561_(LootPoolEntryContainer.java:74) ~[server-1.20.1-20230612.114412-srg.jar%23239!/:?]
	at net.minecraft.world.level.storage.loot.GsonAdapterFactory$JsonAdapter.deserialize(GsonAdapterFactory.java:102) ~[server-1.20.1-20230612.114412-srg.jar%23239!/:?]
	at com.google.gson.internal.bind.TreeTypeAdapter.read(TreeTypeAdapter.java:76) ~[gson-2.10.jar%2372!/:?]
	at com.google.gson.internal.bind.TypeAdapterRuntimeTypeWrapper.read(TypeAdapterRuntimeTypeWrapper.java:40) ~[gson-2.10.jar%2372!/:?]
	at com.google.gson.internal.bind.ArrayTypeAdapter.read(ArrayTypeAdapter.java:72) ~[gson-2.10.jar%2372!/:?]
	at com.google.gson.Gson.fromJson(Gson.java:1214) ~[gson-2.10.jar%2372!/:?]
	at com.google.gson.Gson.fromJson(Gson.java:1319) ~[gson-2.10.jar%2372!/:?]
	at com.google.gson.Gson.fromJson(Gson.java:1290) ~[gson-2.10.jar%2372!/:?]
	at com.google.gson.internal.bind.TreeTypeAdapter$GsonContextImpl.deserialize(TreeTypeAdapter.java:179) ~[gson-2.10.jar%2372!/:?]
	at net.minecraft.util.GsonHelper.m_13808_(GsonHelper.java:463) ~[server-1.20.1-20230612.114412-srg.jar%23239!/:?]
	at net.minecraft.util.GsonHelper.m_13836_(GsonHelper.java:471) ~[server-1.20.1-20230612.114412-srg.jar%23239!/:?]
	at net.minecraft.world.level.storage.loot.LootPool$Serializer.deserialize(LootPool.java:192) ~[server-1.20.1-20230612.114412-srg.jar%23239!/:?]
	at net.minecraft.world.level.storage.loot.LootPool$Serializer.deserialize(LootPool.java:189) ~[server-1.20.1-20230612.114412-srg.jar%23239!/:?]
	at com.google.gson.internal.bind.TreeTypeAdapter.read(TreeTypeAdapter.java:76) ~[gson-2.10.jar%2372!/:?]
	at com.google.gson.internal.bind.TypeAdapterRuntimeTypeWrapper.read(TypeAdapterRuntimeTypeWrapper.java:40) ~[gson-2.10.jar%2372!/:?]
	at com.google.gson.internal.bind.ArrayTypeAdapter.read(ArrayTypeAdapter.java:72) ~[gson-2.10.jar%2372!/:?]
	at com.google.gson.Gson.fromJson(Gson.java:1214) ~[gson-2.10.jar%2372!/:?]
	at com.google.gson.Gson.fromJson(Gson.java:1319) ~[gson-2.10.jar%2372!/:?]
	at com.google.gson.Gson.fromJson(Gson.java:1290) ~[gson-2.10.jar%2372!/:?]
	at com.google.gson.internal.bind.TreeTypeAdapter$GsonContextImpl.deserialize(TreeTypeAdapter.java:179) ~[gson-2.10.jar%2372!/:?]
	at net.minecraft.util.GsonHelper.m_13808_(GsonHelper.java:463) ~[server-1.20.1-20230612.114412-srg.jar%23239!/:?]
	at net.minecraft.util.GsonHelper.m_13845_(GsonHelper.java:481) ~[server-1.20.1-20230612.114412-srg.jar%23239!/:?]
	at net.minecraft.world.level.storage.loot.LootTable$Serializer.deserialize(LootTable.java:294) ~[server-1.20.1-20230612.114412-srg.jar%23239!/:?]
	at net.minecraft.world.level.storage.loot.LootTable$Serializer.deserialize(LootTable.java:291) ~[server-1.20.1-20230612.114412-srg.jar%23239!/:?]
	at com.google.gson.internal.bind.TreeTypeAdapter.read(TreeTypeAdapter.java:76) ~[gson-2.10.jar%2372!/:?]
	at com.google.gson.Gson.fromJson(Gson.java:1214) ~[gson-2.10.jar%2372!/:?]
	at com.google.gson.Gson.fromJson(Gson.java:1319) ~[gson-2.10.jar%2372!/:?]
	at com.google.gson.Gson.fromJson(Gson.java:1261) ~[gson-2.10.jar%2372!/:?]
	at net.minecraftforge.common.ForgeHooks.loadLootTable(ForgeHooks.java:871) ~[forge-1.20.1-47.4.3-universal.jar%23244!/:?]
	at net.minecraftforge.common.ForgeHooks.lambda$getLootTableDeserializer$3(ForgeHooks.java:848) ~[forge-1.20.1-47.4.3-universal.jar%23244!/:?]
	at net.minecraft.world.level.storage.loot.LootDataType.deserialize(LootDataType.java:45) ~[server-1.20.1-20230612.114412-srg.jar%23239!/:?]
	at net.minecraft.world.level.storage.loot.LootDataManager.lambda$scheduleElementParse$4(LootDataManager.java:56) ~[server-1.20.1-20230612.114412-srg.jar%23239!/:?]
	at java.util.HashMap.forEach(HashMap.java:1421) ~[?:?]
	at net.minecraft.world.level.storage.loot.LootDataManager.m_278660_(LootDataManager.java:55) ~[server-1.20.1-20230612.114412-srg.jar%23239!/:?]
	at java.util.concurrent.CompletableFuture$AsyncRun.run(CompletableFuture.java:1804) ~[?:?]
	at java.util.concurrent.CompletableFuture$AsyncRun.exec(CompletableFuture.java:1796) ~[?:?]
	at java.util.concurrent.ForkJoinTask.doExec(ForkJoinTask.java:373) ~[?:?]
	at java.util.concurrent.ForkJoinPool$WorkQueue.topLevelExec(ForkJoinPool.java:1182) ~[?:?]
	at java.util.concurrent.ForkJoinPool.scan(ForkJoinPool.java:1655) ~[?:?]
	at java.util.concurrent.ForkJoinPool.runWorker(ForkJoinPool.java:1622) ~[?:?]
	at java.util.concurrent.ForkJoinWorkerThread.run(ForkJoinWorkerThread.java:165) ~[?:?]
[05Dec2025 00:59:07.324] [main/ERROR] [net.minecraft.world.item.crafting.RecipeManager/]: Parsing error loading recipe parcool:parcool_guide: com.google.gson.JsonSyntaxException: Unknown item 'patchouli:guide_book'
[05Dec2025 00:59:07.338] [main/INFO] [net.minecraft.world.item.crafting.RecipeManager/]: Loaded 10 recipes
[05Dec2025 00:59:07.484] [main/INFO] [net.minecraft.advancements.AdvancementList/]: Loaded 1765 advancements
[05Dec2025 00:59:07.488] [main/INFO] [placebo/]: Registered 0 additional recipes.
[05Dec2025 00:59:07.498] [main/INFO] [top.theillusivec4.curios.Curios/]: Loaded 10 curio slots
[05Dec2025 00:59:07.501] [main/INFO] [top.theillusivec4.curios.Curios/]: Loaded 1 curio entities
[05Dec2025 00:59:07.513] [main/INFO] [placebo/]: Registered 4 gear_sets.
[05Dec2025 00:59:07.539] [main/INFO] [Gateways to Eternity/]: Registered 7 gateways.
[05Dec2025 00:59:07.540] [main/INFO] [se.mickelus.mutil.data.DataStore/]: Loaded   1 tiers
[05Dec2025 00:59:07.541] [main/INFO] [se.mickelus.mutil.data.DataStore/]: Loaded   8 tweaks
[05Dec2025 00:59:07.549] [main/INFO] [se.mickelus.mutil.data.MergingDataStore/]: Loaded  66 materials
[05Dec2025 00:59:07.557] [main/INFO] [se.mickelus.mutil.data.DataStore/]: Loaded 146 improvements
[05Dec2025 00:59:07.630] [main/INFO] [se.mickelus.mutil.data.MergingDataStore/]: Loaded  78 modules
[05Dec2025 00:59:07.761] [main/INFO] [se.mickelus.mutil.data.DataStore/]: Loaded   0 enchantments
[05Dec2025 00:59:07.762] [main/INFO] [se.mickelus.mutil.data.DataStore/]: Loaded  22 synergies
[05Dec2025 00:59:07.764] [main/INFO] [se.mickelus.mutil.data.DataStore/]: Loaded  10 replacements
[05Dec2025 00:59:07.774] [main/INFO] [se.mickelus.mutil.data.MergingDataStore/]: Loaded 342 schematics
[05Dec2025 00:59:07.832] [main/INFO] [se.mickelus.mutil.data.MergingDataStore/]: Loaded  42 crafting_effects
[05Dec2025 00:59:07.845] [main/INFO] [se.mickelus.mutil.data.DataStore/]: Loaded  35 repairs
[05Dec2025 00:59:07.847] [main/INFO] [se.mickelus.mutil.data.DataStore/]: Loaded   2 actions
[05Dec2025 00:59:07.849] [main/INFO] [se.mickelus.mutil.data.DataStore/]: Loaded   0 unlocks
[05Dec2025 00:59:07.849] [main/INFO] [se.mickelus.mutil.data.DataStore/]: Loaded   0 archetypes
[05Dec2025 00:59:07.849] [main/INFO] [se.mickelus.mutil.data.DataStore/]: Loaded   1 item_effects
[05Dec2025 00:59:07.857] [main/INFO] [se.mickelus.mutil.data.DataStore/]: Loaded  28 modifier_effects
[05Dec2025 00:59:07.901] [main/WARN] [ModernFix/]: Initial datapack load took 2.792 s
[05Dec2025 00:59:07.988] [Server thread/INFO] [net.minecraft.server.dedicated.DedicatedServer/]: Starting minecraft server version 1.20.1
[05Dec2025 00:59:07.988] [Server thread/INFO] [net.minecraft.server.dedicated.DedicatedServer/]: Loading properties
[05Dec2025 00:59:07.988] [Server thread/INFO] [net.minecraft.server.dedicated.DedicatedServer/]: Default game type: SURVIVAL
[05Dec2025 00:59:07.988] [Server thread/INFO] [net.minecraft.server.MinecraftServer/]: Generating keypair
[05Dec2025 00:59:08.083] [Server thread/INFO] [net.minecraft.server.dedicated.DedicatedServer/]: Starting Minecraft server on *:25565
[05Dec2025 00:59:08.114] [Server thread/INFO] [net.minecraft.server.network.ServerConnectionListener/]: Using epoll channel type
[05Dec2025 00:59:08.187] [Server thread/WARN] [net.minecraft.server.dedicated.DedicatedServer/]: **** SERVER IS RUNNING IN OFFLINE/INSECURE MODE!
[05Dec2025 00:59:08.188] [Server thread/WARN] [net.minecraft.server.dedicated.DedicatedServer/]: The server will make no attempt to authenticate usernames. Beware.
[05Dec2025 00:59:08.188] [Server thread/WARN] [net.minecraft.server.dedicated.DedicatedServer/]: While this makes the game possible to play without internet access, it also opens up the ability for hackers to connect with any username they choose.
[05Dec2025 00:59:08.188] [Server thread/WARN] [net.minecraft.server.dedicated.DedicatedServer/]: To change this, set "online-mode" to "true" in the server.properties file.
[05Dec2025 00:59:08.287] [Server thread/INFO] [Framework/]: Loading server configs...
[05Dec2025 00:59:08.301] [Server thread/INFO] [net.minecraft.server.dedicated.DedicatedServer/]: Preparing level "world"
[05Dec2025 00:59:08.587] [Server thread/INFO] [incontrol/]: Reading rules from areas.json
[05Dec2025 00:59:08.594] [Server thread/INFO] [incontrol/]: Reading rules from spawn.json
[05Dec2025 00:59:08.596] [Server thread/INFO] [incontrol/]: Reading rules from summonaid.json
[05Dec2025 00:59:08.598] [Server thread/INFO] [incontrol/]: Reading rules from loot.json
[05Dec2025 00:59:08.599] [Server thread/INFO] [incontrol/]: Reading rules from experience.json
[05Dec2025 00:59:08.601] [Server thread/INFO] [incontrol/]: Reading rules from phases.json
[05Dec2025 00:59:08.602] [Server thread/INFO] [incontrol/]: Reading rules from effects.json
[05Dec2025 00:59:08.604] [Server thread/INFO] [incontrol/]: Reading rules from breakevents.json
[05Dec2025 00:59:08.605] [Server thread/INFO] [incontrol/]: Reading rules from placeevents.json
[05Dec2025 00:59:08.606] [Server thread/INFO] [incontrol/]: Reading rules from rightclicks.json
[05Dec2025 00:59:08.608] [Server thread/INFO] [incontrol/]: Reading rules from leftclicks.json
[05Dec2025 00:59:08.610] [Server thread/INFO] [incontrol/]: Reading rules from spawner.json
[05Dec2025 00:59:08.612] [Server thread/INFO] [incontrol/]: Reading rules from events.json
[05Dec2025 00:59:08.742] [Server thread/INFO] [net.minecraft.server.MinecraftServer/]: Preparing start region for dimension minecraft:overworld
[05Dec2025 00:59:09.956] [Netty Epoll Server IO #1/INFO] [net.minecraftforge.server.ServerLifecycleHooks/SERVERHOOKS]: Disconnecting Player (server is still starting): literal{Server is still starting! Please wait before reconnecting.}
[05Dec2025 00:59:09.957] [Netty Epoll Server IO #2/INFO] [net.minecraftforge.server.ServerLifecycleHooks/SERVERHOOKS]: Disconnecting Player (server is still starting): literal{Server is still starting! Please wait before reconnecting.}
[05Dec2025 00:59:11.222] [Server thread/ERROR] [noobanidus.mods.lootr.api.LootrAPI/]: There are over 100 entries in the conversion list without aggressive mode enabled. This may cause TPS issues. If TPS issues persist after first launch, consider enabling aggressive mode in the configuration.
[05Dec2025 00:59:11.306] [Server thread/INFO] [net.minecraft.server.level.progress.LoggerChunkProgressListener/]: Time elapsed: 11939187 ms
[05Dec2025 00:59:11.307] [Server thread/INFO] [net.minecraft.server.dedicated.DedicatedServer/]: Done (3.107s)! For help, type "help"
[05Dec2025 00:59:11.357] [Server thread/INFO] [net.minecraftforge.server.permission.PermissionAPI/]: Successfully initialized permission handler forge:default_handler
[05Dec2025 00:59:11.369] [Server thread/WARN] [ModernFix/]: Dedicated server took 27.021 seconds to load
[05Dec2025 00:59:46.275] [Server thread/INFO] [net.minecraft.server.network.ServerLoginPacketListenerImpl/]: com.mojang.authlib.GameProfile@604ff025[id=<null>,name=zxymatthewyxz,properties={},legacy=false] (/100.84.145.86:50905) lost connection: Disconnected
[05Dec2025 01:00:13.521] [Server thread/INFO] [net.minecraft.server.network.ServerLoginPacketListenerImpl/]: com.mojang.authlib.GameProfile@6d133cbe[id=<null>,name=zxymatthewyxz,properties={},legacy=false] (/100.84.145.86:50913) lost connection: Disconnected
[05Dec2025 01:00:21.630] [Server thread/WARN] [net.minecraft.network.syncher.SynchedEntityData/]: defineId called for: class net.minecraft.world.entity.player.Player from class tschipp.carryon.common.carry.CarryOnDataManager
[05Dec2025 01:00:21.699] [Server thread/INFO] [net.minecraft.server.players.PlayerList/]: zxymatthewyxz[/100.84.145.86:50918] logged in with entity id 98 at (466.32493479246034, 62.18988120660522, 376.3948530241288)
[05Dec2025 01:00:21.792] [Server thread/INFO] [ModernFix/]: Using enhanced recipe sync for player zxymatthewyxz
[05Dec2025 01:00:21.858] [Server thread/INFO] [net.minecraft.server.MinecraftServer/]: zxymatthewyxz joined the game
[05Dec2025 01:00:21.904] [Server thread/INFO] [se.mickelus.tetra.data.DataManager/]: Sending data to client: zxymatthewyxz
[05Dec2025 01:00:21.923] [Server thread/INFO] [Jade/]: Syncing config to zxymatthewyxz (433be659-15d5-3745-9436-55cee3bfccfc)
[05Dec2025 01:00:22.332] [Server thread/INFO] [com.alrex.parcool.ParCool/]: Limitation of 433be659-15d5-3745-9436-55cee3bfccfc was loaded
[05Dec2025 01:00:22.333] [Server thread/INFO] [com.alrex.parcool.ParCool/]: Sent Server Limitation of [zxymatthewyxz]
[05Dec2025 01:00:22.334] [Server thread/INFO] [com.alrex.parcool.ParCool/]: Received Client Information of [zxymatthewyxz]
[05Dec2025 01:00:29.433] [Server thread/INFO] [net.minecraft.world.entity.npc.Villager/]: Villager Villager['Unemployed'/164, l='ServerLevel[world]', x=448.15, y=63.00, z=440.70] died, message: 'Unemployed died'
[05Dec2025 01:00:30.186] [Server thread/INFO] [net.minecraft.world.entity.npc.Villager/]: Villager Villager['Jujutsu Sorcerer'/149, l='ServerLevel[world]', x=489.50, y=63.00, z=352.50] died, message: 'Jujutsu Sorcerer died'
[05Dec2025 01:00:43.046] [Server thread/INFO] [net.minecraft.server.MinecraftServer/]: [zxymatthewyxz: Set own game mode to Creative Mode]
[05Dec2025 01:00:46.487] [Server thread/INFO] [net.minecraft.world.entity.npc.Villager/]: Villager Villager['Jujutsu Sorcerer'/119, l='ServerLevel[world]', x=489.48, y=63.00, z=394.55] died, message: 'Jujutsu Sorcerer died'
[05Dec2025 01:00:53.330] [Server thread/INFO] [net.minecraft.world.entity.npc.Villager/]: Villager Villager['Unemployed'/165, l='ServerLevel[world]', x=460.30, y=64.25, z=431.39] died, message: 'Unemployed died'
[05Dec2025 01:00:53.928] [Server thread/INFO] [net.minecraft.world.entity.npc.Villager/]: Villager Villager['Unemployed'/129, l='ServerLevel[world]', x=464.50, y=66.00, z=411.50] died, message: 'Unemployed died'
[05Dec2025 01:01:26.751] [Server thread/INFO] [net.minecraft.world.entity.npc.Villager/]: Villager Villager['Jujutsu Sorcerer'/104, l='ServerLevel[world]', x=468.50, y=63.00, z=373.50] died, message: 'Jujutsu Sorcerer died'
[05Dec2025 01:01:30.237] [Worker-Main-31/WARN] [net.minecraft.world.level.levelgen.heightproviders.UniformHeight/]: Empty height range: [6 above bottom--1 absolute]
[05Dec2025 01:01:35.940] [Server thread/INFO] [net.minecraft.server.MinecraftServer/]: [zxymatthewyxz: Set own game mode to Survival Mode]
[05Dec2025 01:01:36.834] [Server thread/INFO] [net.minecraft.world.entity.npc.Villager/]: Villager Villager['Unemployed'/211, l='ServerLevel[world]', x=374.18, y=63.00, z=338.57] died, message: 'Unemployed died'
[05Dec2025 01:01:36.835] [Server thread/INFO] [net.minecraft.world.entity.npc.Villager/]: Villager Villager['Farmer'/212, l='ServerLevel[world]', x=374.56, y=63.00, z=339.32] died, message: 'Farmer died'
[05Dec2025 01:01:36.837] [Server thread/INFO] [net.minecraft.world.entity.npc.Villager/]: Villager Villager['Farmer'/213, l='ServerLevel[world]', x=371.53, y=64.00, z=339.07] died, message: 'Farmer died'
[05Dec2025 01:01:42.796] [Server thread/INFO] [net.minecraft.world.entity.npc.Villager/]: Villager Villager['Unemployed'/128, l='ServerLevel[world]', x=466.50, y=66.00, z=414.51] died, message: 'Unemployed died'
[05Dec2025 01:01:55.191] [Server thread/INFO] [net.minecraft.world.entity.npc.Villager/]: Villager Villager['Jujutsu Sorcerer'/102, l='ServerLevel[world]', x=441.40, y=63.00, z=395.52] died, message: 'Jujutsu Sorcerer died'
[05Dec2025 01:01:55.999] [Server thread/INFO] [net.minecraft.world.entity.npc.Villager/]: Villager Villager['Shepherd'/133, l='ServerLevel[world]', x=430.99, y=65.88, z=382.57] died, message: 'Shepherd died'
[05Dec2025 01:02:05.398] [Server thread/INFO] [net.minecraft.world.entity.npc.Villager/]: Villager Villager['Jujutsu Sorcerer'/178, l='ServerLevel[world]', x=445.57, y=63.00, z=440.85] died, message: 'Jujutsu Sorcerer died'
[05Dec2025 01:02:06.503] [Server thread/INFO] [net.minecraft.world.entity.npc.Villager/]: Villager Villager['Unemployed'/117, l='ServerLevel[world]', x=517.86, y=67.00, z=370.45] died, message: 'Unemployed died'
[05Dec2025 01:02:06.504] [Server thread/INFO] [net.minecraft.world.entity.npc.Villager/]: Villager Villager['Jujutsu Sorcerer'/124, l='ServerLevel[world]', x=507.54, y=63.00, z=370.50] died, message: 'Jujutsu Sorcerer died'
[05Dec2025 01:02:06.541] [Server thread/INFO] [net.minecraft.world.entity.npc.Villager/]: Villager Villager['Fisherman'/99, l='ServerLevel[world]', x=512.90, y=63.00, z=369.50] died, message: 'Fisherman died'
[05Dec2025 01:02:09.193] [Server thread/INFO] [net.minecraft.world.entity.npc.Villager/]: Villager Villager['Farmer'/134, l='ServerLevel[world]', x=437.70, y=64.00, z=382.30] died, message: 'Farmer died'
[05Dec2025 01:02:43.976] [Server thread/INFO] [net.minecraft.world.entity.npc.Villager/]: Villager Villager['Fisherman'/135, l='ServerLevel[world]', x=440.32, y=63.00, z=365.73] died, message: 'Fisherman died'
[05Dec2025 01:02:43.978] [Server thread/INFO] [net.minecraft.world.entity.npc.Villager/]: Villager Villager['Fisherman'/136, l='ServerLevel[world]', x=440.56, y=63.00, z=365.08] died, message: 'Fisherman died'
[05Dec2025 01:02:52.590] [Server thread/INFO] [net.minecraft.world.entity.npc.Villager/]: Villager Villager['Butcher'/151, l='ServerLevel[world]', x=486.81, y=63.00, z=353.19] died, message: 'Butcher died'
[05Dec2025 01:02:52.683] [Server thread/INFO] [net.minecraft.world.entity.npc.Villager/]: Villager Villager['Farmer'/144, l='ServerLevel[world]', x=493.70, y=64.00, z=347.70] died, message: 'Farmer died'
[05Dec2025 01:03:04.901] [Server thread/INFO] [net.minecraft.world.entity.npc.Villager/]: Villager Villager['Jujutsu Sorcerer'/186, l='ServerLevel[world]', x=384.54, y=65.23, z=355.72] died, message: 'Jujutsu Sorcerer died'
[05Dec2025 01:03:14.089] [Server thread/INFO] [net.minecraft.world.entity.npc.Villager/]: Villager Villager['Unemployed'/159, l='ServerLevel[world]', x=403.83, y=69.00, z=379.02] died, message: 'Unemployed died'
[05Dec2025 01:03:14.144] [Server thread/INFO] [net.minecraft.world.entity.npc.Villager/]: Villager Villager['Unemployed'/158, l='ServerLevel[world]', x=402.84, y=69.00, z=379.03] died, message: 'Unemployed died'
[05Dec2025 01:03:22.940] [Server thread/INFO] [net.minecraft.world.entity.npc.Villager/]: Villager Villager['Jujutsu Sorcerer'/113, l='ServerLevel[world]', x=477.97, y=62.00, z=380.33] died, message: 'Jujutsu Sorcerer died'
[05Dec2025 01:04:07.145] [Server thread/INFO] [net.minecraft.world.entity.npc.Villager/]: Villager Villager['Farmer'/107, l='ServerLevel[world]', x=496.80, y=63.00, z=410.50] died, message: 'Farmer died'
[05Dec2025 01:04:16.883] [Server thread/INFO] [net.minecraft.world.entity.npc.Villager/]: Villager Villager['Jujutsu Sorcerer'/187, l='ServerLevel[world]', x=384.30, y=66.00, z=354.49] died, message: 'Jujutsu Sorcerer died'
[05Dec2025 01:04:19.286] [Server thread/INFO] [net.minecraft.world.entity.npc.Villager/]: Villager Villager['Unemployed'/205, l='ServerLevel[world]', x=501.74, y=76.50, z=450.05] died, message: 'Unemployed died'
[05Dec2025 01:04:19.334] [Server thread/INFO] [net.minecraft.world.entity.npc.Villager/]: Villager Villager['Fisherman'/246, l='ServerLevel[world]', x=502.99, y=72.42, z=447.33] died, message: 'Fisherman died'
[05Dec2025 01:04:19.586] [Server thread/INFO] [net.minecraft.world.entity.npc.Villager/]: Villager Villager['Fisherman'/106, l='ServerLevel[world]', x=497.16, y=69.55, z=438.70] died, message: 'Fisherman died'
[05Dec2025 01:04:19.686] [Server thread/INFO] [net.minecraft.world.entity.npc.Villager/]: Villager Villager['Fisherman'/204, l='ServerLevel[world]', x=490.66, y=71.01, z=450.02] died, message: 'Fisherman died'
[05Dec2025 01:04:20.438] [Server thread/INFO] [net.minecraft.world.entity.npc.Villager/]: Villager Villager['Fisherman'/109, l='ServerLevel[world]', x=510.30, y=64.78, z=432.70] died, message: 'Fisherman died'
[05Dec2025 01:04:31.433] [Server thread/INFO] [net.minecraft.world.entity.npc.Villager/]: Villager Villager['Jujutsu Sorcerer'/108, l='ServerLevel[world]', x=403.48, y=67.18, z=439.77] died, message: 'Jujutsu Sorcerer died'
[05Dec2025 01:04:46.231] [Server thread/INFO] [net.minecraft.world.entity.npc.Villager/]: Villager Villager['Jujutsu Sorcerer'/206, l='ServerLevel[world]', x=414.99, y=63.00, z=425.01] died, message: 'Jujutsu Sorcerer died'
[05Dec2025 01:05:13.097] [Server thread/INFO] [net.minecraft.world.entity.npc.Villager/]: Villager Villager['Unemployed'/313, l='ServerLevel[world]', x=351.51, y=79.00, z=455.52] died, message: 'Unemployed died'
[05Dec2025 01:05:13.105] [Server thread/INFO] [net.minecraft.world.entity.npc.Villager/]: Villager Villager['Unemployed'/152, l='ServerLevel[world]', x=423.07, y=77.00, z=403.48] died, message: 'Unemployed died'
[05Dec2025 01:05:13.106] [Server thread/INFO] [net.minecraft.world.entity.npc.Villager/]: Villager Villager['Unemployed'/239, l='ServerLevel[world]', x=369.82, y=76.50, z=395.69] died, message: 'Unemployed died'
[05Dec2025 01:05:13.107] [Server thread/INFO] [net.minecraft.world.entity.npc.Villager/]: Villager Villager['Unemployed'/241, l='ServerLevel[world]', x=369.06, y=77.00, z=394.89] died, message: 'Unemployed died'
[05Dec2025 01:05:13.108] [Server thread/INFO] [net.minecraft.world.entity.npc.Villager/]: Villager Villager['Fisherman'/169, l='ServerLevel[world]', x=469.25, y=72.00, z=449.54] died, message: 'Fisherman died'
[05Dec2025 01:05:13.109] [Server thread/INFO] [net.minecraft.world.entity.npc.Villager/]: Villager Villager['Unemployed'/200, l='ServerLevel[world]', x=476.50, y=78.00, z=456.41] died, message: 'Unemployed died'
[05Dec2025 01:05:13.111] [Server thread/INFO] [net.minecraft.world.entity.npc.Villager/]: Villager Villager['Jujutsu Sorcerer'/227, l='ServerLevel[world]', x=378.08, y=64.00, z=394.48] died, message: 'Jujutsu Sorcerer died'
[05Dec2025 01:05:13.112] [Server thread/INFO] [net.minecraft.world.entity.npc.Villager/]: Villager Villager['Fisherman'/163, l='ServerLevel[world]', x=461.28, y=63.00, z=431.51] died, message: 'Fisherman died'
[05Dec2025 01:05:13.113] [Server thread/INFO] [net.minecraft.world.entity.npc.Villager/]: Villager Villager['Jujutsu Sorcerer'/269, l='ServerLevel[world]', x=320.08, y=62.52, z=419.10] died, message: 'Jujutsu Sorcerer died'
[05Dec2025 01:05:13.116] [Server thread/INFO] [net.minecraft.world.entity.npc.Villager/]: Villager Villager['Unemployed'/305, l='ServerLevel[world]', x=315.04, y=62.48, z=406.97] died, message: 'Unemployed died'
[05Dec2025 01:05:13.116] [Server thread/INFO] [net.minecraft.world.entity.npc.Villager/]: Villager Villager['Unemployed'/303, l='ServerLevel[world]', x=314.08, y=62.49, z=407.92] died, message: 'Unemployed died'
[05Dec2025 01:05:13.125] [Server thread/INFO] [net.minecraft.world.entity.npc.Villager/]: Villager Villager['Farmer'/160, l='ServerLevel[world]', x=408.76, y=64.00, z=317.50] died, message: 'Farmer died'
[05Dec2025 01:05:13.127] [Server thread/INFO] [net.minecraft.world.entity.npc.Villager/]: Villager Villager['Unemployed'/214, l='ServerLevel[world]', x=370.51, y=69.05, z=342.50] died, message: 'Unemployed died'
[05Dec2025 01:05:13.128] [Server thread/INFO] [net.minecraft.world.entity.npc.Villager/]: Villager Villager['Farmer'/155, l='ServerLevel[world]', x=403.83, y=63.00, z=347.17] died, message: 'Farmer died'
[05Dec2025 01:05:26.322] [Server thread/WARN] [net.minecraft.server.MinecraftServer/]: Can't keep up! Is the server overloaded? Running 2052ms or 41 ticks behind
[05Dec2025 01:05:27.864] [Server thread/INFO] [net.minecraft.server.MinecraftServer/]: zxymatthewyxz died
[05Dec2025 01:05:30.336] [Server thread/INFO] [com.alrex.parcool.ParCool/]: Sent Server Limitation of [zxymatthewyxz]
[05Dec2025 01:05:30.337] [Server thread/INFO] [com.alrex.parcool.ParCool/]: Received Client Information of [zxymatthewyxz]
[05Dec2025 01:05:44.529] [Server thread/INFO] [net.minecraft.server.network.ServerGamePacketListenerImpl/]: zxymatthewyxz lost connection: Disconnected
[05Dec2025 01:05:44.529] [Server thread/INFO] [net.minecraft.server.MinecraftServer/]: zxymatthewyxz left the game
[05Dec2025 01:05:44.530] [Server thread/INFO] [com.alrex.parcool.ParCool/]: Limitation of 433be659-15d5-3745-9436-55cee3bfccfc was unloaded
[05Dec2025 01:05:57.025] [Server thread/INFO] [net.minecraft.server.MinecraftServer/]: Stopping the server
[05Dec2025 01:05:57.079] [Server thread/INFO] [net.minecraft.server.MinecraftServer/]: Stopping server
[05Dec2025 01:05:57.079] [Server thread/INFO] [net.minecraft.server.MinecraftServer/]: Saving players
[05Dec2025 01:05:57.079] [Server thread/INFO] [net.minecraft.server.MinecraftServer/]: Saving worlds
[05Dec2025 01:05:57.169] [Server thread/INFO] [net.minecraft.server.MinecraftServer/]: Saving chunks for level 'ServerLevel[world]'/minecraft:overworld
[05Dec2025 01:05:57.273] [Server thread/INFO] [net.minecraft.server.MinecraftServer/]: Saving chunks for level 'ServerLevel[world]'/lostcities:lostcity
[05Dec2025 01:05:57.275] [Server thread/INFO] [net.minecraft.server.MinecraftServer/]: Saving chunks for level 'ServerLevel[world]'/minecraft:the_end
[05Dec2025 01:05:57.277] [Server thread/INFO] [net.minecraft.server.MinecraftServer/]: Saving chunks for level 'ServerLevel[world]'/minecraft:the_nether
[05Dec2025 01:05:57.278] [Server thread/INFO] [net.minecraft.server.MinecraftServer/]: Saving chunks for level 'ServerLevel[world]'/jujutsucraft:cursed_spirit_manipulation_dimension
[05Dec2025 01:05:57.312] [Server thread/INFO] [net.minecraft.server.MinecraftServer/]: ThreadedAnvilChunkStorage (world): All chunks are saved
[05Dec2025 01:05:57.313] [Server thread/INFO] [net.minecraft.server.MinecraftServer/]: ThreadedAnvilChunkStorage (lostcity): All chunks are saved
[05Dec2025 01:05:57.313] [Server thread/INFO] [net.minecraft.server.MinecraftServer/]: ThreadedAnvilChunkStorage (DIM1): All chunks are saved
[05Dec2025 01:05:57.314] [Server thread/INFO] [net.minecraft.server.MinecraftServer/]: ThreadedAnvilChunkStorage (DIM-1): All chunks are saved
[05Dec2025 01:05:57.314] [Server thread/INFO] [net.minecraft.server.MinecraftServer/]: ThreadedAnvilChunkStorage (cursed_spirit_manipulation_dimension): All chunks are saved
[05Dec2025 01:05:57.315] [Server thread/INFO] [net.minecraft.server.MinecraftServer/]: ThreadedAnvilChunkStorage: All dimensions are saved
[05Dec2025 01:05:57.356] [Server thread/INFO] [Framework/]: Unloading server configs...
[05Dec2025 01:05:57.357] [Server thread/INFO] [Framework/]: Finished unloading server configs
